 0.9999999E-12    39
 2.0983379 1.4517215
 2.0950599 1.4532589
 2.0930562 1.4550898
 2.0916917 1.4582474
 2.0915763 1.4584581
 2.0897951 1.4618263
 2.0893564 1.4651946
 2.0883234 1.4656425
 2.0849552 1.4663659
 2.0834267 1.4685628
 2.0836663 1.4719311
 2.0832269 1.4752995
 2.0849552 1.4781148
 2.0883234 1.4786366
 2.0890453 1.4786677
 2.0916917 1.4791927
 2.0927026 1.4786677
 2.0950599 1.4773355
 2.0963964 1.4752995
 2.0973415 1.4719311
 2.0984282 1.4717072
 2.1017964 1.4703186
 2.1031063 1.4685628
 2.1017964 1.4652498
 2.1017923 1.4651946
 2.1017964 1.4651842
 2.1051648 1.4637686
 2.1085329 1.4620020
 2.1087086 1.4618263
 2.1085329 1.4601094
 2.1085017 1.4584581
 2.1085329 1.4579008
 2.1092427 1.4550898
 2.1085329 1.4537220
 2.1057169 1.4517215
 2.1051648 1.4514819
 2.1017964 1.4510461
 2.0984282 1.4516619
 2.0983379 1.4517215
 0.9999999E-12    77
 1.8795673 1.4685628
 1.8799173 1.4719311
 1.8794911 1.4730417
 1.8761228 1.4738164
 1.8727545 1.4746215
 1.8712381 1.4752995
 1.8693862 1.4761524
 1.8675860 1.4786677
 1.8660179 1.4815619
 1.8653338 1.4820360
 1.8626497 1.4834254
 1.8609205 1.4854043
 1.8596951 1.4887725
 1.8592814 1.4892071
 1.8559132 1.4907550
 1.8544562 1.4921408
 1.8529812 1.4955090
 1.8525449 1.4957581
 1.8491766 1.4958831
 1.8458084 1.4980969
 1.8452079 1.4988773
 1.8458084 1.5000609
 1.8460158 1.5022455
 1.8458084 1.5026468
 1.8424401 1.5035257
 1.8390719 1.5053096
 1.8387678 1.5056138
 1.8390719 1.5067708
 1.8391765 1.5089821
 1.8390719 1.5093784
 1.8357036 1.5111717
 1.8323354 1.5118196
 1.8312492 1.5123503
 1.8289671 1.5131884
 1.8267299 1.5157186
 1.8267492 1.5190868
 1.8289671 1.5215945
 1.8313535 1.5224551
 1.8323354 1.5229309
 1.8357036 1.5236042
 1.8390719 1.5229251
 1.8401679 1.5224551
 1.8424112 1.5190868
 1.8424401 1.5189960
 1.8458041 1.5157186
 1.8458084 1.5157175
 1.8491766 1.5147345
 1.8504622 1.5123503
 1.8517076 1.5089821
 1.8525449 1.5086771
 1.8559132 1.5087094
 1.8592814 1.5068213
 1.8609958 1.5056138
 1.8626497 1.5026566
 1.8628885 1.5022455
 1.8660179 1.5007846
 1.8693260 1.4988773
 1.8693862 1.4979404
 1.8695600 1.4955090
 1.8727545 1.4930025
 1.8748696 1.4921408
 1.8761228 1.4903340
 1.8765987 1.4887725
 1.8789538 1.4854043
 1.8794911 1.4851407
 1.8828593 1.4833685
 1.8835104 1.4820360
 1.8852247 1.4786677
 1.8862276 1.4782902
 1.8895959 1.4778785
 1.8911340 1.4752995
 1.8911459 1.4719311
 1.8908359 1.4685628
 1.8895959 1.4666342
 1.8862276 1.4660811
 1.8828593 1.4657068
 1.8795673 1.4685628
 0.9999999E-12    11
 2.1556642 1.4685628
 2.1536860 1.4719311
 2.1542256 1.4752995
 2.1556888 1.4767365
 2.1590569 1.4770780
 2.1614580 1.4752995
 2.1618865 1.4719311
 2.1599393 1.4685628
 2.1590569 1.4680684
 2.1556888 1.4685426
 2.1556642 1.4685628
 0.9999999E-12    51
 1.9494103 1.4786677
 1.9468563 1.4800962
 1.9434880 1.4800512
 1.9407104 1.4820360
 1.9401886 1.4854043
 1.9402452 1.4887725
 1.9401197 1.4891065
 1.9367515 1.4915982
 1.9362855 1.4921408
 1.9345033 1.4955090
 1.9333832 1.4959717
 1.9319018 1.4955090
 1.9300150 1.4937985
 1.9280926 1.4955090
 1.9266467 1.4959977
 1.9232785 1.4956446
 1.9200413 1.4988773
 1.9205185 1.5022455
 1.9199102 1.5050304
 1.9193654 1.5056138
 1.9199102 1.5062585
 1.9210292 1.5089821
 1.9223467 1.5123503
 1.9232785 1.5134585
 1.9266467 1.5143815
 1.9296805 1.5123503
 1.9300150 1.5121590
 1.9325172 1.5089821
 1.9333832 1.5085772
 1.9361095 1.5089821
 1.9367515 1.5094843
 1.9372537 1.5089821
 1.9390361 1.5056138
 1.9393595 1.5022455
 1.9401197 1.4997882
 1.9434880 1.5004872
 1.9468563 1.4991781
 1.9476402 1.4988773
 1.9502245 1.4963608
 1.9505553 1.4955090
 1.9532468 1.4921408
 1.9535928 1.4915516
 1.9569612 1.4892299
 1.9571887 1.4887725
 1.9579769 1.4854043
 1.9579816 1.4820360
 1.9572343 1.4786677
 1.9569612 1.4780946
 1.9535928 1.4757408
 1.9502245 1.4772128
 1.9494103 1.4786677
 0.9999999E-12    17
 1.8754184 1.4988773
 1.8741487 1.5022455
 1.8734200 1.5056138
 1.8739129 1.5089821
 1.8745283 1.5123503
 1.8761228 1.5140525
 1.8794911 1.5144006
 1.8821024 1.5123503
 1.8826934 1.5089821
 1.8828593 1.5076385
 1.8833245 1.5056138
 1.8828593 1.5045658
 1.8823637 1.5022455
 1.8812693 1.4988773
 1.8794911 1.4977807
 1.8761228 1.4982533
 1.8754184 1.4988773
 0.9999999E-12    19
 1.7806404 1.5123503
 1.7784431 1.5141702
 1.7778591 1.5157186
 1.7778727 1.5190868
 1.7784431 1.5206752
 1.7803141 1.5224551
 1.7818114 1.5229758
 1.7851796 1.5237380
 1.7885479 1.5228020
 1.7893279 1.5224551
 1.7919161 1.5215427
 1.7939383 1.5190868
 1.7939142 1.5157186
 1.7919161 1.5133024
 1.7891139 1.5123503
 1.7885479 1.5121026
 1.7851796 1.5111140
 1.7818114 1.5119592
 1.7806404 1.5123503
 0.9999999E-12    47
 1.9020810 1.5123503
 1.9003910 1.5157186
 1.9003805 1.5190868
 1.9022659 1.5224551
 1.9014524 1.5258234
 1.8997006 1.5261621
 1.8963640 1.5258234
 1.8963324 1.5258065
 1.8963114 1.5258234
 1.8929641 1.5290521
 1.8928506 1.5291916
 1.8929641 1.5293638
 1.8933060 1.5325599
 1.8929641 1.5332032
 1.8895959 1.5336922
 1.8870828 1.5359281
 1.8869191 1.5392964
 1.8867347 1.5426646
 1.8895959 1.5456119
 1.8929641 1.5455389
 1.8963324 1.5459722
 1.8997006 1.5444382
 1.9023434 1.5426646
 1.9030689 1.5420345
 1.9049269 1.5392964
 1.9064372 1.5381626
 1.9098054 1.5372697
 1.9106481 1.5359281
 1.9111425 1.5325599
 1.9108309 1.5291916
 1.9098054 1.5275183
 1.9064372 1.5266582
 1.9043641 1.5258234
 1.9064372 1.5242012
 1.9098054 1.5252612
 1.9131737 1.5241934
 1.9165419 1.5239537
 1.9180404 1.5224551
 1.9189214 1.5190868
 1.9189972 1.5157186
 1.9183673 1.5123503
 1.9165419 1.5107862
 1.9131737 1.5104663
 1.9098054 1.5099889
 1.9064372 1.5106775
 1.9030689 1.5117097
 1.9020810 1.5123503
 0.9999999E-12    33
 2.1890626 1.5258234
 2.1860030 1.5262831
 2.1826348 1.5259159
 2.1792665 1.5290728
 2.1791682 1.5291916
 2.1792665 1.5293597
 2.1795654 1.5325599
 2.1792665 1.5330169
 2.1758983 1.5329908
 2.1725342 1.5359281
 2.1729140 1.5392964
 2.1725299 1.5424900
 2.1724131 1.5426646
 2.1725299 1.5428354
 2.1753123 1.5460329
 2.1758983 1.5464507
 2.1770897 1.5460329
 2.1792665 1.5458707
 2.1809747 1.5460329
 2.1826348 1.5467095
 2.1834431 1.5460329
 2.1860030 1.5444816
 2.1885796 1.5426646
 2.1893713 1.5417268
 2.1908681 1.5392964
 2.1927395 1.5370007
 2.1946182 1.5359281
 2.1957853 1.5325599
 2.1948853 1.5291916
 2.1927395 1.5278981
 2.1895938 1.5258234
 2.1893713 1.5256205
 2.1890626 1.5258234
 0.9999999E-12    19
 1.7621018 1.5426646
 1.7616018 1.5432109
 1.7588124 1.5460329
 1.7588997 1.5494012
 1.7616018 1.5517710
 1.7626468 1.5527694
 1.7649701 1.5546397
 1.7683383 1.5547236
 1.7717066 1.5548241
 1.7750711 1.5527694
 1.7750748 1.5527579
 1.7761807 1.5494012
 1.7754284 1.5460329
 1.7759683 1.5426646
 1.7750748 1.5417712
 1.7717066 1.5402846
 1.7683383 1.5402116
 1.7649701 1.5404936
 1.7621018 1.5426646
 0.9999999E-12    65
 1.9694746 1.5494012
 1.9670659 1.5502450
 1.9637846 1.5527694
 1.9636977 1.5528919
 1.9617360 1.5561378
 1.9603294 1.5573230
 1.9572374 1.5595061
 1.9569612 1.5598754
 1.9552693 1.5628743
 1.9535928 1.5645401
 1.9508802 1.5662426
 1.9502245 1.5678003
 1.9495057 1.5696108
 1.9468563 1.5718515
 1.9449086 1.5729791
 1.9434880 1.5748982
 1.9427307 1.5763474
 1.9401560 1.5797156
 1.9401197 1.5797465
 1.9367515 1.5820901
 1.9360932 1.5830839
 1.9342891 1.5864521
 1.9333832 1.5872509
 1.9300150 1.5893393
 1.9296229 1.5898204
 1.9282334 1.5931886
 1.9271128 1.5965569
 1.9277731 1.5999252
 1.9280293 1.6032934
 1.9300150 1.6052945
 1.9333832 1.6053845
 1.9367515 1.6045845
 1.9375609 1.6032934
 1.9383012 1.5999252
 1.9401197 1.5978770
 1.9434880 1.5968667
 1.9437978 1.5965569
 1.9450599 1.5931886
 1.9467280 1.5898204
 1.9468563 1.5897483
 1.9502245 1.5894319
 1.9517739 1.5864521
 1.9527946 1.5830839
 1.9535928 1.5825040
 1.9569612 1.5821100
 1.9583879 1.5797156
 1.9592428 1.5763474
 1.9603294 1.5752801
 1.9636977 1.5748121
 1.9648633 1.5729791
 1.9658984 1.5696108
 1.9670659 1.5679204
 1.9704342 1.5673842
 1.9715434 1.5662426
 1.9723043 1.5628743
 1.9738024 1.5609945
 1.9771707 1.5595649
 1.9772595 1.5595061
 1.9791069 1.5561378
 1.9791209 1.5527694
 1.9771707 1.5499644
 1.9738024 1.5496482
 1.9718280 1.5494012
 1.9704342 1.5488684
 1.9694746 1.5494012
 0.9999999E-12   145
 1.7567860 1.5931886
 1.7548653 1.5938421
 1.7514970 1.5945103
 1.7502091 1.5965569
 1.7490356 1.5999252
 1.7481288 1.6004448
 1.7463118 1.5999252
 1.7447605 1.5986639
 1.7433345 1.5999252
 1.7413923 1.6006389
 1.7380240 1.5999724
 1.7347673 1.6032934
 1.7346557 1.6034148
 1.7318062 1.6066617
 1.7312875 1.6069456
 1.7279192 1.6077342
 1.7245510 1.6074846
 1.7211827 1.6081055
 1.7178144 1.6085274
 1.7163119 1.6100299
 1.7154963 1.6133982
 1.7144461 1.6154482
 1.7110778 1.6144414
 1.7077096 1.6163526
 1.7043413 1.6156541
 1.7032290 1.6167665
 1.7019806 1.6201347
 1.7013049 1.6235030
 1.7009730 1.6236978
 1.7002577 1.6235030
 1.6976048 1.6214241
 1.6951368 1.6235030
 1.6942365 1.6237886
 1.6925814 1.6235030
 1.6908683 1.6222284
 1.6895208 1.6235030
 1.6875000 1.6253307
 1.6846863 1.6268712
 1.6841317 1.6271029
 1.6818393 1.6302395
 1.6807635 1.6308824
 1.6777105 1.6302395
 1.6773952 1.6299345
 1.6770903 1.6302395
 1.6751575 1.6336077
 1.6747404 1.6369761
 1.6740270 1.6390982
 1.6706587 1.6397113
 1.6700256 1.6403444
 1.6687152 1.6437126
 1.6672904 1.6462077
 1.6639222 1.6444091
 1.6605539 1.6445760
 1.6571857 1.6444106
 1.6538174 1.6462488
 1.6529853 1.6470809
 1.6524001 1.6504492
 1.6538174 1.6535565
 1.6538355 1.6538174
 1.6538174 1.6540133
 1.6521435 1.6571857
 1.6538174 1.6588596
 1.6571857 1.6599834
 1.6605539 1.6600602
 1.6639222 1.6599860
 1.6672904 1.6588531
 1.6689578 1.6571857
 1.6672904 1.6538769
 1.6672853 1.6538174
 1.6672904 1.6537342
 1.6702708 1.6504492
 1.6706587 1.6502014
 1.6740270 1.6501865
 1.6773952 1.6503466
 1.6797849 1.6470809
 1.6803961 1.6437126
 1.6807635 1.6435393
 1.6814642 1.6437126
 1.6841317 1.6457168
 1.6866840 1.6437126
 1.6875000 1.6434562
 1.6903557 1.6437126
 1.6908683 1.6448662
 1.6911726 1.6437126
 1.6939936 1.6403444
 1.6937435 1.6369761
 1.6942365 1.6365159
 1.6956528 1.6369761
 1.6976048 1.6387900
 1.6995485 1.6369761
 1.7009730 1.6365035
 1.7039223 1.6369761
 1.7043413 1.6373410
 1.7047263 1.6369761
 1.7077096 1.6340810
 1.7081589 1.6336077
 1.7077096 1.6331149
 1.7072284 1.6302395
 1.7077096 1.6295191
 1.7110778 1.6295397
 1.7144461 1.6294134
 1.7178144 1.6290052
 1.7211217 1.6268712
 1.7208403 1.6235030
 1.7211827 1.6226014
 1.7245510 1.6225522
 1.7279192 1.6220478
 1.7312875 1.6224065
 1.7346557 1.6217184
 1.7380240 1.6212027
 1.7396504 1.6201347
 1.7410662 1.6167665
 1.7413923 1.6150728
 1.7447605 1.6153915
 1.7481288 1.6138980
 1.7514970 1.6149623
 1.7542405 1.6133982
 1.7548653 1.6132200
 1.7553799 1.6133982
 1.7576762 1.6167665
 1.7582335 1.6180098
 1.7616018 1.6199995
 1.7649701 1.6201193
 1.7677671 1.6167665
 1.7678823 1.6133982
 1.7680111 1.6100299
 1.7680821 1.6066617
 1.7683383 1.6065322
 1.7717066 1.6065370
 1.7750748 1.6042120
 1.7758092 1.6032934
 1.7750748 1.6021513
 1.7748160 1.5999252
 1.7750748 1.5977229
 1.7758273 1.5965569
 1.7750748 1.5955957
 1.7717066 1.5932398
 1.7683383 1.5933592
 1.7673815 1.5931886
 1.7649701 1.5917877
 1.7627994 1.5931886
 1.7616018 1.5934299
 1.7601677 1.5931886
 1.7582335 1.5920221
 1.7567860 1.5931886
 0.9999999E-12    33
 2.2084706 1.5931886
 2.2062125 1.5936993
 2.2028444 1.5933555
 2.1995773 1.5965569
 2.1998818 1.5999252
 2.1994760 1.6005454
 2.1961079 1.6004792
 2.1930010 1.6032934
 2.1932244 1.6066617
 2.1927395 1.6095799
 2.1923976 1.6100299
 2.1927395 1.6106126
 2.1935318 1.6133982
 2.1947541 1.6167665
 2.1961079 1.6185079
 2.1994760 1.6191249
 2.2022693 1.6167665
 2.2028444 1.6160512
 2.2047236 1.6133982
 2.2062125 1.6118165
 2.2088010 1.6100299
 2.2095809 1.6093625
 2.2114637 1.6066617
 2.2129490 1.6055907
 2.2163174 1.6046712
 2.2171748 1.6032934
 2.2176859 1.5999252
 2.2171867 1.5965569
 2.2163174 1.5951512
 2.2129490 1.5942377
 2.2105455 1.5931886
 2.2095809 1.5923165
 2.2084706 1.5931886
 0.9999999E-12    33
 2.3956361 1.6032934
 2.3948355 1.6036543
 2.3923674 1.6066617
 2.3914671 1.6078910
 2.3880987 1.6092786
 2.3847306 1.6093825
 2.3836043 1.6100299
 2.3813622 1.6109117
 2.3788133 1.6133982
 2.3787646 1.6167665
 2.3813622 1.6194189
 2.3830955 1.6201347
 2.3847306 1.6210433
 2.3880987 1.6212559
 2.3914671 1.6214308
 2.3948355 1.6206323
 2.3959210 1.6201347
 2.3982036 1.6192689
 2.4002438 1.6167665
 2.4015720 1.6144478
 2.4049401 1.6136310
 2.4058759 1.6133982
 2.4083085 1.6130562
 2.4116766 1.6119810
 2.4136384 1.6100299
 2.4138868 1.6066617
 2.4116766 1.6037805
 2.4106321 1.6032934
 2.4083085 1.6021953
 2.4049401 1.6016481
 2.4015720 1.6016567
 2.3982036 1.6020545
 2.3956361 1.6032934
 0.9999999E-12    21
 1.6153629 1.6066617
 1.6133982 1.6078436
 1.6100299 1.6085327
 1.6077721 1.6100299
 1.6070238 1.6133982
 1.6070228 1.6167665
 1.6078076 1.6201347
 1.6100299 1.6216110
 1.6133982 1.6220802
 1.6167665 1.6225959
 1.6201347 1.6218773
 1.6235030 1.6217090
 1.6250772 1.6201347
 1.6259536 1.6167665
 1.6260400 1.6133982
 1.6256495 1.6100299
 1.6235030 1.6067861
 1.6233917 1.6066617
 1.6201347 1.6033790
 1.6167665 1.6041662
 1.6153629 1.6066617
 0.9999999E-12    19
 1.6487132 1.6100299
 1.6477786 1.6133982
 1.6477478 1.6167665
 1.6489512 1.6201347
 1.6504492 1.6211755
 1.6538174 1.6215664
 1.6571857 1.6222892
 1.6605539 1.6208676
 1.6639222 1.6210471
 1.6652243 1.6201347
 1.6665298 1.6167665
 1.6664829 1.6133982
 1.6655067 1.6100299
 1.6639222 1.6089565
 1.6605539 1.6088442
 1.6571857 1.6077994
 1.6538174 1.6083219
 1.6504492 1.6088483
 1.6487132 1.6100299
 0.9999999E-12    29
 2.7176459 1.6100299
 2.7148204 1.6105992
 2.7114830 1.6133982
 2.7115200 1.6167665
 2.7114522 1.6170195
 2.7080839 1.6193285
 2.7069330 1.6201347
 2.7056036 1.6235030
 2.7063918 1.6268712
 2.7080839 1.6281475
 2.7114522 1.6280359
 2.7128353 1.6268712
 2.7141197 1.6235030
 2.7148204 1.6227454
 2.7181888 1.6231298
 2.7215569 1.6231824
 2.7249253 1.6230575
 2.7282934 1.6226027
 2.7316618 1.6204433
 2.7321074 1.6201347
 2.7340305 1.6167665
 2.7334263 1.6133982
 2.7316618 1.6119541
 2.7282934 1.6103480
 2.7249253 1.6100595
 2.7243073 1.6100299
 2.7215569 1.6095594
 2.7181888 1.6097603
 2.7176459 1.6100299
 0.9999999E-12    29
 2.3114176 1.6268712
 2.3106287 1.6278518
 2.3094597 1.6302395
 2.3072605 1.6330197
 2.3058906 1.6336077
 2.3038921 1.6364474
 2.3037117 1.6369761
 2.3038921 1.6379919
 2.3042912 1.6403444
 2.3072605 1.6421320
 2.3106287 1.6429805
 2.3139970 1.6424060
 2.3173654 1.6410950
 2.3180339 1.6403444
 2.3195207 1.6369761
 2.3207335 1.6360972
 2.3241019 1.6367029
 2.3274701 1.6354032
 2.3308368 1.6336077
 2.3308384 1.6336057
 2.3323917 1.6302395
 2.3313210 1.6268712
 2.3308384 1.6263827
 2.3274701 1.6248217
 2.3241019 1.6235894
 2.3207335 1.6242709
 2.3173654 1.6236638
 2.3139970 1.6254085
 2.3114176 1.6268712
 0.9999999E-12    21
 2.5059879 1.6268712
 2.5064824 1.6302395
 2.5059881 1.6318434
 2.5032153 1.6336077
 2.5026197 1.6342034
 2.5008976 1.6369761
 2.5011864 1.6403444
 2.5026197 1.6419870
 2.5059881 1.6425037
 2.5088158 1.6403444
 2.5093563 1.6395911
 2.5112445 1.6369761
 2.5127246 1.6365308
 2.5160928 1.6366227
 2.5179398 1.6336077
 2.5181346 1.6302395
 2.5177736 1.6268712
 2.5160928 1.6241839
 2.5127246 1.6242291
 2.5093563 1.6236924
 2.5059881 1.6268710
 0.9999999E-12    25
 2.7940061 1.6302395
 2.7922904 1.6328436
 2.7889221 1.6327612
 2.7868590 1.6336077
 2.7855539 1.6339588
 2.7821856 1.6349871
 2.7804871 1.6369761
 2.7803378 1.6403444
 2.7821856 1.6428878
 2.7840438 1.6437126
 2.7855539 1.6443837
 2.7889221 1.6452293
 2.7922904 1.6450950
 2.7956588 1.6449485
 2.7979414 1.6437126
 2.7990270 1.6432304
 2.8018429 1.6403444
 2.8023953 1.6373575
 2.8025289 1.6369761
 2.8025270 1.6336077
 2.8023953 1.6332067
 2.8018703 1.6302395
 2.7990270 1.6274137
 2.7956588 1.6278472
 2.7940061 1.6302395
 0.9999999E-12    19
 1.5802970 1.6470809
 1.5797156 1.6488796
 1.5790874 1.6504492
 1.5797156 1.6519070
 1.5798500 1.6538174
 1.5797156 1.6557921
 1.5791264 1.6571857
 1.5797156 1.6577748
 1.5830839 1.6595256
 1.5864521 1.6595809
 1.5898204 1.6590672
 1.5917019 1.6571857
 1.5922335 1.6538174
 1.5922202 1.6504492
 1.5912061 1.6470809
 1.5898204 1.6456951
 1.5864521 1.6456982
 1.5830839 1.6452031
 1.5802970 1.6470809
 0.9999999E-12    33
 1.6893880 1.6504492
 1.6876717 1.6538174
 1.6875000 1.6538990
 1.6867180 1.6538174
 1.6841317 1.6524024
 1.6827167 1.6538174
 1.6815476 1.6571857
 1.6814159 1.6605539
 1.6818049 1.6639222
 1.6835356 1.6672904
 1.6841317 1.6678866
 1.6847465 1.6672904
 1.6875000 1.6666750
 1.6889738 1.6672904
 1.6908683 1.6691537
 1.6927930 1.6672904
 1.6942365 1.6667066
 1.6975574 1.6672904
 1.6976048 1.6673344
 1.6976502 1.6672904
 1.7009730 1.6640837
 1.7011298 1.6639222
 1.7009730 1.6637354
 1.7004954 1.6605539
 1.7009730 1.6582940
 1.7019484 1.6571857
 1.7009730 1.6556373
 1.7005365 1.6538174
 1.6999718 1.6504492
 1.6976048 1.6471490
 1.6942365 1.6472719
 1.6908683 1.6476573
 1.6893880 1.6504492
 0.9999999E-12    93
 1.7768694 1.6538174
 1.7750748 1.6539222
 1.7717066 1.6546135
 1.7702612 1.6571857
 1.7700189 1.6605539
 1.7683383 1.6621801
 1.7649701 1.6619058
 1.7616018 1.6627614
 1.7598361 1.6639222
 1.7582335 1.6652353
 1.7565799 1.6672904
 1.7548653 1.6678482
 1.7514970 1.6673495
 1.7481288 1.6706076
 1.7480215 1.6706587
 1.7452903 1.6740270
 1.7456256 1.6773952
 1.7481288 1.6792873
 1.7487258 1.6807635
 1.7481744 1.6841317
 1.7481288 1.6841619
 1.7447605 1.6844422
 1.7432024 1.6875000
 1.7432576 1.6908683
 1.7439173 1.6942365
 1.7447605 1.6950796
 1.7481288 1.6961470
 1.7514970 1.6960421
 1.7544410 1.6942365
 1.7545353 1.6908683
 1.7548653 1.6902454
 1.7582335 1.6900334
 1.7616018 1.6897467
 1.7649701 1.6900059
 1.7683383 1.6898552
 1.7700070 1.6908683
 1.7703387 1.6942365
 1.7717066 1.6956044
 1.7750748 1.6965456
 1.7784431 1.6968862
 1.7818114 1.6968378
 1.7851796 1.6967993
 1.7885479 1.6966635
 1.7919161 1.6961007
 1.7952127 1.6942365
 1.7951862 1.6908683
 1.7952845 1.6890661
 1.7957020 1.6875000
 1.7952845 1.6866001
 1.7932866 1.6841317
 1.7919161 1.6834235
 1.7885479 1.6825033
 1.7851796 1.6821065
 1.7818114 1.6817998
 1.7804332 1.6807635
 1.7784431 1.6782292
 1.7775912 1.6773952
 1.7750748 1.6756332
 1.7717066 1.6747655
 1.7683383 1.6745160
 1.7674176 1.6740270
 1.7683383 1.6728603
 1.7717066 1.6714259
 1.7725960 1.6706587
 1.7737596 1.6672904
 1.7750748 1.6663990
 1.7784431 1.6660593
 1.7818114 1.6641616
 1.7837772 1.6672904
 1.7833935 1.6706587
 1.7851796 1.6733028
 1.7885479 1.6738200
 1.7919161 1.6739998
 1.7952845 1.6726309
 1.7967541 1.6706587
 1.7952845 1.6675363
 1.7952622 1.6672904
 1.7952845 1.6670437
 1.7967515 1.6639222
 1.7952845 1.6619338
 1.7920109 1.6605539
 1.7919161 1.6605026
 1.7917393 1.6605539
 1.7885479 1.6607378
 1.7851796 1.6612145
 1.7818114 1.6633511
 1.7816036 1.6605539
 1.7818114 1.6582102
 1.7822855 1.6571857
 1.7818114 1.6563959
 1.7791072 1.6538174
 1.7784431 1.6534265
 1.7768694 1.6538174
 0.9999999E-12    63
 2.0242817 1.6538174
 2.0224090 1.6571857
 2.0214367 1.6605539
 2.0209582 1.6608189
 2.0198588 1.6605539
 2.0175898 1.6587583
 2.0154080 1.6605539
 2.0142217 1.6609092
 2.0131068 1.6605539
 2.0108533 1.6586791
 2.0087059 1.6605539
 2.0074852 1.6609238
 2.0049155 1.6605539
 2.0041168 1.6599424
 2.0035055 1.6605539
 2.0017958 1.6639222
 2.0014322 1.6672904
 2.0014186 1.6706587
 2.0015638 1.6740270
 2.0007486 1.6764927
 1.9973803 1.6771199
 1.9971048 1.6773952
 1.9956696 1.6807635
 1.9957500 1.6841317
 1.9973803 1.6871761
 2.0007486 1.6873475
 2.0036137 1.6875000
 2.0041168 1.6876103
 2.0042727 1.6875000
 2.0066090 1.6841317
 2.0072093 1.6807635
 2.0074852 1.6806060
 2.0095112 1.6807635
 2.0108533 1.6812700
 2.0114768 1.6807635
 2.0140226 1.6773952
 2.0139105 1.6740270
 2.0142217 1.6736944
 2.0154953 1.6740270
 2.0175898 1.6757214
 2.0195704 1.6740270
 2.0209582 1.6736621
 2.0226061 1.6740270
 2.0243263 1.6754596
 2.0259883 1.6740270
 2.0276947 1.6733739
 2.0310628 1.6731002
 2.0335829 1.6706587
 2.0335851 1.6672904
 2.0344312 1.6659817
 2.0373793 1.6639222
 2.0377994 1.6632284
 2.0393693 1.6605539
 2.0389097 1.6571857
 2.0377994 1.6559260
 2.0344312 1.6544483
 2.0329843 1.6538174
 2.0310628 1.6525789
 2.0288153 1.6538174
 2.0276947 1.6539937
 2.0244756 1.6538174
 2.0243263 1.6537727
 2.0242817 1.6538174
 0.9999999E-12    19
 2.3928607 1.6571857
 2.3916721 1.6605539
 2.3914671 1.6609042
 2.3880987 1.6632525
 2.3870151 1.6639222
 2.3854148 1.6672904
 2.3860269 1.6706587
 2.3880987 1.6721561
 2.3914671 1.6729044
 2.3948355 1.6726695
 2.3982036 1.6718780
 2.3995383 1.6706587
 2.4004688 1.6672904
 2.4010115 1.6639222
 2.4004765 1.6605539
 2.3995569 1.6571857
 2.3982036 1.6559633
 2.3948355 1.6557040
 2.3928607 1.6571857
 0.9999999E-12    33
 2.2497342 1.6605539
 2.2466319 1.6615243
 2.2432635 1.6609396
 2.2398953 1.6622707
 2.2369213 1.6639222
 2.2365270 1.6645614
 2.2353876 1.6672904
 2.2346263 1.6706587
 2.2350237 1.6740270
 2.2361014 1.6773952
 2.2365270 1.6779025
 2.2398953 1.6792012
 2.2426558 1.6773952
 2.2432635 1.6766785
 2.2448566 1.6740270
 2.2466319 1.6731596
 2.2495563 1.6740270
 2.2500000 1.6744105
 2.2504303 1.6740270
 2.2533684 1.6730629
 2.2567365 1.6736736
 2.2601049 1.6717898
 2.2623479 1.6706587
 2.2634730 1.6680437
 2.2636919 1.6672904
 2.2634730 1.6666197
 2.2619543 1.6639222
 2.2601049 1.6630498
 2.2567365 1.6610224
 2.2533684 1.6616410
 2.2502589 1.6605539
 2.2500000 1.6603131
 2.2497342 1.6605539
 0.9999999E-12    23
 2.7521470 1.6740270
 2.7520363 1.6773952
 2.7518713 1.6778816
 2.7485030 1.6788480
 2.7451348 1.6788316
 2.7417665 1.6795702
 2.7403021 1.6807635
 2.7394834 1.6841317
 2.7413411 1.6875000
 2.7417665 1.6877995
 2.7451348 1.6888520
 2.7485030 1.6888386
 2.7518713 1.6877998
 2.7522860 1.6875000
 2.7541137 1.6841317
 2.7552395 1.6827123
 2.7586079 1.6819544
 2.7608862 1.6807635
 2.7617450 1.6773952
 2.7618759 1.6740270
 2.7586079 1.6710166
 2.7552395 1.6709715
 2.7521470 1.6740270
 0.9999999E-12    55
 1.8412192 1.6773952
 1.8395491 1.6807635
 1.8390719 1.6814208
 1.8357036 1.6824538
 1.8323354 1.6835359
 1.8289671 1.6834414
 1.8255988 1.6830317
 1.8222306 1.6828636
 1.8188623 1.6837701
 1.8182620 1.6841317
 1.8154941 1.6853794
 1.8133698 1.6875000
 1.8121258 1.6897187
 1.8113765 1.6908683
 1.8098480 1.6942365
 1.8096341 1.6976048
 1.8087575 1.6987025
 1.8056113 1.7009730
 1.8056618 1.7043413
 1.8054469 1.7077096
 1.8087575 1.7104360
 1.8103138 1.7110778
 1.8121258 1.7122909
 1.8154941 1.7128978
 1.8188623 1.7124186
 1.8222306 1.7116289
 1.8227816 1.7110778
 1.8246199 1.7077096
 1.8255715 1.7043413
 1.8255988 1.7043271
 1.8289671 1.7042031
 1.8312515 1.7009730
 1.8310024 1.6976048
 1.8323354 1.6959441
 1.8357036 1.6965812
 1.8390719 1.6967901
 1.8424401 1.6968355
 1.8458084 1.6964457
 1.8491766 1.6954418
 1.8503820 1.6942365
 1.8507825 1.6908683
 1.8525449 1.6898133
 1.8559132 1.6895760
 1.8583831 1.6875000
 1.8592814 1.6863064
 1.8616520 1.6841317
 1.8617518 1.6807635
 1.8592814 1.6781689
 1.8587673 1.6773952
 1.8559132 1.6750927
 1.8525449 1.6747626
 1.8491766 1.6746905
 1.8458084 1.6751196
 1.8424401 1.6767014
 1.8412192 1.6773952
 0.9999999E-12    35
 2.1995504 1.6773952
 2.1994760 1.6774193
 2.1961079 1.6787443
 2.1946568 1.6807635
 2.1934199 1.6841317
 2.1927395 1.6847328
 2.1893713 1.6848032
 2.1860030 1.6851107
 2.1826348 1.6859280
 2.1812401 1.6875000
 2.1809235 1.6908683
 2.1826348 1.6934116
 2.1855333 1.6942365
 2.1860030 1.6943818
 2.1893713 1.6947045
 2.1927395 1.6943638
 2.1961079 1.6947110
 2.1975329 1.6942365
 2.1994760 1.6938245
 2.2022717 1.6908683
 2.2028444 1.6900707
 2.2062125 1.6881192
 2.2095809 1.6889602
 2.2124751 1.6875000
 2.2129490 1.6873857
 2.2163174 1.6863332
 2.2173615 1.6841317
 2.2173779 1.6807635
 2.2163174 1.6782845
 2.2141702 1.6773952
 2.2129490 1.6771064
 2.2095809 1.6757461
 2.2062125 1.6762503
 2.2028444 1.6761804
 2.1995504 1.6773952
 0.9999999E-12    33
 1.5808630 1.6841317
 1.5797156 1.6859974
 1.5787674 1.6875000
 1.5763474 1.6897613
 1.5750146 1.6908683
 1.5729791 1.6926942
 1.5716753 1.6942365
 1.5729791 1.6958519
 1.5732300 1.6976048
 1.5729791 1.6993767
 1.5716933 1.7009730
 1.5729791 1.7024574
 1.5751437 1.7043413
 1.5763474 1.7053634
 1.5778155 1.7043413
 1.5797156 1.7040777
 1.5811503 1.7043413
 1.5830839 1.7057956
 1.5846494 1.7043413
 1.5864521 1.7032218
 1.5898204 1.7021371
 1.5905446 1.7009730
 1.5910275 1.6976048
 1.5930986 1.6942365
 1.5931886 1.6940492
 1.5961795 1.6908683
 1.5958003 1.6875000
 1.5931886 1.6856637
 1.5916560 1.6841317
 1.5898204 1.6825016
 1.5864521 1.6835573
 1.5830839 1.6824983
 1.5808630 1.6841317
 0.9999999E-12    13
 2.8066950 1.6875000
 2.8063745 1.6908683
 2.8061965 1.6942365
 2.8091319 1.6972383
 2.8125000 1.6970936
 2.8158684 1.6956627
 2.8166857 1.6942365
 2.8165922 1.6908683
 2.8160834 1.6875000
 2.8158684 1.6871634
 2.8125000 1.6856182
 2.8091319 1.6854305
 2.8066950 1.6875000
 0.9999999E-12     5
 1.5797219 1.6908683
 1.5797156 1.6908754
 1.5795979 1.6908683
 1.5797156 1.6907225
 1.5797219 1.6908683
 0.9999999E-12    19
 2.7098682 1.6942365
 2.7080839 1.6946192
 2.7055359 1.6976048
 2.7049227 1.7009730
 2.7050390 1.7043413
 2.7055683 1.7077096
 2.7080839 1.7102209
 2.7114522 1.7099155
 2.7131715 1.7077096
 2.7143278 1.7043413
 2.7148204 1.7038624
 2.7181888 1.7026223
 2.7197473 1.7009730
 2.7200909 1.6976048
 2.7181888 1.6948954
 2.7157617 1.6942365
 2.7148204 1.6939424
 2.7114522 1.6937432
 2.7098682 1.6942365
 0.9999999E-12    45
 2.1402702 1.7077096
 2.1392462 1.7110778
 2.1388474 1.7121062
 2.1354790 1.7132419
 2.1321108 1.7133094
 2.1287425 1.7129300
 2.1253743 1.7127224
 2.1220059 1.7127262
 2.1186378 1.7128900
 2.1152694 1.7143939
 2.1151488 1.7144461
 2.1120164 1.7178144
 2.1119013 1.7184094
 2.1099906 1.7211827
 2.1085329 1.7216464
 2.1051648 1.7245196
 2.1051471 1.7245510
 2.1051648 1.7246333
 2.1053307 1.7279192
 2.1056554 1.7312875
 2.1085329 1.7328626
 2.1119013 1.7328010
 2.1144733 1.7312875
 2.1148810 1.7279192
 2.1152694 1.7268931
 2.1186378 1.7263848
 2.1220059 1.7265426
 2.1253743 1.7265514
 2.1287425 1.7263572
 2.1321108 1.7260739
 2.1354790 1.7261169
 2.1388474 1.7256974
 2.1422155 1.7252507
 2.1435723 1.7245510
 2.1455839 1.7237298
 2.1478717 1.7211827
 2.1488686 1.7178144
 2.1489520 1.7172880
 2.1496172 1.7144461
 2.1489520 1.7125134
 2.1487923 1.7110778
 2.1478283 1.7077096
 2.1455839 1.7065808
 2.1422155 1.7066139
 2.1402702 1.7077096
 0.9999999E-12    33
 2.3187613 1.7312875
 2.3173654 1.7339275
 2.3171382 1.7346557
 2.3139970 1.7355956
 2.3106287 1.7360035
 2.3086083 1.7380240
 2.3080282 1.7413923
 2.3072605 1.7447264
 2.3038921 1.7446653
 2.3037970 1.7447605
 2.3020399 1.7481288
 2.3020210 1.7514970
 2.3036370 1.7548653
 2.3038921 1.7551204
 2.3072605 1.7552836
 2.3106287 1.7562366
 2.3137410 1.7548653
 2.3139970 1.7547753
 2.3173654 1.7530744
 2.3183672 1.7514970
 2.3201723 1.7481288
 2.3207335 1.7453437
 2.3210087 1.7447605
 2.3207335 1.7443533
 2.3203576 1.7413923
 2.3207335 1.7404784
 2.3241019 1.7382399
 2.3243012 1.7380240
 2.3253841 1.7346557
 2.3241019 1.7317443
 2.3234165 1.7312875
 2.3207335 1.7303606
 2.3187613 1.7312875
 0.9999999E-12    13
 1.9280438 1.7380240
 1.9276444 1.7413923
 1.9274966 1.7447605
 1.9300150 1.7477049
 1.9333832 1.7475491
 1.9367515 1.7472596
 1.9382453 1.7447605
 1.9385426 1.7413923
 1.9376162 1.7380240
 1.9367515 1.7366322
 1.9333832 1.7361628
 1.9300150 1.7360730
 1.9280438 1.7380240
 0.9999999E-12    69
 2.4932899 1.7380240
 2.4927435 1.7413923
 2.4925151 1.7420588
 2.4891467 1.7431021
 2.4857786 1.7444484
 2.4852684 1.7447605
 2.4824102 1.7463421
 2.4807451 1.7481288
 2.4794097 1.7514970
 2.4790421 1.7523111
 2.4775257 1.7548653
 2.4769912 1.7582335
 2.4756737 1.7584325
 2.4723055 1.7600141
 2.4710896 1.7616018
 2.4723055 1.7644008
 2.4723518 1.7649701
 2.4723055 1.7650914
 2.4689372 1.7663709
 2.4655688 1.7681590
 2.4653897 1.7683383
 2.4655688 1.7694343
 2.4656360 1.7717066
 2.4655688 1.7718803
 2.4622006 1.7737324
 2.4594474 1.7750748
 2.4588323 1.7765144
 2.4582748 1.7784431
 2.4561019 1.7818114
 2.4554641 1.7821603
 2.4521563 1.7851796
 2.4523094 1.7885479
 2.4527326 1.7919161
 2.4554641 1.7934235
 2.4588323 1.7939837
 2.4622006 1.7939820
 2.4655688 1.7934276
 2.4682732 1.7919161
 2.4686942 1.7885479
 2.4689372 1.7879723
 2.4715848 1.7851796
 2.4723055 1.7843314
 2.4745815 1.7818114
 2.4756737 1.7790973
 2.4760830 1.7784431
 2.4770904 1.7750748
 2.4785869 1.7717066
 2.4790421 1.7715800
 2.4824102 1.7709011
 2.4840724 1.7683383
 2.4847806 1.7649701
 2.4857786 1.7644877
 2.4891467 1.7638087
 2.4906619 1.7616018
 2.4905136 1.7582335
 2.4925151 1.7570568
 2.4958832 1.7560692
 2.4970872 1.7548653
 2.4975026 1.7514970
 2.4992516 1.7488943
 2.5020404 1.7481288
 2.5026197 1.7478340
 2.5039303 1.7447605
 2.5038676 1.7413923
 2.5029402 1.7380240
 2.5026197 1.7377037
 2.4992516 1.7365288
 2.4958832 1.7364979
 2.4932899 1.7380240
 0.9999999E-12    19
 2.0362010 1.7447605
 2.0354943 1.7481288
 2.0355027 1.7514970
 2.0364876 1.7548653
 2.0377994 1.7561771
 2.0411677 1.7563792
 2.0445359 1.7572391
 2.0479043 1.7566319
 2.0512724 1.7561650
 2.0532732 1.7548653
 2.0544348 1.7514970
 2.0543356 1.7481288
 2.0539119 1.7447605
 2.0512724 1.7430986
 2.0479043 1.7425468
 2.0445359 1.7422273
 2.0411677 1.7426637
 2.0377994 1.7431620
 2.0362010 1.7447605
 0.9999999E-12    61
 1.6760581 1.7514970
 1.6740270 1.7528586
 1.6709449 1.7548653
 1.6706587 1.7580370
 1.6706368 1.7582335
 1.6706587 1.7582870
 1.6740270 1.7614137
 1.6742698 1.7616018
 1.6773952 1.7644818
 1.6807635 1.7638271
 1.6838729 1.7649701
 1.6807635 1.7658993
 1.6773952 1.7656173
 1.6756974 1.7683383
 1.6751471 1.7717066
 1.6753643 1.7750748
 1.6773725 1.7784431
 1.6740270 1.7796938
 1.6706587 1.7794858
 1.6683332 1.7818114
 1.6677676 1.7851796
 1.6677388 1.7885479
 1.6681048 1.7919161
 1.6706587 1.7944702
 1.6740270 1.7946646
 1.6759046 1.7952845
 1.6768301 1.7986528
 1.6773952 1.7995585
 1.6807635 1.8004671
 1.6841317 1.8004166
 1.6859422 1.7986528
 1.6864393 1.7952845
 1.6870292 1.7919161
 1.6860981 1.7885479
 1.6849051 1.7851796
 1.6841317 1.7841474
 1.6821414 1.7818114
 1.6841317 1.7799962
 1.6855302 1.7784431
 1.6875000 1.7775342
 1.6908683 1.7758131
 1.6915342 1.7750748
 1.6922768 1.7717066
 1.6908683 1.7689055
 1.6904693 1.7683383
 1.6875000 1.7665843
 1.6843914 1.7649701
 1.6875000 1.7639816
 1.6908683 1.7636316
 1.6935843 1.7616018
 1.6936294 1.7582335
 1.6939023 1.7548653
 1.6917251 1.7514970
 1.6908683 1.7508492
 1.6875000 1.7514818
 1.6841317 1.7495894
 1.6812230 1.7514970
 1.6807635 1.7516176
 1.6797904 1.7514970
 1.6773952 1.7503624
 1.6760581 1.7514970
 0.9999999E-12    27
 1.8093299 1.7514970
 1.8087575 1.7516668
 1.8054975 1.7548653
 1.8056334 1.7582335
 1.8063395 1.7616018
 1.8087575 1.7629149
 1.8121258 1.7638794
 1.8154941 1.7641307
 1.8188623 1.7642442
 1.8222306 1.7642587
 1.8255988 1.7641683
 1.8289671 1.7641093
 1.8323354 1.7635499
 1.8357036 1.7621883
 1.8362901 1.7616018
 1.8366348 1.7582335
 1.8369347 1.7548653
 1.8357036 1.7523381
 1.8338037 1.7514970
 1.8323354 1.7510624
 1.8289671 1.7495679
 1.8255988 1.7496725
 1.8222306 1.7493583
 1.8188623 1.7494854
 1.8154941 1.7496544
 1.8121258 1.7500718
 1.8093299 1.7514970
 0.9999999E-12    77
 1.9083306 1.7514970
 1.9064372 1.7517022
 1.9030689 1.7516502
 1.9004718 1.7548653
 1.9005575 1.7582335
 1.9016384 1.7616018
 1.9030689 1.7625195
 1.9064372 1.7636021
 1.9073894 1.7649701
 1.9076632 1.7683383
 1.9098054 1.7703952
 1.9131737 1.7708265
 1.9152825 1.7717066
 1.9165419 1.7728719
 1.9178178 1.7717066
 1.9199102 1.7711678
 1.9217199 1.7717066
 1.9232785 1.7731467
 1.9247925 1.7717066
 1.9266467 1.7709801
 1.9288068 1.7717066
 1.9300150 1.7728468
 1.9312072 1.7717066
 1.9333832 1.7709566
 1.9355654 1.7717066
 1.9367515 1.7728409
 1.9379246 1.7717066
 1.9401197 1.7709357
 1.9423286 1.7717066
 1.9434880 1.7728273
 1.9446403 1.7717066
 1.9468563 1.7709175
 1.9490931 1.7717066
 1.9502245 1.7728066
 1.9513466 1.7717066
 1.9535928 1.7708497
 1.9563183 1.7717066
 1.9569612 1.7723342
 1.9575951 1.7717066
 1.9603294 1.7702157
 1.9636977 1.7697020
 1.9645660 1.7683383
 1.9655341 1.7649701
 1.9650143 1.7616018
 1.9636977 1.7595057
 1.9603294 1.7591163
 1.9582919 1.7582335
 1.9569612 1.7570591
 1.9554375 1.7582335
 1.9535928 1.7586639
 1.9521437 1.7582335
 1.9502245 1.7566779
 1.9482355 1.7582335
 1.9468563 1.7586104
 1.9454923 1.7582335
 1.9434880 1.7566622
 1.9414624 1.7582335
 1.9401197 1.7585964
 1.9387915 1.7582335
 1.9367515 1.7566472
 1.9346818 1.7582335
 1.9333832 1.7585802
 1.9320939 1.7582335
 1.9300150 1.7566376
 1.9278975 1.7582335
 1.9266467 1.7585609
 1.9256102 1.7582335
 1.9232785 1.7563987
 1.9207412 1.7582335
 1.9199102 1.7584194
 1.9193060 1.7582335
 1.9165419 1.7551947
 1.9160798 1.7548653
 1.9131737 1.7527117
 1.9105210 1.7514970
 1.9098054 1.7509693
 1.9083306 1.7514970
 0.9999999E-12    13
 1.7166284 1.7548653
 1.7166106 1.7582335
 1.7175521 1.7616018
 1.7178144 1.7618642
 1.7211827 1.7631180
 1.7245510 1.7628852
 1.7265751 1.7616018
 1.7272274 1.7582335
 1.7273668 1.7548653
 1.7245510 1.7516111
 1.7211827 1.7518352
 1.7178144 1.7526699
 1.7166284 1.7548653
 0.9999999E-12     9
 1.8815347 1.7548653
 1.8812608 1.7582335
 1.8828593 1.7606856
 1.8862276 1.7611952
 1.8891119 1.7582335
 1.8889272 1.7548653
 1.8862276 1.7527206
 1.8828593 1.7532979
 1.8815347 1.7548653
 0.9999999E-12    25
 2.6180861 1.7548653
 2.6171408 1.7558515
 2.6160820 1.7582335
 2.6137724 1.7609026
 2.6104043 1.7602268
 2.6070359 1.7608962
 2.6054454 1.7616018
 2.6036677 1.7632787
 2.6028779 1.7649701
 2.6036479 1.7683383
 2.6036677 1.7683622
 2.6070359 1.7703516
 2.6104043 1.7708824
 2.6137724 1.7701247
 2.6169240 1.7683383
 2.6171408 1.7679152
 2.6182430 1.7649701
 2.6205089 1.7630376
 2.6231933 1.7616018
 2.6238773 1.7602931
 2.6246138 1.7582335
 2.6238773 1.7561109
 2.6230278 1.7548653
 2.6205089 1.7537344
 2.6180861 1.7548653
 0.9999999E-12    27
 1.8606509 1.7582335
 1.8592814 1.7587568
 1.8559132 1.7603354
 1.8545748 1.7616018
 1.8538941 1.7649701
 1.8555446 1.7683383
 1.8559132 1.7686493
 1.8592814 1.7707478
 1.8618708 1.7717066
 1.8626497 1.7722812
 1.8634945 1.7717066
 1.8660179 1.7712891
 1.8690743 1.7717066
 1.8693862 1.7719052
 1.8696003 1.7717066
 1.8727545 1.7690229
 1.8739623 1.7683383
 1.8756210 1.7649701
 1.8750532 1.7616018
 1.8727545 1.7600112
 1.8703809 1.7582335
 1.8693862 1.7573644
 1.8671693 1.7582335
 1.8660179 1.7583269
 1.8652424 1.7582335
 1.8626497 1.7569658
 1.8606509 1.7582335
 0.9999999E-12    51
 2.5815134 1.7616018
 2.5811343 1.7649701
 2.5800898 1.7666711
 2.5767217 1.7668368
 2.5733533 1.7679268
 2.5699852 1.7669574
 2.5666168 1.7670002
 2.5632486 1.7674783
 2.5619187 1.7683383
 2.5607343 1.7717066
 2.5598803 1.7742449
 2.5565121 1.7740591
 2.5544403 1.7750748
 2.5531437 1.7754930
 2.5497754 1.7752607
 2.5464072 1.7757299
 2.5430388 1.7765522
 2.5415449 1.7784431
 2.5413895 1.7818114
 2.5430388 1.7842250
 2.5464072 1.7850950
 2.5471816 1.7851796
 2.5497754 1.7856617
 2.5531437 1.7857209
 2.5565121 1.7867298
 2.5598803 1.7861888
 2.5632486 1.7852275
 2.5632963 1.7851796
 2.5646188 1.7818114
 2.5664256 1.7784431
 2.5666168 1.7783625
 2.5674236 1.7784431
 2.5699852 1.7792482
 2.5716259 1.7784431
 2.5733533 1.7779292
 2.5748425 1.7784431
 2.5767217 1.7794347
 2.5788841 1.7784431
 2.5800898 1.7782532
 2.5834582 1.7779479
 2.5849807 1.7750748
 2.5858390 1.7717066
 2.5868263 1.7710675
 2.5901947 1.7707211
 2.5916331 1.7683383
 2.5919788 1.7649701
 2.5910532 1.7616018
 2.5901947 1.7602234
 2.5868263 1.7597218
 2.5834582 1.7596699
 2.5815134 1.7616018
 0.9999999E-12    29
 2.2900670 1.7649701
 2.2870510 1.7681433
 2.2868564 1.7683383
 2.2870510 1.7685503
 2.2876327 1.7717066
 2.2870510 1.7750163
 2.2869976 1.7750748
 2.2870510 1.7751449
 2.2890081 1.7784431
 2.2904191 1.7796353
 2.2923610 1.7784431
 2.2937875 1.7782691
 2.2952185 1.7784431
 2.2971556 1.7796310
 2.2985680 1.7784431
 2.3005240 1.7751001
 2.3005431 1.7750748
 2.3005240 1.7750539
 2.2999461 1.7717066
 2.3005240 1.7685386
 2.3007066 1.7683383
 2.3005240 1.7681552
 2.2975013 1.7649701
 2.2971556 1.7646253
 2.2968097 1.7649701
 2.2937875 1.7656811
 2.2907717 1.7649701
 2.2904191 1.7646190
 2.2900670 1.7649701
 0.9999999E-12    15
 2.1144063 1.7683383
 2.1127913 1.7717066
 2.1133869 1.7750748
 2.1152694 1.7765758
 2.1186378 1.7778174
 2.1220059 1.7780617
 2.1253743 1.7778534
 2.1286573 1.7750748
 2.1284392 1.7717066
 2.1284597 1.7683383
 2.1253743 1.7660899
 2.1220059 1.7657883
 2.1186378 1.7661123
 2.1152694 1.7677490
 2.1144063 1.7683383
 0.9999999E-12     5
 1.6826162 1.7784431
 1.6807635 1.7804698
 1.6774350 1.7784431
 1.6807635 1.7780879
 1.6826162 1.7784431
 0.9999999E-12    27
 1.7032388 1.7818114
 1.7009730 1.7828245
 1.6979852 1.7851796
 1.6978791 1.7885479
 1.7009730 1.7914386
 1.7015662 1.7919161
 1.7043413 1.7948431
 1.7046647 1.7952845
 1.7069782 1.7986528
 1.7077096 1.7990066
 1.7110778 1.8012198
 1.7144461 1.8007729
 1.7178144 1.8006954
 1.7200772 1.7986528
 1.7204065 1.7952845
 1.7205465 1.7919161
 1.7178144 1.7890174
 1.7144461 1.7887629
 1.7142204 1.7885479
 1.7137498 1.7851796
 1.7111852 1.7818114
 1.7110778 1.7817386
 1.7099763 1.7818114
 1.7077096 1.7818493
 1.7072620 1.7818114
 1.7043413 1.7810409
 1.7032388 1.7818114
 0.9999999E-12    91
 1.8065066 1.7818114
 1.8053893 1.7837242
 1.8048774 1.7851796
 1.8020210 1.7874826
 1.7986528 1.7874277
 1.7952845 1.7867600
 1.7919161 1.7863560
 1.7885479 1.7864152
 1.7851796 1.7863865
 1.7818114 1.7870388
 1.7784431 1.7866678
 1.7750748 1.7872803
 1.7717066 1.7868615
 1.7688348 1.7885479
 1.7683383 1.7886713
 1.7649701 1.7894453
 1.7635306 1.7919161
 1.7627798 1.7952845
 1.7616018 1.7957950
 1.7588170 1.7952845
 1.7582335 1.7949677
 1.7577558 1.7952845
 1.7548653 1.7958668
 1.7514970 1.7966863
 1.7502064 1.7986528
 1.7503382 1.8020210
 1.7501465 1.8053893
 1.7514970 1.8074952
 1.7548653 1.8082869
 1.7556927 1.8087575
 1.7568299 1.8121258
 1.7582335 1.8146861
 1.7616018 1.8154311
 1.7618047 1.8154941
 1.7649701 1.8180083
 1.7658819 1.8188623
 1.7683383 1.8213419
 1.7699018 1.8222306
 1.7717066 1.8233991
 1.7750748 1.8237982
 1.7784431 1.8241320
 1.7818114 1.8237784
 1.7851796 1.8231789
 1.7885479 1.8224380
 1.7889702 1.8222306
 1.7919161 1.8211876
 1.7940189 1.8188623
 1.7940594 1.8154941
 1.7919161 1.8129952
 1.7896351 1.8121258
 1.7885479 1.8116012
 1.7851796 1.8109285
 1.7818114 1.8103900
 1.7784431 1.8100936
 1.7750748 1.8091415
 1.7749113 1.8087575
 1.7750748 1.8060788
 1.7753117 1.8053893
 1.7784431 1.8028010
 1.7807044 1.8020210
 1.7818114 1.8019167
 1.7825025 1.8020210
 1.7851796 1.8032460
 1.7885479 1.8028383
 1.7919161 1.8031367
 1.7952845 1.8023885
 1.7965060 1.8020210
 1.7986528 1.8018018
 1.8020210 1.8017782
 1.8034883 1.8020210
 1.8046244 1.8053893
 1.8053893 1.8064628
 1.8087575 1.8083777
 1.8121258 1.8084608
 1.8154941 1.8081839
 1.8188623 1.8063240
 1.8201264 1.8053893
 1.8212497 1.8020210
 1.8200039 1.7986528
 1.8188623 1.7978235
 1.8154941 1.7953241
 1.8154564 1.7952845
 1.8154941 1.7951177
 1.8165482 1.7919161
 1.8164668 1.7885479
 1.8162923 1.7851796
 1.8154941 1.7830217
 1.8145546 1.7818114
 1.8121258 1.7807657
 1.8087575 1.7807277
 1.8065066 1.7818114
 0.9999999E-12    35
 1.9290117 1.7851796
 1.9268036 1.7885479
 1.9266467 1.7886099
 1.9262875 1.7885479
 1.9232785 1.7869117
 1.9208080 1.7885479
 1.9199102 1.7888129
 1.9165419 1.7888874
 1.9139392 1.7919161
 1.9139934 1.7952845
 1.9134796 1.7986528
 1.9153062 1.8020210
 1.9165419 1.8049649
 1.9171233 1.8053893
 1.9199102 1.8063723
 1.9217471 1.8053893
 1.9230908 1.8020210
 1.9232785 1.8019150
 1.9266467 1.8010989
 1.9300150 1.8010459
 1.9333832 1.8003819
 1.9367515 1.7994028
 1.9375017 1.7986528
 1.9385030 1.7952845
 1.9395275 1.7919161
 1.9401197 1.7912855
 1.9434880 1.7888020
 1.9436141 1.7885479
 1.9435208 1.7851796
 1.9434880 1.7851183
 1.9401197 1.7826838
 1.9367515 1.7818404
 1.9333832 1.7824308
 1.9300150 1.7837416
 1.9290117 1.7851796
 0.9999999E-12    35
 1.7258668 1.7919161
 1.7245510 1.7936840
 1.7235113 1.7952845
 1.7218181 1.7986528
 1.7224573 1.8020210
 1.7211827 1.8035195
 1.7178144 1.8032556
 1.7146823 1.8053893
 1.7144461 1.8055019
 1.7114592 1.8087575
 1.7117225 1.8121258
 1.7144461 1.8141508
 1.7175266 1.8154941
 1.7178144 1.8157105
 1.7183865 1.8154941
 1.7211827 1.8151965
 1.7245510 1.8152450
 1.7273736 1.8121258
 1.7276608 1.8087575
 1.7279192 1.8085653
 1.7306429 1.8087575
 1.7312875 1.8089863
 1.7315826 1.8087575
 1.7346557 1.8062235
 1.7353283 1.8053893
 1.7346557 1.8044399
 1.7343564 1.8020210
 1.7346557 1.8001643
 1.7358047 1.7986528
 1.7346557 1.7972393
 1.7336683 1.7952845
 1.7320049 1.7919161
 1.7312875 1.7911726
 1.7279192 1.7904489
 1.7258668 1.7919161
 0.9999999E-12    61
 2.3899074 1.7919161
 2.3891704 1.7952845
 2.3880987 1.7960122
 2.3847306 1.7955301
 2.3813622 1.7980849
 2.3802891 1.7986528
 2.3783917 1.8020210
 2.3779941 1.8023900
 2.3746257 1.8041712
 2.3712575 1.8053068
 2.3711751 1.8053893
 2.3700032 1.8087575
 2.3688047 1.8121258
 2.3678892 1.8130375
 2.3648603 1.8154941
 2.3647916 1.8188623
 2.3678892 1.8216897
 2.3702819 1.8222306
 2.3712575 1.8227519
 2.3731821 1.8222306
 2.3746257 1.8220564
 2.3748138 1.8222306
 2.3759172 1.8255988
 2.3746257 1.8279494
 2.3728144 1.8289671
 2.3715730 1.8323354
 2.3725550 1.8357036
 2.3746257 1.8369182
 2.3779941 1.8359933
 2.3782866 1.8357036
 2.3801250 1.8323354
 2.3813622 1.8314691
 2.3847306 1.8322219
 2.3880987 1.8306967
 2.3910041 1.8289671
 2.3914671 1.8284640
 2.3930860 1.8255988
 2.3948355 1.8240477
 2.3982036 1.8229473
 2.3993604 1.8222306
 2.4008744 1.8188623
 2.4009302 1.8154941
 2.3982036 1.8121729
 2.3976269 1.8121258
 2.3948355 1.8115805
 2.3916440 1.8087575
 2.3948333 1.8053893
 2.3945711 1.8020210
 2.3948355 1.8016477
 2.3982036 1.8016855
 2.4015720 1.7987862
 2.4016862 1.7986528
 2.4015720 1.7984908
 2.4011698 1.7952845
 2.4015720 1.7921476
 2.4017365 1.7919161
 2.4015720 1.7917026
 2.3982036 1.7886351
 2.3948355 1.7889868
 2.3914671 1.7893771
 2.3899074 1.7919161
 0.9999999E-12    27
 2.0777748 1.7952845
 2.0748503 1.7974379
 2.0729721 1.7986528
 2.0720253 1.8020210
 2.0729325 1.8053893
 2.0748503 1.8066381
 2.0777366 1.8087575
 2.0782187 1.8091860
 2.0791693 1.8087575
 2.0815868 1.8085411
 2.0840628 1.8087575
 2.0849552 1.8091543
 2.0855222 1.8087575
 2.0883234 1.8069887
 2.0895820 1.8053893
 2.0883234 1.8033969
 2.0881650 1.8020210
 2.0883234 1.8006409
 2.0895779 1.7986528
 2.0883234 1.7970719
 2.0854409 1.7952845
 2.0849552 1.7949424
 2.0841997 1.7952845
 2.0815868 1.7955158
 2.0790715 1.7952845
 2.0782187 1.7948902
 2.0777748 1.7952845
 0.9999999E-12    21
 2.9502306 1.7952845
 2.9486632 1.7986528
 2.9472306 1.7997291
 2.9438622 1.8018613
 2.9437327 1.8020210
 2.9430122 1.8053893
 2.9438622 1.8071229
 2.9458923 1.8087575
 2.9472306 1.8093222
 2.9505990 1.8095706
 2.9538302 1.8087575
 2.9539671 1.8087330
 2.9573355 1.8062494
 2.9577000 1.8053893
 2.9583490 1.8020210
 2.9583521 1.7986528
 2.9574823 1.7952845
 2.9573355 1.7950591
 2.9539671 1.7929176
 2.9505990 1.7947279
 2.9502306 1.7952845
 0.9999999E-12    45
 1.8260571 1.7986528
 1.8260962 1.8020210
 1.8260341 1.8053893
 1.8289671 1.8078433
 1.8323354 1.8085396
 1.8324940 1.8087575
 1.8327202 1.8121258
 1.8357036 1.8150687
 1.8390719 1.8154593
 1.8392873 1.8154941
 1.8424401 1.8166955
 1.8458084 1.8162974
 1.8491766 1.8173026
 1.8525449 1.8163973
 1.8559132 1.8172294
 1.8592814 1.8157183
 1.8626497 1.8170303
 1.8656791 1.8154941
 1.8660179 1.8154314
 1.8665488 1.8154941
 1.8693862 1.8166188
 1.8709702 1.8154941
 1.8727545 1.8148878
 1.8761228 1.8132573
 1.8767630 1.8121258
 1.8767009 1.8087575
 1.8761228 1.8058896
 1.8759832 1.8053893
 1.8727545 1.8038552
 1.8693862 1.8031387
 1.8660179 1.8030312
 1.8626497 1.8029027
 1.8592814 1.8029399
 1.8559132 1.8028036
 1.8525449 1.8027506
 1.8491766 1.8027372
 1.8458084 1.8028493
 1.8424401 1.8025471
 1.8416079 1.8020210
 1.8404090 1.7986528
 1.8390719 1.7977355
 1.8357036 1.7962016
 1.8323354 1.7960703
 1.8289671 1.7962458
 1.8260571 1.7986528
 0.9999999E-12     5
 1.7704846 1.8020210
 1.7683383 1.8022878
 1.7680943 1.8020210
 1.7683383 1.8017017
 1.7704846 1.8020210
 0.9999999E-12     5
 1.7767085 1.8020210
 1.7750748 1.8046806
 1.7730052 1.8020210
 1.7750748 1.8018143
 1.7767085 1.8020210
 0.9999999E-12    39
 1.9610670 1.8053893
 1.9611855 1.8087575
 1.9605347 1.8121258
 1.9615484 1.8154941
 1.9603294 1.8179700
 1.9569612 1.8179473
 1.9557551 1.8188623
 1.9540328 1.8222306
 1.9542924 1.8255988
 1.9543846 1.8289671
 1.9569612 1.8309226
 1.9603294 1.8312149
 1.9636977 1.8315063
 1.9670659 1.8307452
 1.9704342 1.8310223
 1.9738024 1.8307396
 1.9771707 1.8305923
 1.9805390 1.8297074
 1.9820726 1.8289671
 1.9839072 1.8273109
 1.9848257 1.8255988
 1.9855660 1.8222306
 1.9853872 1.8188623
 1.9857420 1.8154941
 1.9866155 1.8121258
 1.9860171 1.8087575
 1.9853052 1.8053893
 1.9839072 1.8039613
 1.9805390 1.8037413
 1.9771707 1.8042217
 1.9755341 1.8053893
 1.9752609 1.8087575
 1.9738024 1.8100038
 1.9729351 1.8087575
 1.9730574 1.8053893
 1.9704342 1.8026839
 1.9670659 1.8031342
 1.9636977 1.8026741
 1.9610670 1.8053893
 0.9999999E-12     5
 2.3906419 1.8087575
 2.3880987 1.8096622
 2.3879895 1.8087575
 2.3880987 1.8086762
 2.3906419 1.8087575
 0.9999999E-12     9
 2.4056873 1.8087575
 2.4058473 1.8121258
 2.4083085 1.8142613
 2.4116766 1.8138751
 2.4131944 1.8121258
 2.4134061 1.8087575
 2.4116766 1.8063297
 2.4083085 1.8059661
 2.4056873 1.8087575
 0.9999999E-12    79
 3.0514810 1.8087575
 3.0508046 1.8121258
 3.0482786 1.8142428
 3.0449102 1.8142786
 3.0415421 1.8150181
 3.0381737 1.8140135
 3.0348055 1.8141427
 3.0314372 1.8141785
 3.0290401 1.8154941
 3.0280688 1.8159412
 3.0249844 1.8188623
 3.0247006 1.8192455
 3.0213323 1.8218235
 3.0179641 1.8206695
 3.0145957 1.8221664
 3.0112276 1.8212718
 3.0098145 1.8222306
 3.0078592 1.8231298
 3.0045941 1.8255988
 3.0044911 1.8257322
 3.0021703 1.8289671
 3.0011227 1.8294092
 2.9985380 1.8289671
 2.9977546 1.8285064
 2.9971924 1.8289671
 2.9943862 1.8303325
 2.9910822 1.8323354
 2.9910181 1.8327537
 2.9905570 1.8357036
 2.9910181 1.8367702
 2.9943862 1.8390061
 2.9945147 1.8390719
 2.9977546 1.8407527
 3.0011227 1.8409023
 3.0044911 1.8408165
 3.0078592 1.8401775
 3.0100346 1.8390719
 3.0112276 1.8377874
 3.0122783 1.8357036
 3.0145957 1.8336371
 3.0179641 1.8341252
 3.0213323 1.8335806
 3.0247006 1.8336731
 3.0280688 1.8323859
 3.0281928 1.8323354
 3.0314372 1.8307694
 3.0325997 1.8289671
 3.0347600 1.8255988
 3.0348055 1.8255801
 3.0350385 1.8255988
 3.0381737 1.8263428
 3.0396056 1.8255988
 3.0415421 1.8249650
 3.0438144 1.8255988
 3.0449102 1.8261243
 3.0468531 1.8255988
 3.0482786 1.8254777
 3.0516467 1.8255123
 3.0542641 1.8222306
 3.0546305 1.8188623
 3.0550151 1.8184952
 3.0571034 1.8188623
 3.0583832 1.8194715
 3.0594950 1.8188623
 3.0617516 1.8184333
 3.0651197 1.8187841
 3.0684881 1.8178184
 3.0718563 1.8165329
 3.0728590 1.8154941
 3.0735548 1.8121258
 3.0718563 1.8092908
 3.0710938 1.8087575
 3.0684881 1.8074048
 3.0651197 1.8062409
 3.0617516 1.8065186
 3.0583832 1.8057200
 3.0550151 1.8069190
 3.0516467 1.8084980
 3.0514810 1.8087575
 0.9999999E-12   281
 1.6757858 1.8121258
 1.6749313 1.8154941
 1.6749277 1.8188623
 1.6757588 1.8222306
 1.6762152 1.8255988
 1.6740270 1.8275590
 1.6714693 1.8289671
 1.6706587 1.8319551
 1.6705704 1.8323354
 1.6706587 1.8326544
 1.6718391 1.8357036
 1.6740270 1.8368227
 1.6764174 1.8390719
 1.6740270 1.8411635
 1.6706587 1.8407844
 1.6683420 1.8424401
 1.6672904 1.8429341
 1.6639335 1.8458084
 1.6640261 1.8491766
 1.6672904 1.8515955
 1.6678454 1.8525449
 1.6675460 1.8559132
 1.6672904 1.8560470
 1.6661217 1.8559132
 1.6639222 1.8540637
 1.6625656 1.8559132
 1.6613470 1.8592814
 1.6612056 1.8626497
 1.6615207 1.8660179
 1.6631370 1.8693862
 1.6639222 1.8701714
 1.6647711 1.8693862
 1.6672904 1.8688941
 1.6680926 1.8693862
 1.6694447 1.8727545
 1.6706587 1.8747369
 1.6740270 1.8753026
 1.6773952 1.8754497
 1.6799589 1.8727545
 1.6799870 1.8693862
 1.6807635 1.8666506
 1.6841317 1.8691930
 1.6875000 1.8687228
 1.6884260 1.8693862
 1.6898949 1.8727545
 1.6908683 1.8743447
 1.6942365 1.8752637
 1.6948844 1.8761228
 1.6956947 1.8794911
 1.6974326 1.8828593
 1.6976048 1.8830316
 1.6985996 1.8828593
 1.7009730 1.8827842
 1.7012485 1.8828593
 1.7043413 1.8857286
 1.7047954 1.8862276
 1.7077096 1.8888900
 1.7110778 1.8884491
 1.7127208 1.8862276
 1.7137808 1.8828593
 1.7144461 1.8822191
 1.7149628 1.8828593
 1.7155672 1.8862276
 1.7164290 1.8895959
 1.7178144 1.8907789
 1.7211827 1.8913895
 1.7245510 1.8925426
 1.7252700 1.8929641
 1.7279192 1.8960452
 1.7281536 1.8963324
 1.7311839 1.8997006
 1.7279192 1.9010396
 1.7245510 1.9026098
 1.7242512 1.9030689
 1.7238957 1.9064372
 1.7237562 1.9098054
 1.7245510 1.9111633
 1.7279192 1.9126195
 1.7296584 1.9131737
 1.7312875 1.9143171
 1.7343042 1.9131737
 1.7346557 1.9131360
 1.7349715 1.9131737
 1.7380240 1.9144088
 1.7406969 1.9131737
 1.7413923 1.9130449
 1.7429032 1.9131737
 1.7447605 1.9137000
 1.7461739 1.9131737
 1.7481288 1.9129362
 1.7495060 1.9131737
 1.7514970 1.9140838
 1.7548653 1.9132611
 1.7582335 1.9141824
 1.7611552 1.9131737
 1.7616018 1.9131149
 1.7618884 1.9131737
 1.7649701 1.9151378
 1.7660527 1.9165419
 1.7683383 1.9187500
 1.7705823 1.9199102
 1.7717066 1.9206454
 1.7750748 1.9211160
 1.7784431 1.9222333
 1.7795346 1.9232785
 1.7818114 1.9259884
 1.7833742 1.9266467
 1.7851796 1.9275324
 1.7885479 1.9280350
 1.7919161 1.9275540
 1.7936848 1.9266467
 1.7950454 1.9232785
 1.7951181 1.9199102
 1.7919161 1.9166435
 1.7916366 1.9165419
 1.7886184 1.9131737
 1.7897997 1.9098054
 1.7885479 1.9078230
 1.7882323 1.9064372
 1.7881172 1.9030689
 1.7851796 1.9009469
 1.7818114 1.9003905
 1.7784431 1.9002537
 1.7750748 1.9002358
 1.7717066 1.8998834
 1.7683383 1.9001300
 1.7649701 1.8999321
 1.7616018 1.9003221
 1.7582335 1.8997884
 1.7548653 1.9001852
 1.7514970 1.8998159
 1.7481288 1.9005413
 1.7447605 1.9000314
 1.7413923 1.9004247
 1.7382596 1.8997006
 1.7413923 1.8977854
 1.7424906 1.8963324
 1.7413923 1.8938029
 1.7413301 1.8929641
 1.7413923 1.8922515
 1.7426529 1.8895959
 1.7413923 1.8873583
 1.7405471 1.8862276
 1.7413923 1.8847198
 1.7447605 1.8834615
 1.7457340 1.8828593
 1.7481288 1.8798002
 1.7483016 1.8794911
 1.7481288 1.8791194
 1.7478703 1.8761228
 1.7480710 1.8727545
 1.7447605 1.8704458
 1.7413923 1.8701422
 1.7399756 1.8693862
 1.7385612 1.8660179
 1.7380240 1.8655497
 1.7346557 1.8635534
 1.7323143 1.8626497
 1.7346557 1.8619921
 1.7380240 1.8621287
 1.7413923 1.8618640
 1.7447605 1.8626386
 1.7447677 1.8626497
 1.7448941 1.8660179
 1.7481288 1.8679212
 1.7514970 1.8679990
 1.7539656 1.8660179
 1.7542909 1.8626497
 1.7544260 1.8592814
 1.7514970 1.8564543
 1.7497880 1.8559132
 1.7486866 1.8525449
 1.7481288 1.8509752
 1.7474707 1.8491766
 1.7447605 1.8475479
 1.7413923 1.8471130
 1.7380240 1.8467081
 1.7346557 1.8458477
 1.7346432 1.8458084
 1.7346557 1.8455417
 1.7355635 1.8424401
 1.7346557 1.8415322
 1.7312875 1.8400244
 1.7279192 1.8399993
 1.7245510 1.8405652
 1.7226760 1.8424401
 1.7222028 1.8458084
 1.7220905 1.8491766
 1.7225790 1.8525449
 1.7223830 1.8559132
 1.7211827 1.8561728
 1.7185917 1.8559132
 1.7178144 1.8555760
 1.7174162 1.8559132
 1.7144461 1.8577067
 1.7121847 1.8592814
 1.7116183 1.8626497
 1.7139913 1.8660179
 1.7144461 1.8662559
 1.7178144 1.8689600
 1.7211827 1.8685750
 1.7220722 1.8693862
 1.7222658 1.8727545
 1.7245510 1.8760026
 1.7279192 1.8758750
 1.7284640 1.8761228
 1.7279192 1.8769159
 1.7245510 1.8762012
 1.7211827 1.8774397
 1.7194684 1.8761228
 1.7178144 1.8734859
 1.7158064 1.8727545
 1.7144461 1.8722745
 1.7110778 1.8718448
 1.7077096 1.8701519
 1.7074456 1.8693862
 1.7077096 1.8675257
 1.7095654 1.8660179
 1.7077096 1.8646520
 1.7053525 1.8626497
 1.7043413 1.8617660
 1.7028716 1.8626497
 1.7009730 1.8628587
 1.7007309 1.8626497
 1.7008228 1.8592814
 1.6978248 1.8559132
 1.6976048 1.8557391
 1.6970479 1.8559132
 1.6942365 1.8560743
 1.6936448 1.8559132
 1.6908683 1.8540144
 1.6875000 1.8549876
 1.6874245 1.8525449
 1.6864156 1.8491766
 1.6841317 1.8475550
 1.6807635 1.8470974
 1.6798687 1.8458084
 1.6785669 1.8424401
 1.6785034 1.8390719
 1.6807635 1.8386159
 1.6825166 1.8390719
 1.6841317 1.8405002
 1.6857464 1.8390719
 1.6875000 1.8383772
 1.6908683 1.8380878
 1.6933062 1.8357036
 1.6933399 1.8323354
 1.6940643 1.8289671
 1.6929444 1.8255988
 1.6942365 1.8223921
 1.6961877 1.8255988
 1.6960717 1.8289671
 1.6976048 1.8292372
 1.7009730 1.8304713
 1.7043413 1.8314064
 1.7077096 1.8315114
 1.7110778 1.8312345
 1.7144461 1.8293084
 1.7147875 1.8289671
 1.7144461 1.8284039
 1.7141618 1.8255988
 1.7144461 1.8228177
 1.7148033 1.8222306
 1.7144461 1.8216053
 1.7129840 1.8188623
 1.7110778 1.8171698
 1.7077096 1.8181629
 1.7043413 1.8170632
 1.7019866 1.8188623
 1.7009730 1.8193140
 1.6976048 1.8201636
 1.6942365 1.8216212
 1.6941243 1.8188623
 1.6940542 1.8154941
 1.6937313 1.8121258
 1.6908683 1.8102157
 1.6875000 1.8099413
 1.6841317 1.8095657
 1.6807635 1.8103664
 1.6773952 1.8105165
 1.6757858 1.8121258
 0.9999999E-12    19
 1.9332708 1.8121258
 1.9300150 1.8137252
 1.9288913 1.8154941
 1.9289957 1.8188623
 1.9300150 1.8203135
 1.9333832 1.8218467
 1.9344838 1.8222306
 1.9367515 1.8233668
 1.9394599 1.8222306
 1.9401197 1.8221329
 1.9434880 1.8220495
 1.9451950 1.8188623
 1.9452513 1.8154941
 1.9436899 1.8121258
 1.9434880 1.8119239
 1.9401197 1.8114932
 1.9367515 1.8107173
 1.9333832 1.8120807
 1.9332708 1.8121258
 0.9999999E-12    27
 1.8238323 1.8188623
 1.8222306 1.8190385
 1.8190933 1.8222306
 1.8190440 1.8255988
 1.8188623 1.8260850
 1.8154941 1.8276699
 1.8139729 1.8289671
 1.8132495 1.8323354
 1.8147531 1.8357036
 1.8154941 1.8362725
 1.8188623 1.8364190
 1.8199079 1.8357036
 1.8213638 1.8323354
 1.8222306 1.8311865
 1.8255988 1.8309078
 1.8289671 1.8309655
 1.8323354 1.8303169
 1.8350930 1.8289671
 1.8356804 1.8255988
 1.8357036 1.8248694
 1.8360239 1.8222306
 1.8357036 1.8215927
 1.8323354 1.8191245
 1.8310055 1.8188623
 1.8289671 1.8179101
 1.8255988 1.8184047
 1.8238323 1.8188623
 0.9999999E-12     5
 2.3818159 1.8188623
 2.3813622 1.8190445
 2.3808649 1.8188623
 2.3813622 1.8170915
 2.3818159 1.8188623
 0.9999999E-12    17
 1.6232398 1.8222306
 1.6226752 1.8255988
 1.6235030 1.8273619
 1.6252413 1.8289671
 1.6268712 1.8296796
 1.6302395 1.8299253
 1.6336077 1.8296603
 1.6351882 1.8289671
 1.6369761 1.8273194
 1.6377896 1.8255988
 1.6372082 1.8222306
 1.6369761 1.8219380
 1.6336077 1.8200104
 1.6302395 1.8194110
 1.6268712 1.8200201
 1.6235030 1.8219017
 1.6232398 1.8222306
 0.9999999E-12     5
 1.6816696 1.8255988
 1.6807635 1.8259368
 1.6788486 1.8255988
 1.6807635 1.8244091
 1.6816696 1.8255988
 0.9999999E-12    19
 1.7530841 1.8289671
 1.7522784 1.8323354
 1.7538036 1.8357036
 1.7548653 1.8363878
 1.7582335 1.8385339
 1.7616018 1.8385444
 1.7649701 1.8386151
 1.7683383 1.8362149
 1.7687396 1.8357036
 1.7683383 1.8349489
 1.7680846 1.8323354
 1.7683383 1.8298651
 1.7688285 1.8289671
 1.7683383 1.8282909
 1.7649701 1.8257997
 1.7616018 1.8258971
 1.7582335 1.8258439
 1.7548653 1.8276917
 1.7530841 1.8289671
 0.9999999E-12    35
 1.9020877 1.8323354
 1.8997006 1.8331738
 1.8963324 1.8326941
 1.8929641 1.8339798
 1.8896271 1.8357036
 1.8895959 1.8357340
 1.8878782 1.8390719
 1.8886259 1.8424401
 1.8895959 1.8434423
 1.8929641 1.8447180
 1.8961891 1.8458084
 1.8963324 1.8459125
 1.8965213 1.8458084
 1.8997006 1.8453783
 1.9011568 1.8458084
 1.9030689 1.8478663
 1.9050531 1.8458084
 1.9064372 1.8455156
 1.9078814 1.8458084
 1.9098054 1.8490932
 1.9113666 1.8458084
 1.9131737 1.8450667
 1.9165419 1.8445046
 1.9177929 1.8424401
 1.9181356 1.8390719
 1.9174402 1.8357036
 1.9165419 1.8342690
 1.9131737 1.8335948
 1.9106666 1.8323354
 1.9098054 1.8315122
 1.9088811 1.8323354
 1.9064372 1.8329977
 1.9040415 1.8323354
 1.9030689 1.8314674
 1.9020877 1.8323354
 0.9999999E-12    25
 1.9584972 1.8357036
 1.9569612 1.8370568
 1.9561310 1.8390719
 1.9537742 1.8424401
 1.9542552 1.8458084
 1.9541190 1.8491766
 1.9559466 1.8525449
 1.9569612 1.8533113
 1.9599391 1.8525449
 1.9603294 1.8525236
 1.9605088 1.8525449
 1.9636977 1.8539150
 1.9653462 1.8525449
 1.9670659 1.8513402
 1.9704342 1.8494357
 1.9706223 1.8491766
 1.9710085 1.8458084
 1.9704342 1.8447032
 1.9670659 1.8428048
 1.9667706 1.8424401
 1.9642854 1.8390719
 1.9636977 1.8375351
 1.9620384 1.8357036
 1.9603294 1.8350050
 1.9584972 1.8357036
 0.9999999E-12     9
 2.6915381 1.8390719
 2.6914697 1.8424401
 2.6946108 1.8450835
 2.6979790 1.8441473
 2.6991074 1.8424401
 2.6990426 1.8390719
 2.6979790 1.8375907
 2.6946108 1.8366376
 2.6915381 1.8390719
 0.9999999E-12    19
 2.6155312 1.8424401
 2.6137724 1.8426836
 2.6104043 1.8425919
 2.6079154 1.8458084
 2.6080070 1.8491766
 2.6089058 1.8525449
 2.6104043 1.8535243
 2.6137724 1.8541754
 2.6171408 1.8541353
 2.6200547 1.8525449
 2.6205089 1.8523244
 2.6238773 1.8498372
 2.6241677 1.8491766
 2.6238773 1.8465163
 2.6238153 1.8458084
 2.6205089 1.8436185
 2.6180835 1.8424401
 2.6171408 1.8417025
 2.6155312 1.8424401
 0.9999999E-12    35
 2.9657044 1.8458084
 2.9640720 1.8468326
 2.9630260 1.8491766
 2.9607036 1.8510467
 2.9573355 1.8505516
 2.9539671 1.8508368
 2.9505990 1.8516570
 2.9492335 1.8525449
 2.9482164 1.8559132
 2.9474087 1.8592814
 2.9472306 1.8594837
 2.9438622 1.8610748
 2.9427307 1.8626497
 2.9425831 1.8660179
 2.9438622 1.8679583
 2.9472306 1.8687835
 2.9504366 1.8660179
 2.9505990 1.8656970
 2.9535089 1.8626497
 2.9539671 1.8625461
 2.9544697 1.8626497
 2.9573355 1.8640882
 2.9596179 1.8626497
 2.9607036 1.8623568
 2.9640720 1.8621134
 2.9656527 1.8592814
 2.9661496 1.8559132
 2.9674401 1.8542348
 2.9704156 1.8525449
 2.9708085 1.8509675
 2.9712043 1.8491766
 2.9708085 1.8481066
 2.9688487 1.8458084
 2.9674401 1.8452312
 2.9657044 1.8458084
 0.9999999E-12    71
 1.9016902 1.8525449
 1.9016099 1.8559132
 1.9030689 1.8581047
 1.9045166 1.8592814
 1.9064372 1.8604679
 1.9072241 1.8626497
 1.9066457 1.8660179
 1.9078777 1.8693862
 1.9097192 1.8727545
 1.9098054 1.8728417
 1.9131737 1.8739668
 1.9153638 1.8727545
 1.9165419 1.8719743
 1.9182341 1.8693862
 1.9199102 1.8684137
 1.9210160 1.8693862
 1.9232785 1.8727098
 1.9233397 1.8727545
 1.9266467 1.8748256
 1.9293454 1.8761228
 1.9300150 1.8767200
 1.9307107 1.8761228
 1.9333832 1.8755291
 1.9362001 1.8761228
 1.9367515 1.8765925
 1.9372408 1.8761228
 1.9401197 1.8739560
 1.9424849 1.8727545
 1.9434880 1.8722817
 1.9454505 1.8693862
 1.9468563 1.8685443
 1.9475296 1.8693862
 1.9472001 1.8727545
 1.9502245 1.8759869
 1.9535928 1.8754746
 1.9569612 1.8759028
 1.9589593 1.8727545
 1.9593897 1.8693862
 1.9589351 1.8660179
 1.9569612 1.8629092
 1.9535928 1.8633362
 1.9528714 1.8626497
 1.9523749 1.8592814
 1.9505033 1.8559132
 1.9502245 1.8556345
 1.9497088 1.8559132
 1.9468563 1.8562138
 1.9456376 1.8559132
 1.9434880 1.8543367
 1.9412597 1.8559132
 1.9401197 1.8562684
 1.9389572 1.8559132
 1.9367515 1.8543617
 1.9343178 1.8559132
 1.9333832 1.8560978
 1.9326878 1.8559132
 1.9300150 1.8540350
 1.9271741 1.8559132
 1.9266467 1.8560399
 1.9259598 1.8559132
 1.9232785 1.8543054
 1.9209234 1.8559132
 1.9199102 1.8562164
 1.9191861 1.8559132
 1.9165419 1.8527546
 1.9163504 1.8525449
 1.9131737 1.8500522
 1.9098054 1.8492172
 1.9064372 1.8497654
 1.9030689 1.8507011
 1.9016902 1.8525449
 0.9999999E-12    51
 2.5622547 1.8525449
 2.5610726 1.8559132
 2.5598803 1.8574092
 2.5565121 1.8573990
 2.5531437 1.8577949
 2.5497754 1.8589500
 2.5494044 1.8592814
 2.5478995 1.8626497
 2.5464072 1.8652378
 2.5430388 1.8652201
 2.5396707 1.8653784
 2.5376427 1.8660179
 2.5363023 1.8664279
 2.5343523 1.8693862
 2.5329342 1.8721344
 2.5295658 1.8718814
 2.5261977 1.8717102
 2.5228293 1.8720837
 2.5216458 1.8727545
 2.5198376 1.8761228
 2.5198195 1.8794911
 2.5219121 1.8828593
 2.5228293 1.8833776
 2.5261977 1.8837796
 2.5295658 1.8836498
 2.5316436 1.8828593
 2.5329342 1.8825172
 2.5363023 1.8827729
 2.5396707 1.8820695
 2.5422935 1.8794911
 2.5430388 1.8775946
 2.5440898 1.8761228
 2.5464072 1.8747848
 2.5489204 1.8727545
 2.5496361 1.8693862
 2.5497754 1.8690522
 2.5531437 1.8678709
 2.5565121 1.8682376
 2.5598803 1.8678693
 2.5632486 1.8682549
 2.5666168 1.8674531
 2.5688303 1.8660179
 2.5698791 1.8626497
 2.5699852 1.8618243
 2.5705547 1.8592814
 2.5699852 1.8564866
 2.5699167 1.8559132
 2.5690639 1.8525449
 2.5666168 1.8508810
 2.5632486 1.8515146
 2.5622547 1.8525449
 0.9999999E-12    73
 2.2633755 1.8559132
 2.2601049 1.8571080
 2.2567365 1.8587414
 2.2562456 1.8592814
 2.2544694 1.8626497
 2.2533684 1.8634818
 2.2509398 1.8626497
 2.2500000 1.8618251
 2.2490411 1.8626497
 2.2466319 1.8632625
 2.2432635 1.8628653
 2.2399766 1.8660179
 2.2404397 1.8693862
 2.2399600 1.8727545
 2.2432394 1.8761228
 2.2432635 1.8761430
 2.2432978 1.8761228
 2.2466319 1.8757466
 2.2484224 1.8761228
 2.2500000 1.8772732
 2.2514179 1.8761228
 2.2533684 1.8754697
 2.2558844 1.8761228
 2.2567365 1.8772709
 2.2593756 1.8794911
 2.2567365 1.8812963
 2.2556276 1.8828593
 2.2538133 1.8862276
 2.2533684 1.8876722
 2.2522452 1.8895959
 2.2533684 1.8910700
 2.2536495 1.8929641
 2.2533684 1.8951963
 2.2525382 1.8963324
 2.2533684 1.8971626
 2.2567365 1.8988088
 2.2601049 1.8989834
 2.2634730 1.8985181
 2.2656589 1.8963324
 2.2660744 1.8929641
 2.2668414 1.8914181
 2.2702096 1.8911406
 2.2717543 1.8895959
 2.2726221 1.8862276
 2.2726080 1.8828593
 2.2716317 1.8794911
 2.2702096 1.8780688
 2.2668414 1.8779732
 2.2634730 1.8768468
 2.2601049 1.8790289
 2.2575092 1.8761228
 2.2601049 1.8752643
 2.2634730 1.8746074
 2.2646077 1.8727545
 2.2656267 1.8693862
 2.2668414 1.8683754
 2.2693892 1.8693862
 2.2702096 1.8701653
 2.2710159 1.8693862
 2.2735779 1.8684691
 2.2769461 1.8687111
 2.2786388 1.8660179
 2.2791972 1.8626497
 2.2789311 1.8592814
 2.2769461 1.8560116
 2.2735779 1.8563458
 2.2719378 1.8559132
 2.2702096 1.8545382
 2.2683995 1.8559132
 2.2668414 1.8564094
 2.2635965 1.8559132
 2.2634730 1.8558388
 2.2633755 1.8559132
 0.9999999E-12    27
 1.5753846 1.8626497
 1.5729791 1.8635843
 1.5696108 1.8638308
 1.5673562 1.8660179
 1.5671622 1.8693862
 1.5662426 1.8718740
 1.5654136 1.8727545
 1.5662426 1.8740244
 1.5665983 1.8761228
 1.5665467 1.8794911
 1.5680794 1.8828593
 1.5696108 1.8839614
 1.5729791 1.8829584
 1.5763474 1.8835342
 1.5770222 1.8828593
 1.5784860 1.8794911
 1.5792161 1.8761228
 1.5797156 1.8757215
 1.5830839 1.8760946
 1.5851148 1.8727545
 1.5853616 1.8693862
 1.5848403 1.8660179
 1.5830839 1.8632094
 1.5797156 1.8634994
 1.5772932 1.8626497
 1.5763474 1.8617462
 1.5753846 1.8626497
 0.9999999E-12    29
 1.6234832 1.8626497
 1.6202482 1.8660179
 1.6208533 1.8693862
 1.6202629 1.8727545
 1.6228446 1.8761228
 1.6235030 1.8780842
 1.6242926 1.8761228
 1.6268712 1.8757476
 1.6279720 1.8761228
 1.6302395 1.8792123
 1.6326507 1.8761228
 1.6336077 1.8758497
 1.6360115 1.8761228
 1.6369761 1.8767422
 1.6376712 1.8761228
 1.6402773 1.8727545
 1.6396822 1.8693862
 1.6402823 1.8660179
 1.6370554 1.8626497
 1.6369761 1.8625722
 1.6368936 1.8626497
 1.6336077 1.8632146
 1.6319882 1.8626497
 1.6302395 1.8609537
 1.6285121 1.8626497
 1.6268712 1.8633473
 1.6235232 1.8626497
 1.6235030 1.8626302
 1.6234832 1.8626497
 0.9999999E-12     5
 1.6816810 1.8626497
 1.6807635 1.8653650
 1.6800009 1.8626497
 1.6807635 1.8619295
 1.6816810 1.8626497
 0.9999999E-12     5
 1.7296206 1.8626497
 1.7279192 1.8628259
 1.7277479 1.8626497
 1.7279192 1.8616058
 1.7296206 1.8626497
 0.9999999E-12    81
 1.9830649 1.8626497
 1.9805390 1.8637483
 1.9771707 1.8631427
 1.9738024 1.8651381
 1.9718952 1.8660179
 1.9704342 1.8683423
 1.9700787 1.8693862
 1.9704342 1.8704689
 1.9717449 1.8727545
 1.9738024 1.8737271
 1.9771707 1.8756732
 1.9805390 1.8750733
 1.9830018 1.8761228
 1.9839072 1.8769654
 1.9848589 1.8761228
 1.9872755 1.8754765
 1.9897000 1.8761228
 1.9906437 1.8769583
 1.9915746 1.8761228
 1.9940120 1.8752339
 1.9965429 1.8761228
 1.9973803 1.8768713
 1.9982425 1.8761228
 2.0007486 1.8754711
 2.0032477 1.8761228
 2.0041168 1.8768774
 2.0049775 1.8761228
 2.0074852 1.8752340
 2.0101213 1.8761228
 2.0108533 1.8767607
 2.0116103 1.8761228
 2.0142217 1.8754705
 2.0168207 1.8761228
 2.0175898 1.8767713
 2.0183487 1.8761228
 2.0209582 1.8752311
 2.0237391 1.8761228
 2.0243263 1.8766203
 2.0249414 1.8761228
 2.0276947 1.8754727
 2.0304203 1.8761228
 2.0310628 1.8766435
 2.0316999 1.8761228
 2.0344312 1.8752427
 2.0377994 1.8747263
 2.0397890 1.8727545
 2.0400753 1.8693862
 2.0397365 1.8660179
 2.0377994 1.8641260
 2.0344312 1.8635863
 2.0315905 1.8626497
 2.0310628 1.8622084
 2.0305324 1.8626497
 2.0276947 1.8633481
 2.0248387 1.8626497
 2.0243263 1.8622240
 2.0238347 1.8626497
 2.0209582 1.8635917
 2.0182593 1.8626497
 2.0175898 1.8620654
 2.0169134 1.8626497
 2.0142217 1.8633460
 2.0115232 1.8626497
 2.0108533 1.8620712
 2.0102024 1.8626497
 2.0074852 1.8635849
 2.0048971 1.8626497
 2.0041168 1.8619524
 2.0033317 1.8626497
 2.0007486 1.8633415
 1.9981645 1.8626497
 1.9973803 1.8619533
 1.9966147 1.8626497
 1.9940120 1.8635823
 1.9915004 1.8626497
 1.9906437 1.8618679
 1.9897783 1.8626497
 1.9872755 1.8633341
 1.9847848 1.8626497
 1.9839072 1.8618566
 1.9830649 1.8626497
 0.9999999E-12   117
 1.6216289 1.8828593
 1.6206806 1.8862276
 1.6207690 1.8895959
 1.6207484 1.8929641
 1.6207452 1.8963324
 1.6230985 1.8997006
 1.6201347 1.9022909
 1.6188811 1.8997006
 1.6188874 1.8963324
 1.6167665 1.8940535
 1.6133982 1.8939612
 1.6119361 1.8929641
 1.6100299 1.8911215
 1.6079882 1.8929641
 1.6066617 1.8932809
 1.6060164 1.8929641
 1.6049385 1.8895959
 1.6032934 1.8868854
 1.5999252 1.8867888
 1.5965569 1.8866667
 1.5941169 1.8895959
 1.5941604 1.8929641
 1.5935247 1.8963324
 1.5948164 1.8997006
 1.5965569 1.9029568
 1.5966150 1.9030689
 1.5999252 1.9054650
 1.6014971 1.9064372
 1.6032934 1.9080908
 1.6053349 1.9064372
 1.6066617 1.9062079
 1.6070231 1.9064372
 1.6070625 1.9098054
 1.6093383 1.9131737
 1.6100299 1.9137363
 1.6110827 1.9131737
 1.6133982 1.9129248
 1.6157433 1.9131737
 1.6167665 1.9137173
 1.6174301 1.9131737
 1.6197250 1.9098054
 1.6194643 1.9064372
 1.6201347 1.9039369
 1.6209124 1.9030689
 1.6235030 1.9001050
 1.6239083 1.8997006
 1.6268712 1.8989663
 1.6302395 1.8986361
 1.6336077 1.8966298
 1.6366001 1.8997006
 1.6369761 1.9009256
 1.6380200 1.9030689
 1.6403444 1.9042047
 1.6426772 1.9064372
 1.6437126 1.9074445
 1.6448638 1.9064372
 1.6470809 1.9059736
 1.6492072 1.9064372
 1.6504492 1.9075294
 1.6516416 1.9064372
 1.6538174 1.9052291
 1.6570270 1.9030689
 1.6571857 1.9026549
 1.6583934 1.8997006
 1.6605539 1.8989159
 1.6623011 1.8997006
 1.6626463 1.9030689
 1.6639222 1.9047035
 1.6672904 1.9053607
 1.6706587 1.9054493
 1.6730299 1.9030689
 1.6730640 1.8997006
 1.6730751 1.8963324
 1.6706587 1.8938494
 1.6672904 1.8935333
 1.6669549 1.8929641
 1.6672904 1.8897350
 1.6673818 1.8895959
 1.6672904 1.8894563
 1.6656083 1.8862276
 1.6639222 1.8849043
 1.6607966 1.8862276
 1.6605539 1.8862498
 1.6604651 1.8862276
 1.6581845 1.8828593
 1.6571857 1.8814013
 1.6538174 1.8803251
 1.6504672 1.8828593
 1.6504492 1.8841728
 1.6504041 1.8862276
 1.6504492 1.8863195
 1.6538174 1.8889538
 1.6542158 1.8895959
 1.6545107 1.8929641
 1.6538174 1.8941224
 1.6517171 1.8929641
 1.6504492 1.8912261
 1.6491210 1.8929641
 1.6470809 1.8933980
 1.6449426 1.8929641
 1.6437126 1.8919098
 1.6426259 1.8929641
 1.6403444 1.8951396
 1.6379499 1.8963324
 1.6369761 1.8984523
 1.6346595 1.8963324
 1.6336077 1.8959876
 1.6331053 1.8929641
 1.6336077 1.8905962
 1.6344974 1.8895959
 1.6336077 1.8881685
 1.6331185 1.8862276
 1.6322170 1.8828593
 1.6302395 1.8798589
 1.6268712 1.8797071
 1.6235030 1.8799636
 1.6216289 1.8828593
 0.9999999E-12    13
 2.6077878 1.8828593
 2.6079366 1.8862276
 2.6082964 1.8895959
 2.6104043 1.8916380
 2.6137724 1.8914887
 2.6171408 1.8908908
 2.6179483 1.8895959
 2.6188297 1.8862276
 2.6185684 1.8828593
 2.6171408 1.8804303
 2.6137724 1.8800501
 2.6104043 1.8798387
 2.6077878 1.8828593
 0.9999999E-12    23
 1.3385843 1.8895959
 1.3374789 1.8929641
 1.3386096 1.8963324
 1.3405689 1.8974558
 1.3416340 1.8997006
 1.3421805 1.9030689
 1.3439372 1.9061407
 1.3473054 1.9061822
 1.3498123 1.9064372
 1.3506737 1.9068292
 1.3512036 1.9064372
 1.3539217 1.9030689
 1.3536488 1.8997006
 1.3540419 1.8978218
 1.3551935 1.8963324
 1.3540419 1.8950267
 1.3533969 1.8929641
 1.3532202 1.8895959
 1.3506737 1.8871174
 1.3473054 1.8871109
 1.3439372 1.8866718
 1.3405689 1.8884604
 1.3385843 1.8895959
 0.9999999E-12    49
 1.8678446 1.8929641
 1.8660179 1.8934156
 1.8626497 1.8936658
 1.8598754 1.8963324
 1.8599802 1.8997006
 1.8600867 1.9030689
 1.8626497 1.9053408
 1.8660179 1.9056870
 1.8687315 1.9064372
 1.8693862 1.9069308
 1.8700966 1.9064372
 1.8727545 1.9059701
 1.8744236 1.9064372
 1.8747051 1.9098054
 1.8735083 1.9131737
 1.8734331 1.9165419
 1.8761228 1.9197737
 1.8794911 1.9198257
 1.8797352 1.9199102
 1.8814387 1.9232785
 1.8828593 1.9253625
 1.8862276 1.9259942
 1.8890920 1.9232785
 1.8889881 1.9199102
 1.8862276 1.9176286
 1.8848557 1.9165419
 1.8838074 1.9131737
 1.8828593 1.9103619
 1.8823632 1.9098054
 1.8828593 1.9092067
 1.8838236 1.9064372
 1.8862276 1.9051410
 1.8895959 1.9038141
 1.8900669 1.9030689
 1.8905931 1.8997006
 1.8903513 1.8963324
 1.8895959 1.8950917
 1.8862276 1.8938438
 1.8843695 1.8929641
 1.8828593 1.8916746
 1.8807606 1.8929641
 1.8794911 1.8931636
 1.8785574 1.8929641
 1.8761228 1.8912981
 1.8736149 1.8929641
 1.8727545 1.8931727
 1.8712540 1.8929641
 1.8693862 1.8919713
 1.8678446 1.8929641
 0.9999999E-12    45
 2.0838575 1.8929641
 2.0815868 1.8937089
 2.0782187 1.8952502
 2.0775478 1.8963324
 2.0776775 1.8997006
 2.0777752 1.9030689
 2.0782187 1.9037479
 2.0815868 1.9053284
 2.0846167 1.9064372
 2.0849552 1.9067138
 2.0854204 1.9064372
 2.0883234 1.9059889
 2.0916917 1.9063611
 2.0950599 1.9053539
 2.0984282 1.9055675
 2.1017964 1.9055746
 2.1051648 1.9061724
 2.1085329 1.9057821
 2.1119013 1.9063455
 2.1152694 1.9061049
 2.1186378 1.9062287
 2.1220059 1.9055262
 2.1253743 1.9036934
 2.1261826 1.9030689
 2.1276147 1.8997006
 2.1268208 1.8963324
 2.1253743 1.8951135
 2.1220059 1.8935845
 2.1186378 1.8929693
 2.1152694 1.8930675
 2.1135347 1.8929641
 2.1119013 1.8925686
 2.1110139 1.8929641
 2.1085329 1.8933401
 2.1051648 1.8929914
 2.1017964 1.8935243
 2.0984282 1.8935058
 2.0950599 1.8937278
 2.0923984 1.8929641
 2.0916917 1.8925531
 2.0905988 1.8929641
 2.0883234 1.8931606
 2.0867260 1.8929641
 2.0849552 1.8921461
 2.0838575 1.8929641
 0.9999999E-12     5
 1.7377902 1.8997006
 1.7346557 1.9002804
 1.7314221 1.8997006
 1.7346557 1.8991733
 1.7377902 1.8997006
 0.9999999E-12    29
 1.9090736 1.8997006
 1.9064372 1.9006830
 1.9030689 1.9010394
 1.9009423 1.9030689
 1.9006426 1.9064372
 1.9005587 1.9098054
 1.9030689 1.9125012
 1.9064372 1.9126807
 1.9080645 1.9131737
 1.9098054 1.9144518
 1.9116020 1.9131737
 1.9131737 1.9128332
 1.9148159 1.9131737
 1.9165419 1.9143858
 1.9179612 1.9131737
 1.9199102 1.9123693
 1.9232785 1.9116955
 1.9244238 1.9098054
 1.9248095 1.9064372
 1.9239861 1.9030689
 1.9232785 1.9019376
 1.9199102 1.9011265
 1.9171749 1.8997006
 1.9165419 1.8990881
 1.9158746 1.8997006
 1.9131737 1.9004734
 1.9105349 1.8997006
 1.9098054 1.8990299
 1.9090736 1.8997006
 0.9999999E-12    47
 2.2357934 1.8997006
 2.2331588 1.9018235
 2.2320137 1.9030689
 2.2331588 1.9046352
 2.2333872 1.9064372
 2.2331588 1.9082123
 2.2319896 1.9098054
 2.2331588 1.9114739
 2.2344518 1.9131737
 2.2331588 1.9150163
 2.2297904 1.9149181
 2.2273641 1.9165419
 2.2264221 1.9192885
 2.2261677 1.9199102
 2.2251937 1.9232785
 2.2230539 1.9237673
 2.2202110 1.9266467
 2.2203691 1.9300150
 2.2205312 1.9333832
 2.2230539 1.9356035
 2.2264221 1.9358001
 2.2297904 1.9366388
 2.2331588 1.9354340
 2.2365270 1.9341813
 2.2370381 1.9333832
 2.2375634 1.9300150
 2.2388721 1.9266467
 2.2389281 1.9232785
 2.2387352 1.9199102
 2.2375383 1.9165419
 2.2398953 1.9137086
 2.2432635 1.9152509
 2.2458854 1.9131737
 2.2466319 1.9128704
 2.2500000 1.9129140
 2.2518089 1.9098054
 2.2519493 1.9064372
 2.2514064 1.9030689
 2.2500000 1.9008219
 2.2466319 1.9007031
 2.2448425 1.8997006
 2.2432635 1.8982060
 2.2415264 1.8997006
 2.2398953 1.9001249
 2.2373555 1.8997006
 2.2365270 1.8990393
 2.2357934 1.8997006
 0.9999999E-12    27
 2.5960941 1.9030689
 2.5943851 1.9064372
 2.5935628 1.9097353
 2.5901947 1.9091800
 2.5889940 1.9098054
 2.5868263 1.9104791
 2.5834582 1.9116836
 2.5822022 1.9131737
 2.5818877 1.9165419
 2.5834582 1.9189633
 2.5851510 1.9199102
 2.5868263 1.9206690
 2.5901947 1.9214957
 2.5935628 1.9211303
 2.5968328 1.9199102
 2.5969312 1.9197922
 2.5980103 1.9165419
 2.6000774 1.9131737
 2.6002994 1.9130822
 2.6036677 1.9122853
 2.6048625 1.9098054
 2.6048825 1.9064372
 2.6036677 1.9036067
 2.6022999 1.9030689
 2.6002994 1.9026123
 2.5969312 1.9025270
 2.5960941 1.9030689
 0.9999999E-12    43
 2.7236292 1.9030689
 2.7215569 1.9040072
 2.7183626 1.9064372
 2.7181888 1.9066201
 2.7156940 1.9098054
 2.7148204 1.9102103
 2.7131810 1.9098054
 2.7114522 1.9086307
 2.7099328 1.9098054
 2.7080839 1.9103684
 2.7047155 1.9105858
 2.7031708 1.9131737
 2.7028630 1.9165419
 2.7037680 1.9199102
 2.7047155 1.9214346
 2.7080839 1.9218028
 2.7112057 1.9232785
 2.7114522 1.9235215
 2.7117021 1.9232785
 2.7148204 1.9221190
 2.7179666 1.9232785
 2.7181888 1.9234943
 2.7184129 1.9232785
 2.7215569 1.9221393
 2.7249253 1.9219930
 2.7270603 1.9199102
 2.7273633 1.9165419
 2.7282934 1.9150934
 2.7316618 1.9147215
 2.7350299 1.9136975
 2.7362554 1.9131737
 2.7383983 1.9120656
 2.7398517 1.9098054
 2.7396748 1.9064372
 2.7383983 1.9047924
 2.7350299 1.9035237
 2.7336791 1.9030689
 2.7316618 1.9020381
 2.7285967 1.9030689
 2.7282934 1.9031036
 2.7279377 1.9030689
 2.7249253 1.9021602
 2.7236292 1.9030689
 0.9999999E-12     5
 1.8817046 1.9064372
 1.8794911 1.9084747
 1.8777649 1.9064372
 1.8794911 1.9059923
 1.8817046 1.9064372
 0.9999999E-12    21
 1.3594083 1.9098054
 1.3574102 1.9099005
 1.3557482 1.9131737
 1.3555977 1.9165419
 1.3557506 1.9199102
 1.3574102 1.9223188
 1.3580164 1.9232785
 1.3600048 1.9266467
 1.3607785 1.9270819
 1.3631259 1.9266467
 1.3641467 1.9264481
 1.3658857 1.9232785
 1.3675150 1.9203300
 1.3678960 1.9199102
 1.3675150 1.9191163
 1.3672446 1.9165419
 1.3673655 1.9131737
 1.3655142 1.9098054
 1.3641467 1.9089113
 1.3607785 1.9097413
 1.3594083 1.9098054
 0.9999999E-12    29
 1.6621814 1.9098054
 1.6614510 1.9131737
 1.6605539 1.9149187
 1.6571857 1.9145466
 1.6551903 1.9165419
 1.6544334 1.9199102
 1.6543900 1.9232785
 1.6548072 1.9266467
 1.6571857 1.9290251
 1.6605539 1.9293193
 1.6639222 1.9292159
 1.6672904 1.9277272
 1.6683710 1.9266467
 1.6672904 1.9247955
 1.6671439 1.9232785
 1.6672904 1.9227600
 1.6706587 1.9222941
 1.6740270 1.9215335
 1.6773952 1.9211495
 1.6791936 1.9199102
 1.6804399 1.9165419
 1.6803216 1.9131737
 1.6798968 1.9098054
 1.6773952 1.9081782
 1.6740270 1.9075732
 1.6706587 1.9068177
 1.6672904 1.9076320
 1.6639222 1.9074558
 1.6621814 1.9098054
 0.9999999E-12    19
 1.8460492 1.9098054
 1.8460200 1.9131737
 1.8458223 1.9165419
 1.8473561 1.9199102
 1.8491766 1.9210300
 1.8525449 1.9212284
 1.8540745 1.9232785
 1.8559132 1.9258279
 1.8592814 1.9261363
 1.8620862 1.9232785
 1.8620032 1.9199102
 1.8592814 1.9175080
 1.8583820 1.9165419
 1.8575116 1.9131737
 1.8568342 1.9098054
 1.8559132 1.9088844
 1.8525449 1.9078676
 1.8491766 1.9079194
 1.8460492 1.9098054
 0.9999999E-12    19
 1.9958929 1.9098054
 1.9950541 1.9131737
 1.9951441 1.9165419
 1.9965810 1.9199102
 1.9973803 1.9207095
 2.0007486 1.9199300
 2.0041168 1.9218295
 2.0074852 1.9200909
 2.0099089 1.9199102
 2.0108533 1.9198664
 2.0133858 1.9165419
 2.0132878 1.9131737
 2.0122962 1.9098054
 2.0108533 1.9088608
 2.0074852 1.9078959
 2.0041168 1.9074762
 2.0007486 1.9078294
 1.9973803 1.9083180
 1.9958929 1.9098054
 0.9999999E-12    29
 2.3676827 1.9098054
 2.3645210 1.9102781
 2.3631296 1.9131737
 2.3611526 1.9165339
 2.3577845 1.9146335
 2.3550091 1.9165419
 2.3544161 1.9167097
 2.3520224 1.9165419
 2.3510480 1.9161980
 2.3507040 1.9165419
 2.3489625 1.9199102
 2.3488212 1.9232785
 2.3496630 1.9266467
 2.3510480 1.9280316
 2.3544161 1.9286505
 2.3577845 1.9290900
 2.3611526 1.9289470
 2.3645210 1.9283253
 2.3671017 1.9266467
 2.3672171 1.9232785
 2.3678892 1.9213277
 2.3712575 1.9199942
 2.3713815 1.9199102
 2.3736205 1.9165419
 2.3736217 1.9131737
 2.3715754 1.9098054
 2.3712575 1.9095914
 2.3678892 1.9097804
 2.3676827 1.9098054
 0.9999999E-12   193
 1.8024492 1.9165419
 1.8020210 1.9165717
 1.7988486 1.9199102
 1.7989286 1.9232785
 1.8001674 1.9266467
 1.8020210 1.9276421
 1.8053893 1.9296595
 1.8055153 1.9300150
 1.8053893 1.9318973
 1.8048519 1.9333832
 1.8053893 1.9340794
 1.8087575 1.9361360
 1.8121258 1.9367166
 1.8121548 1.9367515
 1.8124536 1.9401197
 1.8154941 1.9426975
 1.8188623 1.9426297
 1.8222306 1.9402709
 1.8255988 1.9401889
 1.8258120 1.9434880
 1.8255988 1.9460912
 1.8252709 1.9468563
 1.8255988 1.9474398
 1.8281332 1.9502245
 1.8289671 1.9507124
 1.8323354 1.9521953
 1.8328012 1.9535928
 1.8349653 1.9569612
 1.8357036 1.9589987
 1.8390719 1.9575996
 1.8408576 1.9603294
 1.8390719 1.9605368
 1.8357036 1.9604334
 1.8323354 1.9629372
 1.8317639 1.9636977
 1.8323354 1.9646341
 1.8326100 1.9670659
 1.8323354 1.9696089
 1.8297496 1.9704342
 1.8323354 1.9710435
 1.8357036 1.9735035
 1.8390719 1.9733976
 1.8419629 1.9738024
 1.8424401 1.9740670
 1.8455220 1.9771707
 1.8458084 1.9775808
 1.8489190 1.9805390
 1.8491766 1.9807161
 1.8499231 1.9805390
 1.8525449 1.9804147
 1.8535089 1.9805390
 1.8533866 1.9839072
 1.8525449 1.9866459
 1.8523253 1.9872755
 1.8525449 1.9879942
 1.8526819 1.9906437
 1.8525449 1.9939176
 1.8525202 1.9940120
 1.8525449 1.9940367
 1.8559132 1.9960884
 1.8592814 1.9969187
 1.8594763 1.9973803
 1.8592814 1.9990475
 1.8581294 2.0007486
 1.8592814 2.0020502
 1.8621570 2.0041168
 1.8626497 2.0045340
 1.8632387 2.0041168
 1.8660179 2.0037005
 1.8681240 2.0041168
 1.8693862 2.0050790
 1.8704201 2.0041168
 1.8727545 2.0025673
 1.8761228 2.0010266
 1.8762996 2.0007486
 1.8769568 1.9973803
 1.8777536 1.9940120
 1.8761228 1.9927406
 1.8727545 1.9913485
 1.8714029 1.9906437
 1.8693862 1.9877684
 1.8660179 1.9901491
 1.8654031 1.9872755
 1.8660179 1.9864963
 1.8693862 1.9868711
 1.8727545 1.9864770
 1.8761228 1.9868584
 1.8786039 1.9872755
 1.8794911 1.9876040
 1.8799098 1.9906437
 1.8803242 1.9940120
 1.8828593 1.9956254
 1.8862276 1.9962699
 1.8871241 1.9973803
 1.8875729 2.0007486
 1.8895959 2.0026329
 1.8929641 2.0030565
 1.8958069 2.0041168
 1.8963324 2.0045907
 1.8968825 2.0041168
 1.8997006 2.0033765
 1.9002301 2.0041168
 1.8999435 2.0074852
 1.9030689 2.0106959
 1.9064372 2.0102994
 1.9094834 2.0108533
 1.9098054 2.0112851
 1.9100671 2.0108533
 1.9131737 2.0086544
 1.9152513 2.0074852
 1.9163333 2.0041168
 1.9147518 2.0007486
 1.9131737 1.9999350
 1.9098054 1.9973948
 1.9064372 1.9980897
 1.9055091 1.9973803
 1.9048753 1.9940120
 1.9030689 1.9909493
 1.8997006 1.9910092
 1.8987825 1.9906437
 1.8963324 1.9877629
 1.8957931 1.9872755
 1.8929641 1.9850237
 1.8912306 1.9839072
 1.8895959 1.9826565
 1.8862276 1.9831327
 1.8828593 1.9811748
 1.8823756 1.9805390
 1.8794911 1.9776807
 1.8789254 1.9771707
 1.8770093 1.9738024
 1.8764453 1.9704342
 1.8761228 1.9699283
 1.8727545 1.9684924
 1.8711056 1.9670659
 1.8693862 1.9646571
 1.8680699 1.9636977
 1.8660179 1.9623508
 1.8626497 1.9607919
 1.8592814 1.9610263
 1.8559132 1.9610491
 1.8531134 1.9636977
 1.8528788 1.9670659
 1.8525449 1.9674314
 1.8513775 1.9670659
 1.8506083 1.9636977
 1.8491766 1.9627439
 1.8458084 1.9611250
 1.8433875 1.9603294
 1.8424401 1.9587085
 1.8397344 1.9569612
 1.8424401 1.9547248
 1.8428682 1.9535928
 1.8434148 1.9502245
 1.8432571 1.9468563
 1.8424401 1.9449935
 1.8420202 1.9434880
 1.8424401 1.9405470
 1.8425622 1.9401197
 1.8433356 1.9367515
 1.8447170 1.9333832
 1.8446274 1.9300150
 1.8446839 1.9266467
 1.8430984 1.9232785
 1.8424401 1.9226202
 1.8390719 1.9226646
 1.8357036 1.9218011
 1.8333403 1.9232785
 1.8323354 1.9241543
 1.8306983 1.9266467
 1.8323354 1.9299371
 1.8323425 1.9300150
 1.8323354 1.9300756
 1.8304822 1.9333832
 1.8323354 1.9357436
 1.8329408 1.9367515
 1.8323354 1.9373487
 1.8289671 1.9380836
 1.8255988 1.9400941
 1.8225720 1.9367515
 1.8238434 1.9333832
 1.8227357 1.9300150
 1.8224329 1.9266467
 1.8222306 1.9263096
 1.8188623 1.9238411
 1.8175098 1.9232785
 1.8154941 1.9212925
 1.8144480 1.9199102
 1.8121258 1.9176357
 1.8090836 1.9165419
 1.8087575 1.9163595
 1.8053893 1.9160300
 1.8024492 1.9165419
 0.9999999E-12    29
 2.2938826 1.9165419
 2.2937875 1.9165691
 2.2904191 1.9166410
 2.2879362 1.9199102
 2.2880445 1.9232785
 2.2889364 1.9266467
 2.2904191 1.9276183
 2.2937875 1.9286153
 2.2971556 1.9289947
 2.3005240 1.9289728
 2.3038921 1.9291493
 2.3072605 1.9287937
 2.3106287 1.9286921
 2.3136985 1.9266467
 2.3139970 1.9264101
 2.3173654 1.9245368
 2.3179653 1.9232785
 2.3175645 1.9199102
 2.3173654 1.9195743
 2.3139970 1.9176999
 2.3123405 1.9165419
 2.3106287 1.9151074
 2.3073826 1.9165419
 2.3072605 1.9165567
 2.3072047 1.9165419
 2.3038921 1.9144392
 2.3005240 1.9159307
 2.2971556 1.9146584
 2.2938826 1.9165419
 0.9999999E-12   173
 1.6892608 1.9232785
 1.6875000 1.9239509
 1.6841317 1.9247054
 1.6829691 1.9266467
 1.6827767 1.9300150
 1.6833733 1.9333832
 1.6841317 1.9345868
 1.6875000 1.9354937
 1.6901646 1.9367515
 1.6908683 1.9374037
 1.6916510 1.9367515
 1.6942365 1.9361117
 1.6955779 1.9367515
 1.6976048 1.9394081
 1.6986762 1.9401197
 1.7009730 1.9416108
 1.7040310 1.9434880
 1.7009730 1.9449120
 1.6976048 1.9447888
 1.6952518 1.9468563
 1.6942365 1.9476972
 1.6913377 1.9502245
 1.6913067 1.9535928
 1.6942365 1.9562987
 1.6946696 1.9569612
 1.6966799 1.9603294
 1.6974456 1.9636977
 1.6976048 1.9638569
 1.7009730 1.9653099
 1.7043413 1.9666749
 1.7048936 1.9670659
 1.7061064 1.9704342
 1.7077096 1.9714193
 1.7089059 1.9738024
 1.7095410 1.9771707
 1.7110778 1.9798421
 1.7144461 1.9802976
 1.7154218 1.9805390
 1.7178144 1.9820678
 1.7211827 1.9806062
 1.7245510 1.9820491
 1.7271166 1.9805390
 1.7279192 1.9803840
 1.7284604 1.9805390
 1.7308594 1.9839072
 1.7279192 1.9850523
 1.7253915 1.9872755
 1.7252499 1.9906437
 1.7279192 1.9936002
 1.7288576 1.9940120
 1.7312875 1.9952611
 1.7346557 1.9955368
 1.7380240 1.9959178
 1.7413923 1.9957893
 1.7440118 1.9973803
 1.7437621 2.0007486
 1.7447605 2.0021968
 1.7481288 2.0033882
 1.7514970 2.0039773
 1.7548653 2.0035150
 1.7582335 2.0039120
 1.7584430 2.0041168
 1.7600381 2.0074852
 1.7616018 2.0086963
 1.7649701 2.0085657
 1.7662568 2.0074852
 1.7673314 2.0041168
 1.7678301 2.0007486
 1.7673339 1.9973803
 1.7664719 1.9940120
 1.7649701 1.9926809
 1.7616018 1.9915035
 1.7582335 1.9909272
 1.7548653 1.9907675
 1.7538844 1.9906437
 1.7514970 1.9898320
 1.7481288 1.9892750
 1.7477727 1.9872755
 1.7447605 1.9839919
 1.7439462 1.9839072
 1.7447605 1.9834850
 1.7475843 1.9805390
 1.7481288 1.9804578
 1.7514970 1.9803534
 1.7548653 1.9797294
 1.7582335 1.9785724
 1.7597507 1.9771707
 1.7603176 1.9738024
 1.7582335 1.9705634
 1.7580168 1.9704342
 1.7548653 1.9687545
 1.7514970 1.9679561
 1.7481288 1.9677907
 1.7447605 1.9671900
 1.7413923 1.9673747
 1.7399577 1.9670659
 1.7380240 1.9659021
 1.7361540 1.9670659
 1.7346557 1.9673332
 1.7325286 1.9670659
 1.7312875 1.9663992
 1.7304009 1.9670659
 1.7279192 1.9679147
 1.7245510 1.9670842
 1.7211827 1.9673216
 1.7210143 1.9670659
 1.7211827 1.9641532
 1.7213500 1.9636977
 1.7211827 1.9634886
 1.7178144 1.9605279
 1.7144461 1.9604583
 1.7143415 1.9603294
 1.7144001 1.9569612
 1.7118944 1.9535928
 1.7110778 1.9530320
 1.7077096 1.9504679
 1.7076718 1.9502245
 1.7072910 1.9468563
 1.7048371 1.9434880
 1.7077096 1.9431316
 1.7110778 1.9434476
 1.7144461 1.9403495
 1.7178144 1.9411675
 1.7211827 1.9426847
 1.7245510 1.9432623
 1.7279192 1.9423629
 1.7312875 1.9434066
 1.7346557 1.9431818
 1.7353941 1.9434880
 1.7365761 1.9468563
 1.7380240 1.9496220
 1.7413684 1.9502245
 1.7413923 1.9502285
 1.7447605 1.9517084
 1.7481288 1.9507636
 1.7498721 1.9502245
 1.7514970 1.9499887
 1.7545637 1.9468563
 1.7544169 1.9434880
 1.7537925 1.9401197
 1.7514970 1.9387574
 1.7481288 1.9379715
 1.7447605 1.9377476
 1.7413923 1.9373144
 1.7410917 1.9367515
 1.7413923 1.9340395
 1.7417948 1.9333832
 1.7413923 1.9328892
 1.7380240 1.9303523
 1.7346557 1.9305503
 1.7312875 1.9303423
 1.7279192 1.9314822
 1.7245510 1.9304973
 1.7211827 1.9311547
 1.7178144 1.9327133
 1.7144461 1.9332496
 1.7110778 1.9302932
 1.7077096 1.9303443
 1.7074666 1.9300150
 1.7077096 1.9267446
 1.7077557 1.9266467
 1.7077096 1.9265851
 1.7047149 1.9232785
 1.7043413 1.9229933
 1.7034365 1.9232785
 1.7009730 1.9234254
 1.7002777 1.9232785
 1.6976048 1.9216217
 1.6951531 1.9232785
 1.6942365 1.9234949
 1.6930152 1.9232785
 1.6908683 1.9219687
 1.6892608 1.9232785
 0.9999999E-12    83
 1.9217019 1.9232785
 1.9199102 1.9241084
 1.9165419 1.9258008
 1.9158031 1.9266467
 1.9151720 1.9300150
 1.9165419 1.9326966
 1.9170424 1.9333832
 1.9199102 1.9350657
 1.9230704 1.9367515
 1.9232785 1.9369518
 1.9234875 1.9367515
 1.9266467 1.9359117
 1.9292222 1.9367515
 1.9300150 1.9375173
 1.9307978 1.9367515
 1.9333832 1.9356492
 1.9359465 1.9367515
 1.9367515 1.9375391
 1.9375513 1.9367515
 1.9401197 1.9358745
 1.9427298 1.9367515
 1.9434880 1.9374982
 1.9442403 1.9367515
 1.9468563 1.9354944
 1.9501317 1.9367515
 1.9502245 1.9368436
 1.9503171 1.9367515
 1.9535928 1.9355861
 1.9562267 1.9367515
 1.9569612 1.9374830
 1.9576942 1.9367515
 1.9603294 1.9358332
 1.9629921 1.9367515
 1.9636977 1.9374554
 1.9644023 1.9367515
 1.9670659 1.9354467
 1.9704099 1.9367515
 1.9704342 1.9367758
 1.9704586 1.9367515
 1.9738024 1.9354477
 1.9771707 1.9361329
 1.9805390 1.9345601
 1.9827420 1.9333832
 1.9839072 1.9317775
 1.9847219 1.9300150
 1.9839120 1.9266467
 1.9839072 1.9266410
 1.9805390 1.9244363
 1.9774758 1.9232785
 1.9771707 1.9230491
 1.9767992 1.9232785
 1.9738024 1.9237835
 1.9718447 1.9232785
 1.9704342 1.9222740
 1.9690261 1.9232785
 1.9670659 1.9237846
 1.9656217 1.9232785
 1.9636977 1.9217942
 1.9615347 1.9232785
 1.9603294 1.9235344
 1.9591452 1.9232785
 1.9569612 1.9217712
 1.9549079 1.9232785
 1.9535928 1.9236966
 1.9518023 1.9232785
 1.9502245 1.9222218
 1.9487263 1.9232785
 1.9468563 1.9237546
 1.9454732 1.9232785
 1.9434880 1.9217623
 1.9412242 1.9232785
 1.9401197 1.9235058
 1.9390516 1.9232785
 1.9367515 1.9217212
 1.9345826 1.9232785
 1.9333832 1.9236521
 1.9321631 1.9232785
 1.9300150 1.9217436
 1.9276650 1.9232785
 1.9266467 1.9234822
 1.9252839 1.9232785
 1.9232785 1.9221063
 1.9217019 1.9232785
 0.9999999E-12    21
 1.4200832 1.9266467
 1.4189399 1.9300150
 1.4180390 1.9315411
 1.4165694 1.9333832
 1.4172456 1.9367515
 1.4169184 1.9401197
 1.4180390 1.9421737
 1.4206220 1.9434880
 1.4214072 1.9437858
 1.4247755 1.9438587
 1.4256226 1.9434880
 1.4281437 1.9418588
 1.4290935 1.9401197
 1.4285015 1.9367515
 1.4294868 1.9333832
 1.4281437 1.9317650
 1.4271176 1.9300150
 1.4259447 1.9266467
 1.4247755 1.9257419
 1.4214072 1.9256910
 1.4200832 1.9266467
 0.9999999E-12    13
 2.3298473 1.9333832
 2.3289165 1.9367515
 2.3293951 1.9401197
 2.3308384 1.9424196
 2.3342066 1.9426858
 2.3375750 1.9425493
 2.3396742 1.9401197
 2.3396523 1.9367515
 2.3392274 1.9333832
 2.3375750 1.9316895
 2.3342066 1.9314501
 2.3308384 1.9318289
 2.3298473 1.9333832
 0.9999999E-12     5
 1.7170126 1.9367515
 1.7144461 1.9398749
 1.7140338 1.9367515
 1.7144461 1.9335420
 1.7170126 1.9367515
 0.9999999E-12    31
 1.6348940 1.9401197
 1.6336077 1.9403901
 1.6302395 1.9427224
 1.6298947 1.9434880
 1.6302124 1.9468563
 1.6302395 1.9469038
 1.6336077 1.9491235
 1.6341152 1.9502245
 1.6344286 1.9535928
 1.6351931 1.9569612
 1.6369761 1.9587439
 1.6403444 1.9589900
 1.6420097 1.9603294
 1.6429670 1.9636977
 1.6437126 1.9648982
 1.6470809 1.9654819
 1.6504492 1.9655508
 1.6523288 1.9636977
 1.6528230 1.9603294
 1.6537355 1.9569612
 1.6532291 1.9535928
 1.6529120 1.9502245
 1.6507105 1.9468563
 1.6504492 1.9466746
 1.6470809 1.9453601
 1.6448864 1.9434880
 1.6437126 1.9414178
 1.6409235 1.9401197
 1.6403444 1.9399173
 1.6369761 1.9393780
 1.6348940 1.9401197
 0.9999999E-12    11
 1.7791439 1.9401197
 1.7786576 1.9434880
 1.7785089 1.9468563
 1.7818114 1.9499166
 1.7851796 1.9499246
 1.7884330 1.9468563
 1.7882729 1.9434880
 1.7877686 1.9401197
 1.7851796 1.9386729
 1.7818114 1.9386607
 1.7791439 1.9401197
 0.9999999E-12    31
 3.0842402 1.9502245
 3.0831051 1.9535928
 3.0831025 1.9569612
 3.0842896 1.9603294
 3.0853293 1.9613692
 3.0886977 1.9614698
 3.0920658 1.9626068
 3.0954342 1.9620804
 3.0988023 1.9626036
 3.1021707 1.9621224
 3.1055388 1.9627392
 3.1089072 1.9624617
 3.1122756 1.9626379
 3.1156437 1.9619093
 3.1190121 1.9607750
 3.1196949 1.9603294
 3.1214869 1.9569612
 3.1215334 1.9535928
 3.1191640 1.9502245
 3.1190121 1.9501220
 3.1156437 1.9489938
 3.1122756 1.9480041
 3.1089072 1.9482652
 3.1055388 1.9478626
 3.1021707 1.9485353
 3.0988023 1.9479733
 3.0954342 1.9484704
 3.0920658 1.9479389
 3.0886977 1.9489423
 3.0853293 1.9491354
 3.0842402 1.9502245
 0.9999999E-12    47
 1.8816578 1.9535928
 1.8796269 1.9569612
 1.8799151 1.9603294
 1.8798419 1.9636977
 1.8828593 1.9656227
 1.8862276 1.9662579
 1.8870740 1.9670659
 1.8871623 1.9704342
 1.8895959 1.9727439
 1.8929641 1.9729885
 1.8953750 1.9738024
 1.8963324 1.9746319
 1.8973991 1.9738024
 1.8997006 1.9733136
 1.9001118 1.9738024
 1.8998834 1.9771707
 1.9027969 1.9805390
 1.9030689 1.9807608
 1.9035703 1.9805390
 1.9064372 1.9802990
 1.9074280 1.9805390
 1.9098054 1.9821949
 1.9118696 1.9805390
 1.9131737 1.9801272
 1.9165419 1.9803259
 1.9186339 1.9771707
 1.9186586 1.9738024
 1.9181135 1.9704342
 1.9165419 1.9679198
 1.9131737 1.9680114
 1.9118044 1.9670659
 1.9098054 1.9642496
 1.9088242 1.9636977
 1.9064372 1.9622855
 1.9035833 1.9603294
 1.9030689 1.9598570
 1.9023962 1.9603294
 1.8997006 1.9607763
 1.8989187 1.9603294
 1.8975272 1.9569612
 1.8963324 1.9547774
 1.8929641 1.9539884
 1.8918741 1.9535928
 1.8895959 1.9519722
 1.8862276 1.9532754
 1.8828593 1.9527409
 1.8816578 1.9535928
 0.9999999E-12    89
 2.3162682 1.9535928
 2.3141530 1.9569612
 2.3144729 1.9603294
 2.3139970 1.9610164
 2.3106287 1.9617004
 2.3087330 1.9636977
 2.3085248 1.9670659
 2.3072605 1.9679683
 2.3038921 1.9687289
 2.3012824 1.9704342
 2.3012948 1.9738024
 2.3005240 1.9754485
 2.2982616 1.9771707
 2.2971556 1.9792228
 2.2963202 1.9805390
 2.2938507 1.9839072
 2.2937875 1.9839791
 2.2904191 1.9863760
 2.2897146 1.9872755
 2.2880309 1.9906437
 2.2870510 1.9929279
 2.2861731 1.9940120
 2.2836826 1.9970834
 2.2833703 1.9973803
 2.2803144 2.0002975
 2.2798848 2.0007486
 2.2803144 2.0012338
 2.2807729 2.0041168
 2.2803144 2.0047448
 2.2769461 2.0048745
 2.2735779 2.0050986
 2.2702096 2.0053537
 2.2668414 2.0062096
 2.2644713 2.0074852
 2.2634730 2.0083258
 2.2618971 2.0108533
 2.2621529 2.0142217
 2.2634730 2.0158296
 2.2668414 2.0172224
 2.2676442 2.0175898
 2.2702096 2.0191131
 2.2735779 2.0191300
 2.2755759 2.0209582
 2.2769461 2.0230331
 2.2803144 2.0237608
 2.2834890 2.0209582
 2.2836826 2.0208120
 2.2866015 2.0175898
 2.2870510 2.0172815
 2.2904191 2.0168128
 2.2918270 2.0142217
 2.2928865 2.0108533
 2.2937875 2.0090654
 2.2964451 2.0074852
 2.2971556 2.0068920
 2.2988229 2.0041168
 2.2995327 2.0007486
 2.2997172 1.9973803
 2.3005240 1.9965404
 2.3038921 1.9961829
 2.3060632 1.9940120
 2.3065732 1.9906437
 2.3072605 1.9886894
 2.3106287 1.9887538
 2.3121071 1.9872755
 2.3131070 1.9839072
 2.3135874 1.9805390
 2.3139970 1.9799292
 2.3173654 1.9795763
 2.3188102 1.9771707
 2.3197551 1.9738024
 2.3207335 1.9727229
 2.3241019 1.9723142
 2.3252997 1.9704342
 2.3265529 1.9670659
 2.3274701 1.9653659
 2.3308384 1.9649141
 2.3320181 1.9636977
 2.3327565 1.9603294
 2.3327754 1.9569612
 2.3308384 1.9546020
 2.3274701 1.9543165
 2.3260610 1.9535928
 2.3241019 1.9519008
 2.3215613 1.9535928
 2.3207335 1.9537488
 2.3191495 1.9535928
 2.3173654 1.9526825
 2.3162682 1.9535928
 0.9999999E-12    17
 2.5594068 1.9569612
 2.5598803 1.9577239
 2.5601737 1.9603294
 2.5598803 1.9629252
 2.5594003 1.9636977
 2.5598803 1.9643053
 2.5632486 1.9668157
 2.5666168 1.9665411
 2.5699852 1.9658419
 2.5713856 1.9636977
 2.5713239 1.9603294
 2.5714159 1.9569612
 2.5699852 1.9547369
 2.5666168 1.9540907
 2.5632486 1.9537824
 2.5598803 1.9563600
 2.5594068 1.9569612
 0.9999999E-12    21
 2.7482398 1.9569612
 2.7453485 1.9603294
 2.7451348 1.9614332
 2.7444468 1.9636977
 2.7446122 1.9670659
 2.7451348 1.9689069
 2.7454777 1.9704342
 2.7485030 1.9727416
 2.7518713 1.9717360
 2.7528274 1.9704342
 2.7540350 1.9670659
 2.7552395 1.9659884
 2.7586079 1.9643993
 2.7592292 1.9636977
 2.7599554 1.9603294
 2.7586079 1.9578239
 2.7571523 1.9569612
 2.7552395 1.9561945
 2.7518713 1.9556035
 2.7485030 1.9568462
 2.7482398 1.9569612
 0.9999999E-12   137
 1.5891180 1.9603294
 1.5864521 1.9632807
 1.5860550 1.9636977
 1.5864521 1.9640987
 1.5870279 1.9670659
 1.5864521 1.9700730
 1.5860947 1.9704342
 1.5864521 1.9708278
 1.5889049 1.9738024
 1.5898204 1.9746475
 1.5908525 1.9738024
 1.5931886 1.9734293
 1.5950309 1.9738024
 1.5965569 1.9751017
 1.5979193 1.9738024
 1.5999252 1.9721582
 1.6032934 1.9727958
 1.6066617 1.9721489
 1.6083564 1.9738024
 1.6100299 1.9754121
 1.6118997 1.9738024
 1.6133982 1.9735031
 1.6138149 1.9738024
 1.6142786 1.9771707
 1.6156034 1.9805390
 1.6167665 1.9817020
 1.6191524 1.9805390
 1.6201347 1.9804446
 1.6204525 1.9805390
 1.6235030 1.9828151
 1.6268712 1.9807676
 1.6302395 1.9827887
 1.6336077 1.9807367
 1.6348473 1.9839072
 1.6361662 1.9872755
 1.6369761 1.9880853
 1.6403444 1.9880645
 1.6437126 1.9895962
 1.6470809 1.9890857
 1.6504492 1.9900562
 1.6538174 1.9898816
 1.6546414 1.9906437
 1.6551542 1.9940120
 1.6571857 1.9960433
 1.6605539 1.9964865
 1.6639222 1.9969186
 1.6672904 1.9969164
 1.6694372 1.9973803
 1.6700844 2.0007486
 1.6706587 2.0016606
 1.6740270 2.0027912
 1.6748470 2.0041168
 1.6751081 2.0074852
 1.6759574 2.0108533
 1.6773952 2.0132396
 1.6781442 2.0142217
 1.6807635 2.0162618
 1.6819005 2.0175898
 1.6841317 2.0202880
 1.6847924 2.0209582
 1.6875000 2.0235302
 1.6887246 2.0243263
 1.6908683 2.0257754
 1.6942365 2.0259244
 1.6976048 2.0257480
 1.6998843 2.0243263
 1.7006320 2.0209582
 1.7006923 2.0175898
 1.6993661 2.0142217
 1.6976048 2.0130997
 1.6942365 2.0116518
 1.6939813 2.0108533
 1.6942365 2.0076523
 1.6943176 2.0074852
 1.6942365 2.0073802
 1.6918333 2.0041168
 1.6942365 2.0032768
 1.6976048 2.0026646
 1.6997464 2.0007486
 1.7001244 1.9973803
 1.7001423 1.9940120
 1.6976048 1.9914597
 1.6942365 1.9910582
 1.6929222 1.9906437
 1.6908683 1.9892418
 1.6883141 1.9906437
 1.6875000 1.9907652
 1.6871852 1.9906437
 1.6851071 1.9872755
 1.6841317 1.9860994
 1.6807635 1.9852904
 1.6781977 1.9872755
 1.6773952 1.9881587
 1.6765081 1.9872755
 1.6740321 1.9839072
 1.6740270 1.9839038
 1.6706587 1.9815000
 1.6672988 1.9805390
 1.6683140 1.9771707
 1.6672904 1.9761471
 1.6639222 1.9746097
 1.6605539 1.9743768
 1.6571857 1.9742023
 1.6538174 1.9743795
 1.6504492 1.9743294
 1.6470809 1.9748727
 1.6448296 1.9738024
 1.6437126 1.9716389
 1.6430010 1.9704342
 1.6403444 1.9687648
 1.6369761 1.9680228
 1.6336077 1.9677534
 1.6302395 1.9676911
 1.6268712 1.9677507
 1.6235030 1.9676845
 1.6201347 1.9676896
 1.6196636 1.9670659
 1.6201347 1.9646536
 1.6210833 1.9636977
 1.6201347 1.9626931
 1.6180369 1.9603294
 1.6167665 1.9591219
 1.6154116 1.9603294
 1.6133982 1.9606889
 1.6117185 1.9603294
 1.6100299 1.9587967
 1.6084603 1.9603294
 1.6066617 1.9621397
 1.6032934 1.9614837
 1.5999252 1.9621491
 1.5977589 1.9603294
 1.5965569 1.9591607
 1.5952840 1.9603294
 1.5931886 1.9608011
 1.5905675 1.9603294
 1.5898204 1.9596573
 1.5891180 1.9603294
 0.9999999E-12   143
 2.5856888 1.9636977
 2.5834582 1.9645339
 2.5819087 1.9670659
 2.5808043 1.9704342
 2.5800898 1.9708142
 2.5787685 1.9704342
 2.5767217 1.9697485
 2.5733533 1.9695964
 2.5699852 1.9695790
 2.5692925 1.9704342
 2.5672650 1.9738024
 2.5666168 1.9745129
 2.5632486 1.9749981
 2.5598803 1.9762137
 2.5585396 1.9771707
 2.5565121 1.9789705
 2.5550556 1.9805390
 2.5531437 1.9823103
 2.5497754 1.9823941
 2.5464072 1.9836708
 2.5430388 1.9835515
 2.5399117 1.9839072
 2.5396707 1.9839140
 2.5363023 1.9840314
 2.5329342 1.9861287
 2.5321794 1.9872755
 2.5329342 1.9902371
 2.5329545 1.9906437
 2.5329342 1.9907771
 2.5312836 1.9940120
 2.5329342 1.9966582
 2.5331440 1.9973803
 2.5329342 1.9984666
 2.5295658 1.9997114
 2.5261977 1.9991822
 2.5228293 1.9995654
 2.5206649 2.0007486
 2.5197945 2.0041168
 2.5194612 2.0058372
 2.5174150 2.0074852
 2.5160928 2.0079808
 2.5127246 2.0079205
 2.5093563 2.0085597
 2.5072029 2.0108533
 2.5059881 2.0136158
 2.5047121 2.0142217
 2.5026197 2.0144529
 2.4992516 2.0145841
 2.4958832 2.0157981
 2.4938338 2.0175898
 2.4926183 2.0209582
 2.4925151 2.0210478
 2.4891467 2.0218527
 2.4857786 2.0242288
 2.4857161 2.0243263
 2.4854536 2.0276947
 2.4824102 2.0300198
 2.4790421 2.0297499
 2.4756737 2.0308356
 2.4752862 2.0310628
 2.4730687 2.0344312
 2.4723055 2.0358651
 2.4690876 2.0377994
 2.4689372 2.0378604
 2.4681332 2.0377994
 2.4655688 2.0375004
 2.4647105 2.0377994
 2.4622006 2.0383332
 2.4595368 2.0411677
 2.4597068 2.0445359
 2.4622006 2.0466330
 2.4655688 2.0473089
 2.4689372 2.0470226
 2.4723055 2.0473092
 2.4756737 2.0470495
 2.4790421 2.0462873
 2.4805748 2.0445359
 2.4815435 2.0411677
 2.4824102 2.0402162
 2.4857786 2.0389004
 2.4869256 2.0377994
 2.4881191 2.0344312
 2.4891467 2.0335414
 2.4925151 2.0332925
 2.4952154 2.0310628
 2.4953136 2.0276947
 2.4958832 2.0258574
 2.4992516 2.0255356
 2.5026197 2.0259597
 2.5059881 2.0255497
 2.5080850 2.0243263
 2.5088758 2.0209582
 2.5093563 2.0187361
 2.5114279 2.0175898
 2.5127246 2.0171962
 2.5160928 2.0171402
 2.5194612 2.0164766
 2.5214250 2.0142217
 2.5228293 2.0109711
 2.5234196 2.0108533
 2.5261977 2.0107183
 2.5295658 2.0103438
 2.5329342 2.0091765
 2.5347357 2.0074852
 2.5358577 2.0041168
 2.5363023 2.0037668
 2.5396707 2.0032196
 2.5428209 2.0007486
 2.5430388 1.9999580
 2.5448227 1.9973803
 2.5464072 1.9970409
 2.5484600 1.9973803
 2.5497754 1.9979718
 2.5517364 1.9973803
 2.5531437 1.9972892
 2.5543127 1.9973803
 2.5565121 1.9981325
 2.5575328 1.9973803
 2.5598803 1.9966133
 2.5632486 1.9953870
 2.5641930 1.9940120
 2.5639732 1.9906437
 2.5666168 1.9900107
 2.5699852 1.9899029
 2.5733533 1.9891498
 2.5767217 1.9879003
 2.5773463 1.9872755
 2.5779259 1.9839072
 2.5792668 1.9805390
 2.5800898 1.9793382
 2.5824335 1.9771707
 2.5831628 1.9738024
 2.5834582 1.9732331
 2.5868263 1.9724174
 2.5901947 1.9726675
 2.5935628 1.9720390
 2.5956833 1.9704342
 2.5961802 1.9670659
 2.5935628 1.9640195
 2.5920362 1.9636977
 2.5901947 1.9631699
 2.5868263 1.9633192
 2.5856888 1.9636977
 0.9999999E-12    27
 2.9222636 1.9636977
 2.9202845 1.9641372
 2.9169161 1.9651620
 2.9151571 1.9670659
 2.9149170 1.9704342
 2.9169161 1.9731697
 2.9182491 1.9738024
 2.9202845 1.9747981
 2.9236526 1.9756202
 2.9270210 1.9759049
 2.9303892 1.9762135
 2.9337575 1.9760401
 2.9371257 1.9759686
 2.9404941 1.9750804
 2.9433339 1.9738024
 2.9438622 1.9722536
 2.9442594 1.9704342
 2.9444594 1.9670659
 2.9438622 1.9659091
 2.9404941 1.9640597
 2.9393749 1.9636977
 2.9371257 1.9622791
 2.9337575 1.9628400
 2.9303892 1.9621094
 2.9270210 1.9630616
 2.9236526 1.9631808
 2.9222636 1.9636977
 0.9999999E-12    39
 2.9630408 1.9636977
 2.9608128 1.9670659
 2.9610989 1.9704342
 2.9609792 1.9738024
 2.9640720 1.9757639
 2.9674401 1.9762949
 2.9691293 1.9771707
 2.9706473 1.9805390
 2.9708085 1.9806882
 2.9741766 1.9820178
 2.9775450 1.9824435
 2.9809132 1.9820434
 2.9842815 1.9824886
 2.9876497 1.9826484
 2.9905643 1.9839072
 2.9910181 1.9842855
 2.9914823 1.9839072
 2.9943862 1.9832648
 2.9977546 1.9832360
 2.9994395 1.9805390
 2.9997675 1.9771707
 2.9994578 1.9738024
 2.9977546 1.9710525
 2.9943862 1.9710777
 2.9915895 1.9704342
 2.9910181 1.9699590
 2.9904516 1.9704342
 2.9876497 1.9716629
 2.9842815 1.9717300
 2.9809132 1.9721662
 2.9793746 1.9704342
 2.9785817 1.9670659
 2.9775450 1.9652132
 2.9741766 1.9641830
 2.9728448 1.9636977
 2.9708085 1.9622141
 2.9674401 1.9636484
 2.9640720 1.9629750
 2.9630408 1.9636977
 0.9999999E-12    35
 1.8141037 1.9670659
 1.8121258 1.9674201
 1.8087575 1.9683623
 1.8060097 1.9704342
 1.8058136 1.9738024
 1.8056390 1.9771707
 1.8087575 1.9800115
 1.8109654 1.9805390
 1.8121258 1.9810922
 1.8154941 1.9822280
 1.8188623 1.9830722
 1.8192514 1.9839072
 1.8222306 1.9872031
 1.8225036 1.9872755
 1.8255988 1.9885617
 1.8289671 1.9892775
 1.8323354 1.9885662
 1.8357036 1.9878416
 1.8362697 1.9872755
 1.8375551 1.9839072
 1.8374594 1.9805390
 1.8369219 1.9771707
 1.8357036 1.9748027
 1.8323354 1.9748333
 1.8289671 1.9738742
 1.8289069 1.9738024
 1.8288164 1.9704342
 1.8255988 1.9684620
 1.8226789 1.9670659
 1.8222306 1.9667025
 1.8211799 1.9670659
 1.8188623 1.9672353
 1.8171179 1.9670659
 1.8154941 1.9663957
 1.8141037 1.9670659
 0.9999999E-12    33
 2.4443846 1.9704342
 2.4437947 1.9738024
 2.4419911 1.9757863
 2.4386227 1.9757413
 2.4366133 1.9771707
 2.4352546 1.9780018
 2.4323971 1.9805390
 2.4323552 1.9839072
 2.4352546 1.9866881
 2.4361551 1.9872755
 2.4386227 1.9889456
 2.4419911 1.9891059
 2.4453592 1.9891715
 2.4480999 1.9872755
 2.4485023 1.9839072
 2.4487276 1.9829854
 2.4520957 1.9822582
 2.4554641 1.9812208
 2.4588323 1.9812092
 2.4604762 1.9805390
 2.4622006 1.9801154
 2.4655688 1.9791007
 2.4673207 1.9771707
 2.4675453 1.9738024
 2.4655688 1.9710233
 2.4643462 1.9704342
 2.4622006 1.9694570
 2.4588323 1.9687648
 2.4554641 1.9684018
 2.4520957 1.9681084
 2.4487276 1.9684314
 2.4453592 1.9694595
 2.4443846 1.9704342
 0.9999999E-12     5
 1.8460158 1.9738024
 1.8458084 1.9765087
 1.8430573 1.9738024
 1.8458084 1.9733888
 1.8460158 1.9738024
 0.9999999E-12    53
 2.4152825 1.9771707
 2.4150450 1.9772269
 2.4116766 1.9781314
 2.4105642 1.9805390
 2.4089162 1.9839072
 2.4083085 1.9842129
 2.4068592 1.9839072
 2.4049401 1.9828281
 2.4030182 1.9839072
 2.4015720 1.9842063
 2.4001853 1.9839072
 2.3982036 1.9827743
 2.3965859 1.9839072
 2.3948355 1.9844010
 2.3914671 1.9849927
 2.3901589 1.9872755
 2.3894367 1.9906437
 2.3880987 1.9926574
 2.3856537 1.9940120
 2.3847582 1.9973803
 2.3860092 2.0007486
 2.3880987 2.0018165
 2.3914671 2.0028026
 2.3948355 2.0022423
 2.3982036 2.0028100
 2.4015720 2.0022752
 2.4049401 2.0037367
 2.4083085 2.0031886
 2.4112775 2.0041168
 2.4116766 2.0044615
 2.4120979 2.0041168
 2.4150450 2.0033131
 2.4180503 2.0041168
 2.4184132 2.0044127
 2.4187844 2.0041168
 2.4217815 2.0033274
 2.4251497 2.0032132
 2.4277174 2.0007486
 2.4277153 1.9973803
 2.4277630 1.9940120
 2.4251497 1.9914904
 2.4217815 1.9912472
 2.4209137 1.9906437
 2.4217815 1.9891738
 2.4251497 1.9883276
 2.4259584 1.9872755
 2.4277585 1.9839072
 2.4277914 1.9805390
 2.4254296 1.9771707
 2.4251497 1.9769889
 2.4217815 1.9764086
 2.4184132 1.9756286
 2.4152825 1.9771707
 0.9999999E-12     5
 1.8593585 1.9805390
 1.8592814 1.9807796
 1.8588880 1.9805390
 1.8592814 1.9804877
 1.8593585 1.9805390
 0.9999999E-12   137
 1.9222318 1.9805390
 1.9209414 1.9839072
 1.9205874 1.9872755
 1.9209422 1.9906437
 1.9224136 1.9940120
 1.9232785 1.9945818
 1.9266467 1.9956051
 1.9300150 1.9961724
 1.9333832 1.9960314
 1.9345579 1.9973803
 1.9350851 2.0007486
 1.9367515 2.0024254
 1.9401197 2.0030606
 1.9413905 2.0041168
 1.9401197 2.0056169
 1.9367515 2.0048366
 1.9333832 2.0054641
 1.9300150 2.0063236
 1.9282390 2.0074852
 1.9276397 2.0108533
 1.9274970 2.0142217
 1.9300150 2.0173371
 1.9333832 2.0173199
 1.9345530 2.0175898
 1.9367515 2.0189304
 1.9391599 2.0175898
 1.9401197 2.0173752
 1.9404494 2.0175898
 1.9411436 2.0209582
 1.9430164 2.0243263
 1.9420372 2.0276947
 1.9401197 2.0283611
 1.9367515 2.0277674
 1.9333832 2.0290914
 1.9300193 2.0310628
 1.9300150 2.0310726
 1.9288193 2.0344312
 1.9300150 2.0372543
 1.9303523 2.0377994
 1.9333832 2.0394783
 1.9367515 2.0408771
 1.9401197 2.0402796
 1.9424353 2.0411677
 1.9434880 2.0421624
 1.9445441 2.0411677
 1.9468563 2.0404897
 1.9491990 2.0411677
 1.9502245 2.0421331
 1.9512572 2.0411677
 1.9535928 2.0402670
 1.9543004 2.0411677
 1.9540161 2.0445359
 1.9567454 2.0479043
 1.9569612 2.0480886
 1.9572909 2.0479043
 1.9603294 2.0475879
 1.9617460 2.0479043
 1.9636977 2.0493314
 1.9654129 2.0479043
 1.9670659 2.0472600
 1.9702617 2.0479043
 1.9704342 2.0480285
 1.9705918 2.0479043
 1.9738024 2.0466702
 1.9770620 2.0445359
 1.9771707 2.0440600
 1.9779034 2.0411677
 1.9771707 2.0394759
 1.9761490 2.0377994
 1.9738024 2.0365033
 1.9704342 2.0349743
 1.9670659 2.0357678
 1.9644854 2.0344312
 1.9636977 2.0336471
 1.9629067 2.0344312
 1.9603294 2.0352855
 1.9592725 2.0344312
 1.9583374 2.0310628
 1.9569612 2.0288877
 1.9535928 2.0286207
 1.9515449 2.0276947
 1.9528666 2.0243263
 1.9535928 2.0240803
 1.9542984 2.0243263
 1.9569612 2.0263786
 1.9603294 2.0251992
 1.9636977 2.0260930
 1.9670659 2.0251760
 1.9704342 2.0260797
 1.9738024 2.0251677
 1.9752390 2.0276947
 1.9764240 2.0310628
 1.9771707 2.0320001
 1.9805390 2.0325732
 1.9839072 2.0319524
 1.9852709 2.0310628
 1.9860883 2.0276947
 1.9861981 2.0243263
 1.9839072 2.0213656
 1.9805390 2.0211723
 1.9801874 2.0209582
 1.9793819 2.0175898
 1.9775274 2.0142217
 1.9771707 2.0139771
 1.9738024 2.0124331
 1.9728940 2.0108533
 1.9727743 2.0074852
 1.9704342 2.0059626
 1.9670659 2.0054264
 1.9641662 2.0041168
 1.9636977 2.0027924
 1.9622618 2.0007486
 1.9603294 1.9998877
 1.9572245 1.9973803
 1.9569612 1.9971223
 1.9566826 1.9973803
 1.9535928 1.9981174
 1.9528657 1.9973803
 1.9522938 1.9940120
 1.9502412 1.9906437
 1.9502245 1.9906271
 1.9501966 1.9906437
 1.9468563 1.9910302
 1.9453393 1.9906437
 1.9434880 1.9892236
 1.9415765 1.9906437
 1.9401197 1.9911096
 1.9395330 1.9906437
 1.9388986 1.9872755
 1.9374357 1.9839072
 1.9367515 1.9832231
 1.9333832 1.9836644
 1.9300150 1.9806190
 1.9299170 1.9805390
 1.9266467 1.9776613
 1.9232785 1.9787802
 1.9222318 1.9805390
 0.9999999E-12    11
 2.9234016 1.9805390
 2.9216039 1.9839072
 2.9223759 1.9872755
 2.9236526 1.9884229
 2.9270210 1.9887013
 2.9289033 1.9872755
 2.9295821 1.9839072
 2.9278324 1.9805390
 2.9270210 1.9800266
 2.9236526 1.9803358
 2.9234016 1.9805390
 0.9999999E-12     5
 1.7347063 1.9839072
 1.7346557 1.9839149
 1.7343726 1.9839072
 1.7346557 1.9838513
 1.7347063 1.9839072
 0.9999999E-12    15
 2.1196740 1.9872755
 2.1191783 1.9906437
 2.1188400 1.9940120
 2.1194937 1.9973803
 2.1215918 2.0007486
 2.1220059 2.0010111
 2.1253743 2.0007818
 2.1254179 2.0007486
 2.1275101 1.9973803
 2.1281340 1.9940120
 2.1278040 1.9906437
 2.1273031 1.9872755
 2.1253743 1.9852002
 2.1220059 1.9850525
 2.1196740 1.9872755
 0.9999999E-12    61
 1.9836408 1.9906437
 1.9817361 1.9940120
 1.9814926 1.9973803
 1.9821192 2.0007486
 1.9839072 2.0035965
 1.9872755 2.0031416
 1.9883834 2.0041168
 1.9893835 2.0074852
 1.9906437 2.0094960
 1.9940120 2.0098903
 1.9973803 2.0107143
 2.0007486 2.0093760
 2.0039725 2.0074852
 2.0041168 2.0073726
 2.0061555 2.0041168
 2.0074852 2.0032482
 2.0101862 2.0041168
 2.0108533 2.0047593
 2.0115204 2.0041168
 2.0142217 2.0029914
 2.0170474 2.0041168
 2.0175898 2.0046382
 2.0181410 2.0041168
 2.0209582 2.0032394
 2.0243263 2.0040674
 2.0276947 2.0023317
 2.0303893 2.0007486
 2.0310628 1.9998630
 2.0323491 1.9973803
 2.0315375 1.9940120
 2.0310628 1.9934837
 2.0276947 1.9916215
 2.0255456 1.9906437
 2.0243263 1.9897367
 2.0227721 1.9906437
 2.0209582 1.9909124
 2.0196061 1.9906437
 2.0175898 1.9893275
 2.0157301 1.9906437
 2.0142217 1.9910843
 2.0128112 1.9906437
 2.0108533 1.9892313
 2.0088813 1.9906437
 2.0074852 1.9909638
 2.0054696 1.9906437
 2.0041168 1.9897832
 2.0031555 1.9906437
 2.0007486 1.9922976
 1.9978867 1.9940120
 1.9973803 1.9945213
 1.9956770 1.9973803
 1.9940120 1.9982187
 1.9933954 1.9973803
 1.9937005 1.9940120
 1.9911485 1.9906437
 1.9906437 1.9902202
 1.9899641 1.9906437
 1.9872755 1.9909854
 1.9843488 1.9906437
 1.9839072 1.9903773
 1.9836408 1.9906437
 0.9999999E-12    23
 1.5807860 1.9940120
 1.5807742 1.9973803
 1.5800471 2.0007486
 1.5813593 2.0041168
 1.5829060 2.0074852
 1.5830839 2.0076942
 1.5864521 2.0097289
 1.5893854 2.0108533
 1.5898204 2.0111964
 1.5902632 2.0108533
 1.5931886 2.0101826
 1.5965569 2.0101583
 1.5988243 2.0074852
 1.5986789 2.0041168
 1.5983808 2.0007486
 1.5965569 1.9988679
 1.5931886 1.9987334
 1.5922071 1.9973803
 1.5913358 1.9940120
 1.5898204 1.9916166
 1.5864521 1.9914949
 1.5830839 1.9914831
 1.5807860 1.9940120
 0.9999999E-12    11
 2.4467821 1.9940120
 2.4458270 1.9973803
 2.4467309 2.0007486
 2.4487276 2.0020130
 2.4520957 2.0015426
 2.4529600 2.0007486
 2.4540455 1.9973803
 2.4528997 1.9940120
 2.4520957 1.9932851
 2.4487276 1.9927814
 2.4467821 1.9940120
 0.9999999E-12     5
 2.2874227 1.9973803
 2.2870510 1.9978282
 2.2840424 1.9973803
 2.2870510 1.9950346
 2.2874227 1.9973803
 0.9999999E-12    35
 1.6332250 2.0007486
 1.6304536 2.0041168
 1.6313516 2.0074852
 1.6336077 2.0087998
 1.6352465 2.0108533
 1.6358060 2.0142217
 1.6369761 2.0163510
 1.6403444 2.0171442
 1.6407937 2.0175898
 1.6425444 2.0209582
 1.6437126 2.0235689
 1.6459694 2.0243263
 1.6470809 2.0245640
 1.6504492 2.0253901
 1.6531800 2.0243263
 1.6538174 2.0241022
 1.6571857 2.0222585
 1.6580380 2.0209582
 1.6578554 2.0175898
 1.6571857 2.0166829
 1.6555541 2.0142217
 1.6538174 2.0125127
 1.6535009 2.0108533
 1.6538174 2.0076010
 1.6538855 2.0074852
 1.6538174 2.0074170
 1.6504492 2.0052764
 1.6470809 2.0050282
 1.6437126 2.0050893
 1.6403444 2.0062666
 1.6378174 2.0041168
 1.6369761 2.0022945
 1.6341443 2.0007486
 1.6336077 2.0005789
 1.6332250 2.0007486
 0.9999999E-12    27
 2.3667514 2.0007486
 2.3645210 2.0032072
 2.3641813 2.0041168
 2.3611526 2.0055532
 2.3577845 2.0055432
 2.3549786 2.0074852
 2.3544161 2.0079048
 2.3510480 2.0098600
 2.3505592 2.0108533
 2.3508070 2.0142217
 2.3510480 2.0146451
 2.3544161 2.0165925
 2.3558624 2.0175898
 2.3577845 2.0191348
 2.3611526 2.0182123
 2.3645210 2.0191936
 2.3672040 2.0175898
 2.3678892 2.0172446
 2.3712575 2.0153003
 2.3720272 2.0142217
 2.3728578 2.0108533
 2.3731871 2.0074852
 2.3723912 2.0041168
 2.3712575 2.0017176
 2.3693621 2.0007486
 2.3678892 2.0002949
 2.3667514 2.0007486
 0.9999999E-12     5
 1.6895574 2.0041168
 1.6875000 2.0045259
 1.6872958 2.0041168
 1.6875000 2.0038304
 1.6895574 2.0041168
 0.9999999E-12     5
 1.9496177 2.0108533
 1.9468563 2.0134277
 1.9456543 2.0108533
 1.9468563 2.0094993
 1.9496177 2.0108533
 0.9999999E-12     5
 1.9543539 2.0108533
 1.9535928 2.0132642
 1.9509193 2.0108533
 1.9535928 2.0103579
 1.9543539 2.0108533
 0.9999999E-12    43
 1.9017612 2.0175898
 1.8997006 2.0202489
 1.8963324 2.0190830
 1.8929641 2.0207007
 1.8895959 2.0190773
 1.8862276 2.0206025
 1.8828593 2.0196910
 1.8807944 2.0209582
 1.8794911 2.0215132
 1.8761228 2.0229316
 1.8749002 2.0243263
 1.8745013 2.0276947
 1.8761228 2.0303655
 1.8768879 2.0310628
 1.8794911 2.0324855
 1.8828593 2.0332410
 1.8862276 2.0334618
 1.8895959 2.0335550
 1.8929641 2.0334449
 1.8963324 2.0335443
 1.8997006 2.0334299
 1.9030689 2.0335388
 1.9064372 2.0335629
 1.9098054 2.0337949
 1.9131737 2.0337849
 1.9165419 2.0337632
 1.9199102 2.0331812
 1.9232785 2.0325177
 1.9250098 2.0310628
 1.9255066 2.0276947
 1.9253494 2.0243263
 1.9236232 2.0209582
 1.9232785 2.0206134
 1.9222894 2.0209582
 1.9199102 2.0211174
 1.9195204 2.0209582
 1.9165419 2.0186777
 1.9131737 2.0197988
 1.9098054 2.0177174
 1.9095773 2.0175898
 1.9064372 2.0149508
 1.9030689 2.0157051
 1.9017612 2.0175898
 0.9999999E-12    57
 1.5759804 2.0209582
 1.5733261 2.0243263
 1.5735683 2.0276947
 1.5729791 2.0294187
 1.5714178 2.0310628
 1.5729791 2.0326431
 1.5735072 2.0344312
 1.5729791 2.0376143
 1.5727979 2.0377994
 1.5729791 2.0380030
 1.5754802 2.0411677
 1.5763474 2.0419576
 1.5774436 2.0411677
 1.5797156 2.0408804
 1.5806884 2.0411677
 1.5830839 2.0432222
 1.5853515 2.0411677
 1.5864521 2.0407720
 1.5889176 2.0411677
 1.5898204 2.0419002
 1.5906175 2.0411677
 1.5931886 2.0379260
 1.5945607 2.0411677
 1.5943398 2.0445359
 1.5943508 2.0479043
 1.5947781 2.0512724
 1.5965569 2.0546045
 1.5999252 2.0546303
 1.6007525 2.0546408
 1.6032934 2.0547695
 1.6034795 2.0546408
 1.6055088 2.0512724
 1.6059659 2.0479043
 1.6063437 2.0445359
 1.6054405 2.0411677
 1.6046373 2.0377994
 1.6032934 2.0369239
 1.5999252 2.0362718
 1.5965569 2.0370760
 1.5931886 2.0376847
 1.5925316 2.0344312
 1.5931886 2.0312021
 1.5933269 2.0310628
 1.5931886 2.0309193
 1.5902855 2.0276947
 1.5898204 2.0272455
 1.5893371 2.0276947
 1.5864521 2.0282516
 1.5859265 2.0276947
 1.5852654 2.0243263
 1.5833204 2.0209582
 1.5830839 2.0207217
 1.5827147 2.0209582
 1.5797156 2.0213330
 1.5768309 2.0209582
 1.5763474 2.0206442
 1.5759804 2.0209582
 0.9999999E-12    53
 1.6165018 2.0209582
 1.6146197 2.0243263
 1.6144068 2.0276947
 1.6150159 2.0310628
 1.6167665 2.0338662
 1.6201347 2.0334568
 1.6210933 2.0344312
 1.6222544 2.0377994
 1.6235030 2.0398037
 1.6268712 2.0402279
 1.6276957 2.0411677
 1.6279374 2.0445359
 1.6284921 2.0479043
 1.6302395 2.0511196
 1.6303419 2.0512724
 1.6336077 2.0538478
 1.6343505 2.0546408
 1.6369761 2.0578775
 1.6370987 2.0580089
 1.6403444 2.0611615
 1.6413968 2.0613773
 1.6437126 2.0621307
 1.6470809 2.0617366
 1.6481228 2.0613773
 1.6504492 2.0603898
 1.6518487 2.0580089
 1.6514893 2.0546408
 1.6504492 2.0533686
 1.6470809 2.0513837
 1.6470262 2.0512724
 1.6466278 2.0479043
 1.6459453 2.0445359
 1.6437126 2.0430520
 1.6403444 2.0422640
 1.6397475 2.0411677
 1.6399360 2.0377994
 1.6369761 2.0358727
 1.6336077 2.0353475
 1.6327357 2.0344312
 1.6336077 2.0314794
 1.6340108 2.0310628
 1.6336077 2.0306141
 1.6327809 2.0276947
 1.6327159 2.0243263
 1.6302395 2.0214374
 1.6268712 2.0213315
 1.6256887 2.0209582
 1.6235030 2.0193734
 1.6214085 2.0209582
 1.6201347 2.0212789
 1.6172258 2.0209582
 1.6167665 2.0206935
 1.6165018 2.0209582
 0.9999999E-12    35
 2.3225019 2.0209582
 2.3207335 2.0214121
 2.3173654 2.0214477
 2.3149297 2.0243263
 2.3147607 2.0276947
 2.3139970 2.0284576
 2.3106287 2.0286312
 2.3082724 2.0310628
 2.3082798 2.0344312
 2.3081794 2.0377994
 2.3106287 2.0403976
 2.3139970 2.0403705
 2.3173654 2.0411255
 2.3207335 2.0392692
 2.3235664 2.0377994
 2.3241019 2.0374773
 2.3260138 2.0344312
 2.3274701 2.0332642
 2.3305471 2.0344312
 2.3308384 2.0347197
 2.3311281 2.0344312
 2.3342066 2.0329990
 2.3375750 2.0327711
 2.3386531 2.0310628
 2.3395953 2.0276947
 2.3392141 2.0243263
 2.3375750 2.0216794
 2.3342066 2.0215971
 2.3322220 2.0209582
 2.3308384 2.0198331
 2.3292882 2.0209582
 2.3274701 2.0214295
 2.3256781 2.0209582
 2.3241019 2.0198097
 2.3225019 2.0209582
 0.9999999E-12    89
 2.8446121 2.0243263
 2.8428144 2.0247035
 2.8401124 2.0276947
 2.8394461 2.0288005
 2.8366213 2.0310628
 2.8360779 2.0313475
 2.8351316 2.0310628
 2.8327096 2.0300863
 2.8293414 2.0306826
 2.8259730 2.0303423
 2.8248169 2.0310628
 2.8226049 2.0319948
 2.8198700 2.0344312
 2.8192365 2.0353894
 2.8167989 2.0377994
 2.8158684 2.0380638
 2.8145053 2.0377994
 2.8125000 2.0367613
 2.8109314 2.0377994
 2.8091319 2.0382771
 2.8057635 2.0392125
 2.8046765 2.0411677
 2.8045404 2.0445359
 2.8055053 2.0479043
 2.8057635 2.0481625
 2.8091319 2.0494311
 2.8125000 2.0499818
 2.8158684 2.0498674
 2.8192365 2.0496593
 2.8226049 2.0490181
 2.8249891 2.0479043
 2.8259730 2.0472183
 2.8275573 2.0445359
 2.8293414 2.0425854
 2.8327096 2.0424166
 2.8360779 2.0412586
 2.8394461 2.0420997
 2.8428144 2.0421543
 2.8461826 2.0428450
 2.8495510 2.0425425
 2.8529191 2.0428479
 2.8562875 2.0425861
 2.8596556 2.0428455
 2.8630240 2.0426280
 2.8663921 2.0428543
 2.8697605 2.0426745
 2.8731289 2.0428581
 2.8764970 2.0427103
 2.8798654 2.0428586
 2.8832335 2.0427423
 2.8866019 2.0425146
 2.8899701 2.0418353
 2.8914175 2.0411677
 2.8933384 2.0403335
 2.8952837 2.0377994
 2.8967066 2.0356891
 2.9000750 2.0357497
 2.9034431 2.0358849
 2.9068115 2.0353017
 2.9086285 2.0344312
 2.9101796 2.0318716
 2.9104691 2.0310628
 2.9101796 2.0277061
 2.9101794 2.0276947
 2.9097035 2.0243263
 2.9068115 2.0228467
 2.9034431 2.0223737
 2.9000750 2.0225377
 2.8967066 2.0231636
 2.8933384 2.0236294
 2.8919339 2.0243263
 2.8899701 2.0251324
 2.8877592 2.0276947
 2.8866019 2.0294518
 2.8832335 2.0305035
 2.8798654 2.0300803
 2.8764970 2.0304728
 2.8731289 2.0299792
 2.8697605 2.0304339
 2.8663921 2.0299082
 2.8630240 2.0304072
 2.8596556 2.0298433
 2.8562875 2.0296624
 2.8547792 2.0276947
 2.8529191 2.0250432
 2.8502111 2.0243263
 2.8495510 2.0241227
 2.8461826 2.0238099
 2.8446121 2.0243263
 0.9999999E-12    29
 1.8143101 2.0276947
 1.8121258 2.0279965
 1.8087575 2.0284352
 1.8056567 2.0310628
 1.8058331 2.0344312
 1.8057420 2.0377994
 1.8087575 2.0402539
 1.8121258 2.0407279
 1.8151315 2.0411677
 1.8154941 2.0414245
 1.8160415 2.0411677
 1.8188623 2.0409794
 1.8200588 2.0411677
 1.8222306 2.0422688
 1.8239050 2.0411677
 1.8255988 2.0408175
 1.8289671 2.0404785
 1.8307459 2.0377994
 1.8306012 2.0344312
 1.8308091 2.0310628
 1.8289671 2.0281966
 1.8255988 2.0279129
 1.8244414 2.0276947
 1.8222306 2.0263636
 1.8192443 2.0276947
 1.8188623 2.0277495
 1.8177583 2.0276947
 1.8154941 2.0272019
 1.8143101 2.0276947
 0.9999999E-12     5
 1.9487754 2.0276947
 1.9468563 2.0281756
 1.9449685 2.0276947
 1.9468563 2.0250394
 1.9487754 2.0276947
 0.9999999E-12   195
 1.7260716 2.0310628
 1.7252094 2.0344312
 1.7262055 2.0377994
 1.7279192 2.0389485
 1.7312875 2.0404570
 1.7346557 2.0404537
 1.7380240 2.0410063
 1.7413923 2.0406394
 1.7441443 2.0411677
 1.7447605 2.0418365
 1.7459443 2.0445359
 1.7481288 2.0463476
 1.7514970 2.0475259
 1.7548653 2.0476511
 1.7573029 2.0479043
 1.7582335 2.0481918
 1.7602524 2.0479043
 1.7616018 2.0478435
 1.7634432 2.0479043
 1.7649701 2.0480700
 1.7669029 2.0479043
 1.7683383 2.0478656
 1.7688583 2.0479043
 1.7717066 2.0488126
 1.7729019 2.0512724
 1.7750748 2.0535367
 1.7783968 2.0546408
 1.7784431 2.0546641
 1.7818114 2.0553195
 1.7851796 2.0557075
 1.7885479 2.0558176
 1.7919161 2.0556481
 1.7952845 2.0558212
 1.7986528 2.0555835
 1.8020210 2.0558310
 1.8053893 2.0559692
 1.8067586 2.0580089
 1.8087575 2.0606658
 1.8103684 2.0613773
 1.8121258 2.0621824
 1.8154941 2.0628645
 1.8188623 2.0630634
 1.8222306 2.0631893
 1.8255988 2.0630293
 1.8289671 2.0631812
 1.8323354 2.0623302
 1.8345596 2.0613773
 1.8357036 2.0588059
 1.8359482 2.0580089
 1.8390719 2.0549891
 1.8406707 2.0580089
 1.8424401 2.0605116
 1.8433435 2.0613773
 1.8458084 2.0630155
 1.8474157 2.0647454
 1.8491766 2.0678470
 1.8508180 2.0681138
 1.8525449 2.0684042
 1.8530701 2.0681138
 1.8552929 2.0647454
 1.8559132 2.0637262
 1.8575200 2.0613773
 1.8576981 2.0580089
 1.8589693 2.0546408
 1.8592814 2.0544631
 1.8626497 2.0530756
 1.8636861 2.0512724
 1.8650969 2.0479043
 1.8660179 2.0475481
 1.8666117 2.0479043
 1.8683215 2.0512724
 1.8693862 2.0525885
 1.8727545 2.0537772
 1.8738916 2.0546408
 1.8746077 2.0580089
 1.8761228 2.0602970
 1.8774005 2.0613773
 1.8794911 2.0626664
 1.8803450 2.0647454
 1.8806928 2.0681138
 1.8828593 2.0701215
 1.8862276 2.0704927
 1.8889884 2.0714819
 1.8895959 2.0720217
 1.8902054 2.0714819
 1.8929641 2.0707536
 1.8952457 2.0714819
 1.8963324 2.0724638
 1.8973894 2.0714819
 1.8997006 2.0706620
 1.9025548 2.0714819
 1.9030689 2.0719516
 1.9035759 2.0714819
 1.9064372 2.0704076
 1.9077245 2.0714819
 1.9098054 2.0747693
 1.9098957 2.0748503
 1.9131737 2.0769274
 1.9159396 2.0782187
 1.9165419 2.0787294
 1.9171641 2.0782187
 1.9199102 2.0776064
 1.9232785 2.0777428
 1.9250668 2.0748503
 1.9254204 2.0714819
 1.9249276 2.0681138
 1.9232785 2.0654802
 1.9199102 2.0655773
 1.9187747 2.0647454
 1.9176406 2.0613773
 1.9165419 2.0595398
 1.9131737 2.0587714
 1.9107350 2.0580089
 1.9098054 2.0572717
 1.9087385 2.0580089
 1.9064372 2.0585663
 1.9047089 2.0580089
 1.9030689 2.0567815
 1.9011617 2.0580089
 1.8997006 2.0582883
 1.8986156 2.0580089
 1.8963324 2.0563910
 1.8938792 2.0580089
 1.8929641 2.0582187
 1.8923050 2.0580089
 1.8895959 2.0551267
 1.8890648 2.0546408
 1.8862276 2.0523915
 1.8828593 2.0516565
 1.8794911 2.0520847
 1.8768002 2.0512724
 1.8765348 2.0479043
 1.8774145 2.0445359
 1.8768368 2.0411677
 1.8761275 2.0377994
 1.8761228 2.0377920
 1.8727545 2.0360801
 1.8693862 2.0348129
 1.8660179 2.0356374
 1.8626497 2.0360358
 1.8606524 2.0377994
 1.8601164 2.0411677
 1.8592814 2.0427220
 1.8559132 2.0436668
 1.8545098 2.0445359
 1.8531995 2.0479043
 1.8525449 2.0495324
 1.8500066 2.0479043
 1.8491766 2.0460119
 1.8481566 2.0445359
 1.8458084 2.0436275
 1.8424401 2.0430772
 1.8390719 2.0439224
 1.8376852 2.0445359
 1.8357036 2.0453949
 1.8338659 2.0479043
 1.8323354 2.0509880
 1.8289671 2.0501585
 1.8255988 2.0508356
 1.8222306 2.0501754
 1.8188623 2.0507681
 1.8154941 2.0493481
 1.8145640 2.0479043
 1.8121258 2.0451818
 1.8106192 2.0445359
 1.8087575 2.0430822
 1.8053893 2.0430317
 1.8020210 2.0427952
 1.7986528 2.0428848
 1.7952845 2.0428064
 1.7919161 2.0428653
 1.7885479 2.0428061
 1.7851796 2.0428460
 1.7818114 2.0423927
 1.7807771 2.0411677
 1.7784966 2.0377994
 1.7784431 2.0377626
 1.7750748 2.0358889
 1.7717066 2.0353627
 1.7683383 2.0351577
 1.7649701 2.0350268
 1.7616018 2.0351806
 1.7582335 2.0349808
 1.7548653 2.0350521
 1.7542635 2.0344312
 1.7528057 2.0310628
 1.7514970 2.0299675
 1.7481288 2.0287304
 1.7447605 2.0280759
 1.7413923 2.0281544
 1.7380240 2.0277829
 1.7346557 2.0283494
 1.7312875 2.0283263
 1.7279192 2.0297942
 1.7260716 2.0310628
 0.9999999E-12    21
 2.6219554 2.0310628
 2.6212356 2.0344312
 2.6211038 2.0377994
 2.6238773 2.0409205
 2.6263578 2.0411677
 2.6272454 2.0413821
 2.6289771 2.0445359
 2.6306138 2.0467660
 2.6339822 2.0472231
 2.6368976 2.0445359
 2.6373503 2.0432475
 2.6383283 2.0411677
 2.6388955 2.0377994
 2.6384008 2.0344312
 2.6374109 2.0310628
 2.6373503 2.0310025
 2.6339822 2.0296679
 2.6306138 2.0290275
 2.6272454 2.0291562
 2.6238773 2.0298545
 2.6219554 2.0310628
 0.9999999E-12    85
 1.7109057 2.0344312
 1.7077096 2.0352056
 1.7043413 2.0348353
 1.7009730 2.0363069
 1.6976048 2.0351286
 1.6942365 2.0357363
 1.6908683 2.0353920
 1.6875000 2.0369878
 1.6841317 2.0368757
 1.6807635 2.0370581
 1.6773952 2.0368984
 1.6741329 2.0377994
 1.6740270 2.0378206
 1.6710322 2.0411677
 1.6713983 2.0445359
 1.6740270 2.0464227
 1.6762023 2.0479043
 1.6773952 2.0499487
 1.6779480 2.0512724
 1.6807635 2.0537138
 1.6841317 2.0531871
 1.6856183 2.0512724
 1.6866521 2.0479043
 1.6875000 2.0471117
 1.6889075 2.0479043
 1.6908683 2.0501602
 1.6915013 2.0512724
 1.6942365 2.0537171
 1.6976048 2.0544348
 1.7009730 2.0540771
 1.7043413 2.0533352
 1.7060188 2.0512724
 1.7077096 2.0483420
 1.7110778 2.0505202
 1.7118207 2.0512724
 1.7144461 2.0537009
 1.7160577 2.0546408
 1.7178144 2.0558567
 1.7211827 2.0559802
 1.7245510 2.0567060
 1.7279192 2.0563967
 1.7312875 2.0571148
 1.7321503 2.0580089
 1.7346557 2.0609260
 1.7353331 2.0613773
 1.7380240 2.0629945
 1.7413923 2.0634408
 1.7447605 2.0636163
 1.7481288 2.0633712
 1.7514970 2.0642202
 1.7517048 2.0647454
 1.7517980 2.0681138
 1.7548653 2.0701861
 1.7582335 2.0709035
 1.7616018 2.0707622
 1.7649701 2.0701873
 1.7678066 2.0681138
 1.7679508 2.0647454
 1.7680976 2.0613773
 1.7649701 2.0586748
 1.7616018 2.0582669
 1.7582335 2.0581365
 1.7556669 2.0580089
 1.7548653 2.0575893
 1.7545693 2.0546408
 1.7514970 2.0514424
 1.7506256 2.0512724
 1.7481288 2.0500915
 1.7447605 2.0495110
 1.7413923 2.0496285
 1.7399931 2.0479043
 1.7380240 2.0453892
 1.7366263 2.0445359
 1.7346557 2.0430439
 1.7312875 2.0418842
 1.7279192 2.0422709
 1.7245510 2.0420873
 1.7211827 2.0420270
 1.7206185 2.0411677
 1.7202824 2.0377994
 1.7178144 2.0357661
 1.7144461 2.0352716
 1.7112596 2.0344312
 1.7110778 2.0343027
 1.7109057 2.0344312
 0.9999999E-12   143
 2.0370722 2.0344312
 2.0344312 2.0353556
 2.0310628 2.0352898
 2.0294950 2.0377994
 2.0289769 2.0411677
 2.0276947 2.0432701
 2.0243263 2.0422294
 2.0209582 2.0422683
 2.0175898 2.0424442
 2.0149887 2.0445359
 2.0142217 2.0455925
 2.0115826 2.0479043
 2.0108533 2.0484438
 2.0088158 2.0512724
 2.0082600 2.0546408
 2.0078890 2.0580089
 2.0074852 2.0583897
 2.0041168 2.0580263
 2.0020912 2.0613773
 2.0014920 2.0647454
 2.0007486 2.0657811
 1.9973803 2.0659580
 1.9960191 2.0681138
 1.9953808 2.0714819
 1.9949282 2.0748503
 1.9948816 2.0782187
 1.9940120 2.0804110
 1.9906437 2.0804548
 1.9895118 2.0815868
 1.9883418 2.0849552
 1.9883373 2.0883234
 1.9894801 2.0916917
 1.9906437 2.0928552
 1.9940120 2.0929561
 1.9973803 2.0930479
 1.9993652 2.0916917
 2.0001976 2.0883234
 2.0007486 2.0856507
 2.0041168 2.0856822
 2.0050535 2.0849552
 2.0071235 2.0815868
 2.0071189 2.0782187
 2.0074852 2.0778008
 2.0108533 2.0776534
 2.0134735 2.0748503
 2.0134766 2.0714819
 2.0142217 2.0692136
 2.0152817 2.0681138
 2.0142217 2.0669558
 2.0136440 2.0647454
 2.0142217 2.0639682
 2.0175898 2.0635650
 2.0209286 2.0613773
 2.0206721 2.0580089
 2.0209582 2.0571597
 2.0243263 2.0578055
 2.0245931 2.0580089
 2.0276947 2.0608397
 2.0288460 2.0613773
 2.0310628 2.0626562
 2.0344312 2.0626171
 2.0377994 2.0644166
 2.0381472 2.0647454
 2.0406196 2.0681138
 2.0411677 2.0683758
 2.0445359 2.0706279
 2.0479043 2.0701776
 2.0512724 2.0713117
 2.0546408 2.0703523
 2.0570042 2.0714819
 2.0580089 2.0731514
 2.0594454 2.0748503
 2.0613773 2.0760715
 2.0639663 2.0782187
 2.0647454 2.0789325
 2.0659757 2.0782187
 2.0681138 2.0779555
 2.0688782 2.0782187
 2.0714819 2.0810235
 2.0722568 2.0815868
 2.0748503 2.0836146
 2.0782187 2.0831094
 2.0795779 2.0815868
 2.0810690 2.0782187
 2.0815868 2.0778389
 2.0849552 2.0773396
 2.0875704 2.0748503
 2.0875602 2.0714819
 2.0873718 2.0681138
 2.0849552 2.0659730
 2.0815868 2.0655322
 2.0787277 2.0647454
 2.0782187 2.0643668
 2.0776396 2.0647454
 2.0748503 2.0651903
 2.0732148 2.0647454
 2.0714819 2.0634234
 2.0697441 2.0647454
 2.0681138 2.0651307
 2.0672970 2.0647454
 2.0654695 2.0613773
 2.0647454 2.0606222
 2.0613773 2.0591707
 2.0580089 2.0580909
 2.0546408 2.0585139
 2.0523212 2.0580089
 2.0512724 2.0570683
 2.0499504 2.0580089
 2.0479043 2.0583589
 2.0475330 2.0580089
 2.0470903 2.0546408
 2.0445359 2.0513864
 2.0411677 2.0512826
 2.0411098 2.0512724
 2.0398710 2.0479043
 2.0411677 2.0475254
 2.0431256 2.0479043
 2.0445359 2.0507469
 2.0458479 2.0479043
 2.0479043 2.0474455
 2.0492468 2.0479043
 2.0512724 2.0504482
 2.0518196 2.0512724
 2.0546408 2.0535586
 2.0580089 2.0542884
 2.0613773 2.0538750
 2.0647454 2.0529964
 2.0661364 2.0512724
 2.0663159 2.0479043
 2.0647454 2.0455871
 2.0627871 2.0445359
 2.0613773 2.0438409
 2.0596206 2.0411677
 2.0580089 2.0382152
 2.0575221 2.0377994
 2.0546408 2.0363336
 2.0512724 2.0350194
 2.0479043 2.0355377
 2.0445359 2.0345106
 2.0411677 2.0354185
 2.0385478 2.0344312
 2.0377994 2.0337522
 2.0370722 2.0344312
 0.9999999E-12    37
 1.5467417 2.0377994
 1.5466822 2.0411677
 1.5460329 2.0440059
 1.5455976 2.0445359
 1.5460329 2.0458629
 1.5462090 2.0479043
 1.5466133 2.0512724
 1.5474099 2.0546408
 1.5494012 2.0559840
 1.5527694 2.0569191
 1.5532951 2.0580089
 1.5528221 2.0613773
 1.5561378 2.0635390
 1.5595061 2.0639105
 1.5619661 2.0647454
 1.5628743 2.0671294
 1.5637600 2.0681138
 1.5662426 2.0691388
 1.5684624 2.0681138
 1.5696108 2.0662532
 1.5701212 2.0647454
 1.5696108 2.0630641
 1.5688264 2.0613773
 1.5662426 2.0600843
 1.5655494 2.0580089
 1.5654305 2.0546408
 1.5648947 2.0512724
 1.5628852 2.0479043
 1.5628743 2.0478835
 1.5595061 2.0453992
 1.5590789 2.0445359
 1.5584158 2.0411677
 1.5576143 2.0377994
 1.5561378 2.0363228
 1.5527694 2.0357399
 1.5494012 2.0360634
 1.5467417 2.0377994
 0.9999999E-12    29
 2.5121348 2.0377994
 2.5093563 2.0383823
 2.5069077 2.0411677
 2.5059881 2.0433829
 2.5045006 2.0445359
 2.5026197 2.0451798
 2.4992516 2.0449829
 2.4958832 2.0456190
 2.4934208 2.0479043
 2.4932928 2.0512724
 2.4958832 2.0541413
 2.4981849 2.0546408
 2.4992516 2.0550153
 2.5026197 2.0547626
 2.5059881 2.0550106
 2.5093563 2.0548098
 2.5099185 2.0546408
 2.5127246 2.0540230
 2.5148227 2.0512724
 2.5160928 2.0482306
 2.5165355 2.0479043
 2.5194612 2.0467114
 2.5214787 2.0445359
 2.5215960 2.0411677
 2.5194612 2.0385036
 2.5161731 2.0377994
 2.5160928 2.0377741
 2.5127246 2.0375993
 2.5121348 2.0377994
 0.9999999E-12    55
 2.7564292 2.0377994
 2.7552395 2.0381260
 2.7518713 2.0382483
 2.7502053 2.0411677
 2.7494428 2.0445359
 2.7485030 2.0451982
 2.7453811 2.0445359
 2.7451348 2.0443480
 2.7449152 2.0445359
 2.7417665 2.0459285
 2.7383983 2.0452850
 2.7350299 2.0461419
 2.7317064 2.0479043
 2.7316618 2.0480323
 2.7308156 2.0512724
 2.7316618 2.0533352
 2.7330759 2.0546408
 2.7350299 2.0554008
 2.7383983 2.0565846
 2.7417665 2.0558710
 2.7451348 2.0576799
 2.7485030 2.0568585
 2.7518713 2.0567107
 2.7538943 2.0546408
 2.7540936 2.0512724
 2.7552395 2.0497494
 2.7586079 2.0499454
 2.7619760 2.0496857
 2.7653444 2.0495481
 2.7687125 2.0487087
 2.7720809 2.0494478
 2.7754490 2.0495355
 2.7788174 2.0499468
 2.7821856 2.0497441
 2.7855539 2.0489058
 2.7871010 2.0479043
 2.7879562 2.0445359
 2.7880795 2.0411677
 2.7855539 2.0380700
 2.7821856 2.0380116
 2.7811944 2.0377994
 2.7788174 2.0365102
 2.7766621 2.0377994
 2.7754490 2.0380898
 2.7733696 2.0377994
 2.7720809 2.0372005
 2.7710652 2.0377994
 2.7687125 2.0385559
 2.7666097 2.0377994
 2.7653444 2.0370195
 2.7633154 2.0377994
 2.7619760 2.0379558
 2.7612600 2.0377994
 2.7586079 2.0363705
 2.7564292 2.0377994
 0.9999999E-12     5
 2.0356596 2.0479043
 2.0344312 2.0509198
 2.0336723 2.0479043
 2.0344312 2.0476391
 2.0356596 2.0479043
 0.9999999E-12    33
 2.4460621 2.0479043
 2.4454570 2.0512724
 2.4453592 2.0525770
 2.4451132 2.0546408
 2.4444494 2.0580089
 2.4419911 2.0586770
 2.4398282 2.0580089
 2.4386227 2.0570443
 2.4374735 2.0580089
 2.4352546 2.0586221
 2.4318862 2.0586214
 2.4301667 2.0613773
 2.4298871 2.0647454
 2.4301360 2.0681138
 2.4318862 2.0709298
 2.4352546 2.0709004
 2.4373596 2.0714819
 2.4386227 2.0725391
 2.4399710 2.0714819
 2.4419911 2.0708663
 2.4453592 2.0706894
 2.4480042 2.0681138
 2.4480100 2.0647454
 2.4487276 2.0628598
 2.4513903 2.0613773
 2.4520957 2.0607779
 2.4536779 2.0580089
 2.4542909 2.0546408
 2.4540513 2.0512724
 2.4534659 2.0479043
 2.4520957 2.0461895
 2.4487276 2.0456209
 2.4460621 2.0479043
 0.9999999E-12    27
 2.8956683 2.0479043
 2.8941972 2.0512724
 2.8948939 2.0546408
 2.8967066 2.0560162
 2.9000750 2.0573406
 2.9034431 2.0575132
 2.9063010 2.0580089
 2.9068115 2.0582514
 2.9093206 2.0580089
 2.9101796 2.0579891
 2.9106798 2.0580089
 2.9135480 2.0584540
 2.9158382 2.0580089
 2.9169161 2.0579388
 2.9202845 2.0573688
 2.9235098 2.0546408
 2.9233384 2.0512724
 2.9232900 2.0479043
 2.9202845 2.0457351
 2.9169161 2.0449393
 2.9135480 2.0447516
 2.9101796 2.0448220
 2.9068115 2.0448065
 2.9034431 2.0453606
 2.9000750 2.0456195
 2.8967066 2.0471945
 2.8956683 2.0479043
 0.9999999E-12    17
 2.3639774 2.0512724
 2.3622825 2.0546408
 2.3621061 2.0580089
 2.3628318 2.0613773
 2.3645210 2.0630662
 2.3678892 2.0635991
 2.3712575 2.0637431
 2.3740268 2.0613773
 2.3739023 2.0580089
 2.3742540 2.0546408
 2.3720903 2.0512724
 2.3712575 2.0506067
 2.3698919 2.0512724
 2.3678892 2.0514753
 2.3656917 2.0512724
 2.3645210 2.0507290
 2.3639774 2.0512724
 0.9999999E-12   103
 2.3850060 2.0546408
 2.3847306 2.0548806
 2.3827367 2.0580089
 2.3813622 2.0589607
 2.3779941 2.0592761
 2.3755727 2.0613773
 2.3758109 2.0647454
 2.3746257 2.0662932
 2.3712575 2.0666926
 2.3703675 2.0681138
 2.3693633 2.0714819
 2.3678892 2.0735319
 2.3645210 2.0730052
 2.3611526 2.0737481
 2.3577845 2.0734951
 2.3544161 2.0747375
 2.3510480 2.0734141
 2.3476796 2.0735924
 2.3443115 2.0742450
 2.3433959 2.0748503
 2.3420901 2.0782187
 2.3409431 2.0792859
 2.3375750 2.0792291
 2.3342066 2.0806680
 2.3309510 2.0815868
 2.3308384 2.0816157
 2.3284395 2.0849552
 2.3277631 2.0883234
 2.3274701 2.0885770
 2.3241019 2.0888350
 2.3216252 2.0916917
 2.3217692 2.0950599
 2.3220541 2.0984282
 2.3241019 2.1004784
 2.3274701 2.1007822
 2.3298819 2.1017964
 2.3308384 2.1027310
 2.3317876 2.1017964
 2.3342066 2.1008844
 2.3375750 2.1013331
 2.3393981 2.0984282
 2.3399732 2.0950599
 2.3409431 2.0943472
 2.3443115 2.0944989
 2.3476796 2.0941246
 2.3510480 2.0939007
 2.3532569 2.0916917
 2.3538251 2.0883234
 2.3541985 2.0849552
 2.3544161 2.0843349
 2.3561757 2.0849552
 2.3577845 2.0858407
 2.3601930 2.0849552
 2.3611526 2.0848389
 2.3616569 2.0849552
 2.3645210 2.0864599
 2.3678677 2.0849552
 2.3678892 2.0849507
 2.3679368 2.0849552
 2.3712575 2.0858493
 2.3729250 2.0849552
 2.3746257 2.0843539
 2.3779941 2.0822654
 2.3784611 2.0815868
 2.3798766 2.0782187
 2.3808072 2.0748503
 2.3804481 2.0714819
 2.3813622 2.0706136
 2.3841143 2.0714819
 2.3847306 2.0720346
 2.3853381 2.0714819
 2.3880987 2.0706127
 2.3908272 2.0714819
 2.3914671 2.0720646
 2.3921177 2.0714819
 2.3948355 2.0706551
 2.3975191 2.0714819
 2.3982036 2.0720956
 2.3988986 2.0714819
 2.4015720 2.0706720
 2.4049401 2.0706022
 2.4073718 2.0681138
 2.4073448 2.0647454
 2.4083085 2.0627334
 2.4109154 2.0613773
 2.4116766 2.0606444
 2.4130945 2.0580089
 2.4125981 2.0546408
 2.4116766 2.0535707
 2.4083085 2.0526690
 2.4053323 2.0546408
 2.4049401 2.0552945
 2.4035034 2.0580089
 2.4015720 2.0587695
 2.3989985 2.0580089
 2.3982036 2.0573254
 2.3973761 2.0580089
 2.3948355 2.0586848
 2.3937936 2.0580089
 2.3920689 2.0546408
 2.3914671 2.0539136
 2.3880987 2.0526776
 2.3850060 2.0546408
 0.9999999E-12    27
 2.1590018 2.0580089
 2.1568649 2.0613773
 2.1575119 2.0647454
 2.1569631 2.0681138
 2.1590569 2.0709648
 2.1621408 2.0714819
 2.1624253 2.0715721
 2.1657934 2.0727816
 2.1691618 2.0729673
 2.1725299 2.0726316
 2.1758983 2.0730197
 2.1787972 2.0714819
 2.1792665 2.0714028
 2.1826348 2.0711205
 2.1847677 2.0681138
 2.1844692 2.0647454
 2.1848741 2.0613773
 2.1829340 2.0580089
 2.1826348 2.0577097
 2.1792665 2.0569813
 2.1758983 2.0558548
 2.1725299 2.0560386
 2.1691618 2.0558631
 2.1657934 2.0559461
 2.1624253 2.0566452
 2.1590569 2.0579538
 2.1590018 2.0580089
 0.9999999E-12    13
 1.4989756 2.0613773
 1.4994320 2.0647454
 1.4989821 2.0681138
 1.5022455 2.0713460
 1.5056138 2.0708568
 1.5089821 2.0708539
 1.5106781 2.0681138
 1.5109811 2.0647454
 1.5106684 2.0613773
 1.5089821 2.0586810
 1.5056138 2.0586531
 1.5022455 2.0581820
 1.4989756 2.0613773
 0.9999999E-12    45
 2.5694232 2.0613773
 2.5677435 2.0647454
 2.5666168 2.0659173
 2.5632486 2.0664189
 2.5598803 2.0669301
 2.5573530 2.0681138
 2.5565121 2.0684924
 2.5542023 2.0714819
 2.5543687 2.0748503
 2.5565121 2.0769818
 2.5598803 2.0780602
 2.5610783 2.0782187
 2.5632486 2.0787096
 2.5666168 2.0785365
 2.5699852 2.0782418
 2.5700262 2.0782187
 2.5733533 2.0770848
 2.5757070 2.0748503
 2.5767217 2.0727611
 2.5785813 2.0714819
 2.5800898 2.0712552
 2.5826912 2.0714819
 2.5834582 2.0717022
 2.5841742 2.0714819
 2.5868263 2.0712361
 2.5891819 2.0714819
 2.5901947 2.0718198
 2.5909200 2.0714819
 2.5935628 2.0710690
 2.5969312 2.0711043
 2.6002994 2.0698006
 2.6025054 2.0681138
 2.6029871 2.0647454
 2.6010456 2.0613773
 2.6002994 2.0609353
 2.5969312 2.0589995
 2.5935628 2.0590253
 2.5901947 2.0583322
 2.5868263 2.0587807
 2.5834582 2.0583594
 2.5800898 2.0587335
 2.5767217 2.0586805
 2.5733533 2.0593822
 2.5699852 2.0609472
 2.5694232 2.0613773
 0.9999999E-12    29
 1.6294346 2.0681138
 1.6286290 2.0714819
 1.6289631 2.0748503
 1.6302395 2.0769711
 1.6336077 2.0775056
 1.6342298 2.0782187
 1.6346145 2.0815868
 1.6357567 2.0849552
 1.6369761 2.0861745
 1.6403444 2.0858555
 1.6437126 2.0880868
 1.6440545 2.0883234
 1.6470809 2.0910919
 1.6504492 2.0903165
 1.6517560 2.0883234
 1.6528715 2.0849552
 1.6533182 2.0815868
 1.6529338 2.0782187
 1.6517509 2.0748503
 1.6504492 2.0740097
 1.6470809 2.0728893
 1.6437126 2.0723994
 1.6403444 2.0723925
 1.6393744 2.0714819
 1.6390920 2.0681138
 1.6369761 2.0660439
 1.6336077 2.0661345
 1.6302395 2.0668194
 1.6294346 2.0681138
 0.9999999E-12    21
 2.7993066 2.0714819
 2.7990270 2.0720532
 2.7976019 2.0748503
 2.7956588 2.0764518
 2.7927842 2.0782187
 2.7922904 2.0813823
 2.7922554 2.0815868
 2.7922904 2.0816905
 2.7944849 2.0849552
 2.7956588 2.0854659
 2.7990270 2.0867119
 2.8023953 2.0860674
 2.8050416 2.0849552
 2.8057635 2.0844162
 2.8071659 2.0815868
 2.8079329 2.0782187
 2.8075745 2.0748503
 2.8068998 2.0714819
 2.8057635 2.0700088
 2.8023953 2.0691617
 2.7993066 2.0714819
 0.9999999E-12    31
 2.1060054 2.0748503
 2.1051931 2.0782187
 2.1051648 2.0793476
 2.1049612 2.0815868
 2.1051648 2.0819774
 2.1085329 2.0845137
 2.1096873 2.0849552
 2.1119013 2.0882571
 2.1119165 2.0883234
 2.1146638 2.0916917
 2.1152694 2.0921023
 2.1186378 2.0943384
 2.1220059 2.0931561
 2.1253743 2.0927074
 2.1287425 2.0918057
 2.1289907 2.0916917
 2.1321108 2.0905244
 2.1339250 2.0883234
 2.1338778 2.0849552
 2.1321108 2.0829077
 2.1287425 2.0817201
 2.1281562 2.0815868
 2.1253743 2.0807784
 2.1220059 2.0806119
 2.1186378 2.0802763
 2.1152694 2.0799079
 2.1146672 2.0782187
 2.1136935 2.0748503
 2.1119013 2.0737755
 2.1085329 2.0736465
 2.1060054 2.0748503
 0.9999999E-12    21
 2.1396570 2.0748503
 2.1390045 2.0782187
 2.1388648 2.0815868
 2.1422155 2.0846641
 2.1433752 2.0849552
 2.1455839 2.0860822
 2.1489520 2.0861082
 2.1523204 2.0854723
 2.1534183 2.0849552
 2.1556888 2.0829461
 2.1563709 2.0815868
 2.1556888 2.0788708
 2.1556540 2.0782187
 2.1556888 2.0766437
 2.1559074 2.0748503
 2.1556888 2.0746317
 2.1523204 2.0728793
 2.1489520 2.0725515
 2.1455839 2.0726964
 2.1422155 2.0735168
 2.1396570 2.0748503
 0.9999999E-12    23
 2.1901305 2.0748503
 2.1893713 2.0753822
 2.1872926 2.0782187
 2.1875525 2.0815868
 2.1893713 2.0834491
 2.1927395 2.0848503
 2.1931243 2.0849552
 2.1961079 2.0860896
 2.1994760 2.0860052
 2.2028444 2.0862525
 2.2051587 2.0849552
 2.2062125 2.0846550
 2.2095809 2.0820823
 2.2098267 2.0815868
 2.2095809 2.0791771
 2.2095544 2.0782187
 2.2087505 2.0748503
 2.2062125 2.0736406
 2.2028444 2.0727224
 2.1994760 2.0726120
 2.1961079 2.0727339
 2.1927395 2.0733936
 2.1901305 2.0748503
 0.9999999E-12    27
 2.2551935 2.0748503
 2.2541087 2.0782187
 2.2533684 2.0790770
 2.2500000 2.0792322
 2.2466319 2.0800662
 2.2432635 2.0814049
 2.2429760 2.0815868
 2.2404764 2.0849552
 2.2405198 2.0883234
 2.2420239 2.0916917
 2.2432635 2.0924566
 2.2466319 2.0937064
 2.2500000 2.0942266
 2.2533684 2.0941348
 2.2567365 2.0940759
 2.2601049 2.0924113
 2.2624159 2.0916917
 2.2634730 2.0908947
 2.2644372 2.0883234
 2.2652419 2.0849552
 2.2652767 2.0815868
 2.2644653 2.0782187
 2.2634730 2.0751948
 2.2631845 2.0748503
 2.2601049 2.0737166
 2.2567365 2.0738771
 2.2551935 2.0748503
 0.9999999E-12    19
 2.6889212 2.0748503
 2.6878743 2.0750706
 2.6845059 2.0750940
 2.6819665 2.0782187
 2.6820617 2.0815868
 2.6829052 2.0849552
 2.6845059 2.0859950
 2.6878743 2.0868130
 2.6912425 2.0870051
 2.6946108 2.0864003
 2.6979790 2.0853887
 2.6984127 2.0849552
 2.6995413 2.0815868
 2.6993742 2.0782187
 2.6979790 2.0757554
 2.6946108 2.0752945
 2.6930659 2.0748503
 2.6912425 2.0735924
 2.6889212 2.0748503
 0.9999999E-12    81
 1.5758249 2.0782187
 1.5743862 2.0815868
 1.5739304 2.0849552
 1.5740075 2.0883234
 1.5733129 2.0916917
 1.5744699 2.0950599
 1.5750737 2.0984282
 1.5763474 2.0997434
 1.5797156 2.1002357
 1.5825273 2.1017964
 1.5830839 2.1023498
 1.5836442 2.1017964
 1.5864521 2.1008756
 1.5883805 2.1017964
 1.5898204 2.1032238
 1.5912716 2.1017964
 1.5931886 2.1011660
 1.5938085 2.1017964
 1.5942585 2.1051648
 1.5960565 2.1085329
 1.5958081 2.1119013
 1.5944424 2.1152694
 1.5944467 2.1186378
 1.5957519 2.1220059
 1.5965569 2.1228111
 1.5999252 2.1229789
 1.6032934 2.1252599
 1.6035032 2.1253743
 1.6066617 2.1283789
 1.6074011 2.1287425
 1.6100299 2.1300976
 1.6133982 2.1302662
 1.6147314 2.1321108
 1.6152326 2.1354790
 1.6167665 2.1379311
 1.6201347 2.1379883
 1.6235030 2.1383851
 1.6264188 2.1354790
 1.6261313 2.1321108
 1.6268672 2.1287425
 1.6255040 2.1253743
 1.6238006 2.1220059
 1.6235030 2.1216426
 1.6201347 2.1197288
 1.6170472 2.1186378
 1.6167665 2.1184571
 1.6137952 2.1186378
 1.6133982 2.1186450
 1.6133928 2.1186378
 1.6131870 2.1152694
 1.6133982 2.1124029
 1.6135651 2.1119013
 1.6133982 2.1117139
 1.6122683 2.1085329
 1.6113441 2.1051648
 1.6100299 2.1043067
 1.6066617 2.1029963
 1.6060753 2.1017964
 1.6066617 2.0986118
 1.6068395 2.0984282
 1.6066617 2.0982423
 1.6036592 2.0950599
 1.6032934 2.0947092
 1.6028832 2.0950599
 1.5999252 2.0955217
 1.5994731 2.0950599
 1.5999033 2.0916917
 1.5976827 2.0883234
 1.5965569 2.0873630
 1.5940908 2.0883234
 1.5931886 2.0883865
 1.5930927 2.0883234
 1.5926255 2.0849552
 1.5910066 2.0815868
 1.5898204 2.0807161
 1.5864521 2.0806153
 1.5836238 2.0782187
 1.5830839 2.0772498
 1.5797156 2.0753975
 1.5763474 2.0772836
 1.5758249 2.0782187
 0.9999999E-12    31
 2.8883834 2.0782187
 2.8866019 2.0808773
 2.8860505 2.0815868
 2.8832335 2.0822136
 2.8798654 2.0816860
 2.8764970 2.0830114
 2.8731289 2.0848362
 2.8730507 2.0849552
 2.8727059 2.0883234
 2.8717954 2.0916917
 2.8727386 2.0950599
 2.8731289 2.0959699
 2.8738744 2.0984282
 2.8764970 2.1007175
 2.8798654 2.1003621
 2.8814898 2.0984282
 2.8832335 2.0954559
 2.8866019 2.0952227
 2.8868494 2.0950599
 2.8899701 2.0919859
 2.8901646 2.0916917
 2.8899701 2.0912645
 2.8897278 2.0883234
 2.8899701 2.0875108
 2.8933384 2.0854588
 2.8939252 2.0849552
 2.8953218 2.0815868
 2.8941817 2.0782187
 2.8933384 2.0774860
 2.8899701 2.0771089
 2.8883834 2.0782187
 0.9999999E-12    39
 1.8891575 2.0815868
 1.8870503 2.0849552
 1.8870629 2.0883234
 1.8890198 2.0916917
 1.8895959 2.0920711
 1.8929641 2.0934274
 1.8935297 2.0950599
 1.8934758 2.0984282
 1.8963324 2.1002746
 1.8997006 2.1008763
 1.9006988 2.1017964
 1.9008387 2.1051648
 1.9030689 2.1073768
 1.9064372 2.1075921
 1.9095767 2.1085329
 1.9098054 2.1087341
 1.9100219 2.1085329
 1.9131737 2.1073411
 1.9165419 2.1065559
 1.9174122 2.1051648
 1.9180707 2.1017964
 1.9175540 2.0984282
 1.9165419 2.0967925
 1.9131737 2.0960534
 1.9116312 2.0950599
 1.9098054 2.0922675
 1.9092325 2.0916917
 1.9064372 2.0897746
 1.9042238 2.0883234
 1.9030689 2.0873511
 1.9008950 2.0883234
 1.8997006 2.0884583
 1.8993320 2.0883234
 1.8975611 2.0849552
 1.8963324 2.0823102
 1.8929641 2.0815997
 1.8924991 2.0815868
 1.8895959 2.0812969
 1.8891575 2.0815868
 0.9999999E-12    47
 2.1708217 2.0815868
 2.1691618 2.0827558
 2.1671507 2.0849552
 2.1657934 2.0861671
 2.1624253 2.0870802
 2.1593378 2.0883234
 2.1590569 2.0884676
 2.1572261 2.0916917
 2.1558421 2.0950599
 2.1556888 2.0951045
 2.1543224 2.0950599
 2.1523204 2.0948043
 2.1517866 2.0950599
 2.1489520 2.0954885
 2.1455839 2.0969932
 2.1446054 2.0984282
 2.1455233 2.1017964
 2.1446383 2.1051648
 2.1455839 2.1065378
 2.1489520 2.1080339
 2.1521709 2.1085329
 2.1523204 2.1086073
 2.1528256 2.1085329
 2.1556888 2.1084287
 2.1590569 2.1080859
 2.1624253 2.1061735
 2.1631539 2.1051648
 2.1624253 2.1031976
 2.1623228 2.1017964
 2.1624253 2.1016607
 2.1657934 2.1010897
 2.1691618 2.1005824
 2.1723158 2.0984282
 2.1725299 2.0981514
 2.1747780 2.0950599
 2.1758983 2.0942495
 2.1792665 2.0936217
 2.1826348 2.0923476
 2.1832907 2.0916917
 2.1839433 2.0883234
 2.1842277 2.0849552
 2.1831825 2.0815868
 2.1826348 2.0812266
 2.1792665 2.0799379
 2.1758983 2.0796866
 2.1725299 2.0804548
 2.1708217 2.0815868
 0.9999999E-12    41
 2.4107473 2.0815868
 2.4083085 2.0827177
 2.4051507 2.0849552
 2.4049401 2.0853305
 2.4032190 2.0883234
 2.4015720 2.0889571
 2.4003143 2.0883234
 2.3991430 2.0849552
 2.3982036 2.0837209
 2.3948355 2.0826607
 2.3914890 2.0849552
 2.3914671 2.0853074
 2.3912120 2.0883234
 2.3914671 2.0888963
 2.3948355 2.0914147
 2.3952181 2.0916917
 2.3963888 2.0950599
 2.3971555 2.0984282
 2.3982036 2.1000984
 2.4015720 2.1005321
 2.4049401 2.1006277
 2.4071412 2.0984282
 2.4073043 2.0950599
 2.4083085 2.0926964
 2.4116766 2.0932264
 2.4150450 2.0932846
 2.4184132 2.0933616
 2.4217815 2.0925319
 2.4236164 2.0916917
 2.4251497 2.0906739
 2.4265492 2.0883234
 2.4262364 2.0849552
 2.4251497 2.0836072
 2.4217815 2.0822659
 2.4198074 2.0815868
 2.4184132 2.0807753
 2.4165773 2.0815868
 2.4150450 2.0818021
 2.4133534 2.0815868
 2.4116766 2.0808861
 2.4107473 2.0815868
 0.9999999E-12   263
 1.7365345 2.0883234
 1.7346557 2.0884097
 1.7312875 2.0893295
 1.7299585 2.0916917
 1.7303790 2.0950599
 1.7303619 2.0984282
 1.7312875 2.0993538
 1.7346557 2.1006575
 1.7380240 2.1005881
 1.7413923 2.0987747
 1.7447605 2.0985739
 1.7449361 2.1017964
 1.7447623 2.1051648
 1.7481288 2.1076262
 1.7514970 2.1082346
 1.7548653 2.1080761
 1.7568763 2.1085329
 1.7582335 2.1114771
 1.7582874 2.1119013
 1.7616018 2.1148100
 1.7638130 2.1152694
 1.7649701 2.1158261
 1.7683383 2.1160593
 1.7710479 2.1186378
 1.7708056 2.1220059
 1.7717066 2.1237619
 1.7719948 2.1253743
 1.7729110 2.1287425
 1.7750748 2.1301510
 1.7784431 2.1308033
 1.7818114 2.1309984
 1.7851796 2.1309748
 1.7885479 2.1308374
 1.7919161 2.1312613
 1.7923663 2.1321108
 1.7924705 2.1354790
 1.7952845 2.1376534
 1.7986528 2.1378667
 1.8020210 2.1376855
 1.8053893 2.1372583
 1.8087575 2.1380715
 1.8121258 2.1377826
 1.8154941 2.1377087
 1.8188623 2.1374347
 1.8193526 2.1388474
 1.8188623 2.1395240
 1.8154941 2.1394815
 1.8121258 2.1399429
 1.8087575 2.1403942
 1.8068112 2.1422155
 1.8059012 2.1455839
 1.8057959 2.1489520
 1.8087575 2.1520777
 1.8103917 2.1523204
 1.8121258 2.1528451
 1.8154941 2.1537797
 1.8188623 2.1549363
 1.8190652 2.1556888
 1.8197697 2.1590569
 1.8222306 2.1605082
 1.8255988 2.1614861
 1.8262694 2.1624253
 1.8269378 2.1657934
 1.8289671 2.1670518
 1.8323354 2.1677396
 1.8357036 2.1678057
 1.8390719 2.1672597
 1.8421209 2.1657934
 1.8424401 2.1644235
 1.8427950 2.1624253
 1.8428992 2.1590569
 1.8424401 2.1582308
 1.8390719 2.1562552
 1.8381437 2.1556888
 1.8380625 2.1523204
 1.8390719 2.1519494
 1.8400638 2.1523204
 1.8424401 2.1541455
 1.8458084 2.1531916
 1.8491766 2.1541491
 1.8525449 2.1538131
 1.8532472 2.1556888
 1.8551348 2.1590569
 1.8559132 2.1595461
 1.8592814 2.1602290
 1.8626497 2.1607094
 1.8660179 2.1601980
 1.8693862 2.1607070
 1.8727545 2.1593206
 1.8738579 2.1590569
 1.8761228 2.1580842
 1.8771348 2.1556888
 1.8771279 2.1523204
 1.8761228 2.1501193
 1.8727545 2.1490209
 1.8724644 2.1489520
 1.8724558 2.1455839
 1.8727545 2.1455286
 1.8730857 2.1455839
 1.8761228 2.1484907
 1.8785784 2.1455839
 1.8794911 2.1452327
 1.8809618 2.1455839
 1.8828593 2.1469486
 1.8846446 2.1455839
 1.8862276 2.1451628
 1.8882720 2.1455839
 1.8895959 2.1465309
 1.8908271 2.1455839
 1.8929641 2.1449494
 1.8950127 2.1455839
 1.8963324 2.1466086
 1.8977381 2.1455839
 1.8997006 2.1451747
 1.9012704 2.1455839
 1.9030689 2.1469700
 1.9047844 2.1455839
 1.9064372 2.1451075
 1.9085691 2.1455839
 1.9098054 2.1465302
 1.9108722 2.1455839
 1.9131737 2.1445982
 1.9165419 2.1437490
 1.9174856 2.1422155
 1.9179841 2.1388474
 1.9172195 2.1354790
 1.9165419 2.1344011
 1.9131737 2.1334674
 1.9104078 2.1321108
 1.9098054 2.1315360
 1.9091647 2.1321108
 1.9064372 2.1328468
 1.9042294 2.1321108
 1.9030689 2.1304245
 1.9018778 2.1321108
 1.8997006 2.1327724
 1.8970624 2.1321108
 1.8989307 2.1287425
 1.8997006 2.1283810
 1.9029154 2.1253743
 1.9027903 2.1220059
 1.8997006 2.1196687
 1.8974475 2.1186378
 1.8963324 2.1178298
 1.8938621 2.1186378
 1.8929641 2.1187289
 1.8900247 2.1186378
 1.8895959 2.1185822
 1.8895167 2.1186378
 1.8869151 2.1220059
 1.8870106 2.1253743
 1.8880160 2.1287425
 1.8889666 2.1321108
 1.8862276 2.1327922
 1.8840237 2.1321108
 1.8828593 2.1310918
 1.8816400 2.1321108
 1.8794911 2.1327093
 1.8780818 2.1321108
 1.8761228 2.1303756
 1.8739461 2.1321108
 1.8727545 2.1323607
 1.8721256 2.1321108
 1.8701473 2.1287425
 1.8693862 2.1274643
 1.8660179 2.1261311
 1.8646309 2.1253743
 1.8634429 2.1220059
 1.8626497 2.1204147
 1.8592814 2.1189232
 1.8586135 2.1186378
 1.8559132 2.1160471
 1.8552577 2.1152694
 1.8525449 2.1125386
 1.8519051 2.1119013
 1.8491766 2.1092460
 1.8485476 2.1085329
 1.8460255 2.1051648
 1.8458084 2.1050472
 1.8424401 2.1023059
 1.8390719 2.1025720
 1.8357036 2.1023524
 1.8323354 2.1051521
 1.8323246 2.1051648
 1.8323354 2.1051834
 1.8326662 2.1085329
 1.8323354 2.1116145
 1.8321674 2.1119013
 1.8323354 2.1121554
 1.8353838 2.1152694
 1.8357036 2.1154826
 1.8390719 2.1175170
 1.8392291 2.1186378
 1.8406403 2.1220059
 1.8424401 2.1231303
 1.8458084 2.1240261
 1.8464924 2.1253743
 1.8476989 2.1287425
 1.8491766 2.1296544
 1.8525449 2.1303806
 1.8559132 2.1306009
 1.8592814 2.1307364
 1.8598645 2.1321108
 1.8592814 2.1340175
 1.8580817 2.1354790
 1.8592814 2.1369352
 1.8597039 2.1388474
 1.8592814 2.1404924
 1.8559132 2.1404228
 1.8525449 2.1400902
 1.8491766 2.1397808
 1.8458084 2.1398742
 1.8428935 2.1388474
 1.8427304 2.1354790
 1.8424401 2.1350324
 1.8390719 2.1333175
 1.8357036 2.1323149
 1.8323354 2.1329243
 1.8289671 2.1323440
 1.8255988 2.1329026
 1.8222306 2.1322389
 1.8221157 2.1321108
 1.8207670 2.1287425
 1.8188623 2.1273086
 1.8154941 2.1259511
 1.8121258 2.1259100
 1.8099258 2.1253743
 1.8087575 2.1242082
 1.8076560 2.1220059
 1.8053893 2.1199257
 1.8020210 2.1192920
 1.7986528 2.1194324
 1.7952845 2.1187122
 1.7928092 2.1186378
 1.7919161 2.1185906
 1.7885479 2.1156106
 1.7883903 2.1152694
 1.7867575 2.1119013
 1.7851796 2.1111462
 1.7818114 2.1095996
 1.7807736 2.1085329
 1.7784431 2.1052532
 1.7783319 2.1051648
 1.7750748 2.1028297
 1.7717066 2.1023529
 1.7683383 2.1018760
 1.7682261 2.1017964
 1.7662395 2.0984282
 1.7649701 2.0974257
 1.7616018 2.0960891
 1.7582335 2.0955989
 1.7548653 2.0954847
 1.7514970 2.0953207
 1.7481288 2.0959430
 1.7447605 2.0983737
 1.7413923 2.0974751
 1.7412351 2.0950599
 1.7413923 2.0931776
 1.7420207 2.0916917
 1.7413923 2.0906482
 1.7385509 2.0883234
 1.7380240 2.0880318
 1.7365345 2.0883234
 0.9999999E-12    17
 2.1105993 2.0984282
 2.1108344 2.1017964
 2.1106348 2.1051648
 2.1119013 2.1070848
 2.1152694 2.1079698
 2.1186378 2.1082160
 2.1220059 2.1057768
 2.1224861 2.1051648
 2.1220059 2.1043351
 2.1217360 2.1017964
 2.1220059 2.0992992
 2.1225135 2.0984282
 2.1220059 2.0977621
 2.1186378 2.0952985
 2.1152694 2.0955248
 2.1119013 2.0964203
 2.1105993 2.0984282
 0.9999999E-12    19
 2.1887245 2.0984282
 2.1871762 2.1017964
 2.1867490 2.1051648
 2.1871471 2.1085329
 2.1879523 2.1119013
 2.1893713 2.1132329
 2.1927395 2.1144197
 2.1961079 2.1150372
 2.1994760 2.1146646
 2.2027791 2.1119013
 2.2026587 2.1085329
 2.2021360 2.1051648
 2.1994760 2.1035423
 2.1961079 2.1021807
 2.1957631 2.1017964
 2.1937678 2.0984282
 2.1927395 2.0976837
 2.1893713 2.0978966
 2.1887245 2.0984282
 0.9999999E-12    31
 2.3693304 2.0984282
 2.3687980 2.1017964
 2.3678892 2.1028812
 2.3645210 2.1028152
 2.3611526 2.1031380
 2.3577845 2.1042459
 2.3563766 2.1051648
 2.3555925 2.1085329
 2.3554573 2.1119013
 2.3577845 2.1149809
 2.3611526 2.1151357
 2.3616114 2.1152694
 2.3645210 2.1170745
 2.3678427 2.1152694
 2.3678892 2.1152611
 2.3679361 2.1152694
 2.3712575 2.1181369
 2.3741891 2.1152694
 2.3746257 2.1151407
 2.3779941 2.1149662
 2.3802941 2.1119013
 2.3806159 2.1085329
 2.3813622 2.1060252
 2.3820622 2.1051648
 2.3813622 2.1044521
 2.3805652 2.1017964
 2.3809931 2.0984282
 2.3779941 2.0953264
 2.3746257 2.0958624
 2.3712575 2.0953999
 2.3693304 2.0984282
 0.9999999E-12    31
 2.6150060 2.0984282
 2.6143198 2.1017964
 2.6137724 2.1042025
 2.6125178 2.1051648
 2.6104043 2.1062143
 2.6084936 2.1085329
 2.6084569 2.1119013
 2.6104043 2.1142974
 2.6137724 2.1145077
 2.6163309 2.1119013
 2.6171408 2.1101565
 2.6203871 2.1085329
 2.6205089 2.1085191
 2.6206262 2.1085329
 2.6238773 2.1095500
 2.6262438 2.1085329
 2.6272454 2.1083615
 2.6302116 2.1085329
 2.6306138 2.1086147
 2.6307337 2.1085329
 2.6339822 2.1072357
 2.6364963 2.1051648
 2.6367176 2.1017964
 2.6339822 2.0987341
 2.6333275 2.0984282
 2.6306138 2.0970404
 2.6272454 2.0967529
 2.6238773 2.0964057
 2.6205089 2.0964968
 2.6171408 2.0971341
 2.6150060 2.0984282
 0.9999999E-12    27
 2.8499427 2.0984282
 2.8495510 2.0985582
 2.8461826 2.0994637
 2.8450525 2.1017964
 2.8438754 2.1051648
 2.8428144 2.1057382
 2.8394461 2.1065545
 2.8382952 2.1085329
 2.8381293 2.1119013
 2.8389130 2.1152694
 2.8394461 2.1161280
 2.8428144 2.1171193
 2.8461826 2.1172938
 2.8483574 2.1152694
 2.8487284 2.1119013
 2.8495510 2.1102984
 2.8529191 2.1108515
 2.8562875 2.1106157
 2.8596556 2.1111574
 2.8623290 2.1085329
 2.8626654 2.1051648
 2.8628232 2.1017964
 2.8614097 2.0984282
 2.8596556 2.0972741
 2.8562875 2.0971832
 2.8529191 2.0966220
 2.8499427 2.0984282
 0.9999999E-12    25
 1.7211066 2.1051648
 1.7185395 2.1085329
 1.7188619 2.1119013
 1.7211827 2.1137972
 1.7232813 2.1152694
 1.7242681 2.1186378
 1.7245510 2.1193547
 1.7276365 2.1220059
 1.7279192 2.1221075
 1.7312875 2.1234512
 1.7346557 2.1231611
 1.7380240 2.1222775
 1.7385280 2.1220059
 1.7410986 2.1186378
 1.7410506 2.1152694
 1.7395122 2.1119013
 1.7380240 2.1110756
 1.7346557 2.1103194
 1.7312875 2.1101644
 1.7279192 2.1103253
 1.7266411 2.1085329
 1.7245510 2.1053197
 1.7217201 2.1051648
 1.7211827 2.1051252
 1.7211066 2.1051648
 0.9999999E-12    23
 1.9758618 2.1051648
 1.9750274 2.1085329
 1.9747695 2.1119013
 1.9747742 2.1152694
 1.9751707 2.1186378
 1.9769597 2.1220059
 1.9771707 2.1222169
 1.9782958 2.1220059
 1.9805390 2.1219144
 1.9823719 2.1220059
 1.9839072 2.1223443
 1.9843739 2.1220059
 1.9864147 2.1186378
 1.9866467 2.1152694
 1.9872755 2.1120923
 1.9874012 2.1119013
 1.9872755 2.1117687
 1.9862338 2.1085329
 1.9860818 2.1051648
 1.9839072 2.1029441
 1.9805390 2.1030846
 1.9771707 2.1030896
 1.9758618 2.1051648
 0.9999999E-12    31
 2.0268662 2.1051648
 2.0244415 2.1085329
 2.0243263 2.1086175
 2.0209582 2.1109571
 2.0175898 2.1108086
 2.0157461 2.1119013
 2.0142217 2.1126130
 2.0111277 2.1152694
 2.0112834 2.1186378
 2.0142217 2.1207983
 2.0168340 2.1220059
 2.0175898 2.1225462
 2.0192761 2.1220059
 2.0209582 2.1218317
 2.0213609 2.1220059
 2.0243263 2.1239729
 2.0276947 2.1233513
 2.0310628 2.1242523
 2.0344312 2.1233537
 2.0377994 2.1230581
 2.0393112 2.1220059
 2.0407898 2.1186378
 2.0406635 2.1152694
 2.0401788 2.1119013
 2.0377994 2.1103506
 2.0344312 2.1096094
 2.0324676 2.1085329
 2.0310628 2.1057990
 2.0291440 2.1051648
 2.0276947 2.1047995
 2.0268662 2.1051648
 0.9999999E-12     5
 1.6007661 2.1085329
 1.5999252 2.1108932
 1.5972021 2.1085329
 1.5999252 2.1081271
 1.6007661 2.1085329
 0.9999999E-12    79
 1.6488427 2.1119013
 1.6470809 2.1126916
 1.6441177 2.1152694
 1.6441351 2.1186378
 1.6470809 2.1211364
 1.6476480 2.1220059
 1.6485856 2.1253743
 1.6492969 2.1287425
 1.6504492 2.1298947
 1.6538174 2.1307647
 1.6556802 2.1321108
 1.6552957 2.1354790
 1.6556600 2.1388474
 1.6563770 2.1422155
 1.6571857 2.1435711
 1.6605539 2.1448407
 1.6620562 2.1455839
 1.6639222 2.1479907
 1.6647128 2.1489520
 1.6672904 2.1510754
 1.6692827 2.1523204
 1.6706587 2.1533651
 1.6740270 2.1529560
 1.6767093 2.1556888
 1.6773952 2.1577084
 1.6786113 2.1590569
 1.6807635 2.1598384
 1.6841317 2.1604679
 1.6875000 2.1595778
 1.6908683 2.1611643
 1.6915079 2.1624253
 1.6938751 2.1657934
 1.6942365 2.1659954
 1.6976048 2.1672046
 1.7009730 2.1668651
 1.7039059 2.1657934
 1.7043413 2.1656332
 1.7063227 2.1624253
 1.7058167 2.1590569
 1.7043413 2.1575904
 1.7009730 2.1563993
 1.7002978 2.1556888
 1.6993481 2.1523204
 1.6976048 2.1502538
 1.6954898 2.1489520
 1.6942365 2.1478910
 1.6936622 2.1455839
 1.6926817 2.1422155
 1.6908683 2.1411088
 1.6875000 2.1399107
 1.6869273 2.1388474
 1.6875000 2.1357734
 1.6877172 2.1354790
 1.6875000 2.1352143
 1.6864022 2.1321108
 1.6852206 2.1287425
 1.6841317 2.1276898
 1.6807635 2.1267867
 1.6773952 2.1263816
 1.6740270 2.1272051
 1.6716981 2.1287425
 1.6706587 2.1308537
 1.6699451 2.1321108
 1.6672904 2.1328740
 1.6667248 2.1321108
 1.6665008 2.1287425
 1.6639222 2.1261744
 1.6605539 2.1258402
 1.6602410 2.1253743
 1.6605539 2.1228445
 1.6610042 2.1220059
 1.6605539 2.1207223
 1.6603150 2.1186378
 1.6597625 2.1152694
 1.6578661 2.1119013
 1.6571857 2.1114607
 1.6538174 2.1111829
 1.6504492 2.1108978
 1.6488427 2.1119013
 0.9999999E-12    79
 2.3440156 2.1119013
 2.3420296 2.1152694
 2.3417792 2.1186378
 2.3417921 2.1220059
 2.3416355 2.1253743
 2.3409431 2.1256857
 2.3385735 2.1253743
 2.3375750 2.1246448
 2.3367767 2.1253743
 2.3342066 2.1284251
 2.3339210 2.1287425
 2.3308384 2.1308978
 2.3295867 2.1321108
 2.3274701 2.1328816
 2.3241019 2.1324844
 2.3210773 2.1354790
 2.3213863 2.1388474
 2.3207335 2.1406875
 2.3184338 2.1422155
 2.3173654 2.1435380
 2.3160965 2.1455839
 2.3162754 2.1489520
 2.3173654 2.1504142
 2.3207335 2.1515877
 2.3241019 2.1521628
 2.3274701 2.1513386
 2.3307106 2.1489520
 2.3308384 2.1488626
 2.3336287 2.1455839
 2.3342066 2.1453142
 2.3349824 2.1455839
 2.3365893 2.1489520
 2.3375750 2.1503334
 2.3409431 2.1518786
 2.3421965 2.1523204
 2.3443115 2.1534522
 2.3476796 2.1530113
 2.3510480 2.1543412
 2.3544161 2.1536732
 2.3577845 2.1545546
 2.3611526 2.1529825
 2.3645210 2.1533794
 2.3655798 2.1523204
 2.3668718 2.1489520
 2.3671381 2.1455839
 2.3678892 2.1441338
 2.3712575 2.1422913
 2.3713191 2.1422155
 2.3720088 2.1388474
 2.3712575 2.1371248
 2.3689158 2.1354790
 2.3678892 2.1351264
 2.3668213 2.1354790
 2.3645210 2.1369147
 2.3636515 2.1388474
 2.3611526 2.1403308
 2.3577845 2.1397974
 2.3544161 2.1401186
 2.3510480 2.1390977
 2.3476796 2.1404514
 2.3460691 2.1388474
 2.3476796 2.1381097
 2.3510480 2.1384702
 2.3529394 2.1354790
 2.3534250 2.1321108
 2.3543429 2.1287425
 2.3544161 2.1286368
 2.3577845 2.1262376
 2.3581583 2.1253743
 2.3577845 2.1230092
 2.3576262 2.1220059
 2.3544161 2.1200805
 2.3534327 2.1186378
 2.3530242 2.1152694
 2.3510480 2.1119015
 2.3476796 2.1119189
 2.3468094 2.1119013
 2.3443115 2.1116967
 2.3440156 2.1119013
 0.9999999E-12    21
 2.7575245 2.1119013
 2.7552395 2.1125503
 2.7518713 2.1127076
 2.7496042 2.1152694
 2.7496998 2.1186378
 2.7498670 2.1220059
 2.7518713 2.1240797
 2.7552395 2.1243622
 2.7581451 2.1253743
 2.7586079 2.1258221
 2.7590666 2.1253743
 2.7619760 2.1241627
 2.7653444 2.1239874
 2.7672405 2.1220059
 2.7674189 2.1186378
 2.7675123 2.1152694
 2.7653444 2.1128235
 2.7619760 2.1127267
 2.7596152 2.1119013
 2.7586079 2.1110106
 2.7575245 2.1119013
 0.9999999E-12    27
 2.3844295 2.1152694
 2.3832431 2.1186378
 2.3813622 2.1195898
 2.3788102 2.1186378
 2.3779941 2.1165180
 2.3771296 2.1186378
 2.3746257 2.1191473
 2.3712575 2.1191695
 2.3695192 2.1220059
 2.3691626 2.1253743
 2.3697400 2.1287425
 2.3712575 2.1299648
 2.3746257 2.1304929
 2.3779941 2.1305468
 2.3813622 2.1299396
 2.3836458 2.1287425
 2.3847306 2.1273882
 2.3857000 2.1253743
 2.3874719 2.1220059
 2.3880987 2.1217625
 2.3914671 2.1201718
 2.3924122 2.1186378
 2.3923256 2.1152694
 2.3914671 2.1139929
 2.3880987 2.1127274
 2.3847306 2.1148171
 2.3844295 2.1152694
 0.9999999E-12    21
 2.8546388 2.1152694
 2.8533034 2.1186378
 2.8529191 2.1205516
 2.8523862 2.1220059
 2.8528688 2.1253743
 2.8529191 2.1255574
 2.8536024 2.1287425
 2.8562875 2.1306870
 2.8596556 2.1299689
 2.8607194 2.1287425
 2.8620384 2.1253743
 2.8630240 2.1247189
 2.8663921 2.1245787
 2.8690085 2.1220059
 2.8689606 2.1186378
 2.8688891 2.1152694
 2.8663921 2.1129634
 2.8630240 2.1128931
 2.8596556 2.1125379
 2.8562875 2.1143293
 2.8546388 2.1152694
 0.9999999E-12    41
 2.7171853 2.1186378
 2.7148204 2.1195176
 2.7114522 2.1197622
 2.7091963 2.1220059
 2.7090652 2.1253743
 2.7089813 2.1287425
 2.7114522 2.1313512
 2.7148204 2.1315179
 2.7166274 2.1321108
 2.7181888 2.1333735
 2.7199202 2.1321108
 2.7215569 2.1317804
 2.7226164 2.1321108
 2.7249253 2.1339722
 2.7273459 2.1321108
 2.7282934 2.1318891
 2.7291028 2.1321108
 2.7316618 2.1341469
 2.7340295 2.1321108
 2.7350299 2.1317723
 2.7375541 2.1321108
 2.7383983 2.1327088
 2.7389963 2.1321108
 2.7407117 2.1287425
 2.7409477 2.1253743
 2.7405448 2.1220059
 2.7384808 2.1186378
 2.7383983 2.1185551
 2.7383106 2.1186378
 2.7350299 2.1192849
 2.7334974 2.1186378
 2.7316618 2.1168530
 2.7297776 2.1186378
 2.7282934 2.1191308
 2.7266281 2.1186378
 2.7249253 2.1170352
 2.7232182 2.1186378
 2.7215569 2.1192410
 2.7192049 2.1186378
 2.7181888 2.1177075
 2.7171853 2.1186378
 0.9999999E-12    19
 2.6234436 2.1220059
 2.6220703 2.1253743
 2.6237149 2.1287425
 2.6238773 2.1288817
 2.6272454 2.1305635
 2.6306138 2.1314600
 2.6339822 2.1311426
 2.6373503 2.1311340
 2.6407187 2.1294625
 2.6418345 2.1287425
 2.6432750 2.1253743
 2.6419375 2.1220059
 2.6407187 2.1212161
 2.6373503 2.1195397
 2.6339822 2.1195524
 2.6306138 2.1192007
 2.6272454 2.1200984
 2.6238773 2.1216207
 2.6234436 2.1220059
 0.9999999E-12    31
 2.2492044 2.1253743
 2.2466319 2.1276369
 2.2457755 2.1287425
 2.2466319 2.1301754
 2.2468328 2.1321108
 2.2466319 2.1326263
 2.2432635 2.1333914
 2.2408297 2.1354790
 2.2405779 2.1388474
 2.2404642 2.1422155
 2.2432635 2.1449559
 2.2466319 2.1448472
 2.2500000 2.1431150
 2.2505395 2.1422155
 2.2521410 2.1388474
 2.2533684 2.1383982
 2.2565365 2.1388474
 2.2567365 2.1389792
 2.2568784 2.1388474
 2.2601049 2.1361408
 2.2612569 2.1354790
 2.2629118 2.1321108
 2.2620947 2.1287425
 2.2601049 2.1274283
 2.2574487 2.1253743
 2.2567365 2.1247358
 2.2554591 2.1253743
 2.2533684 2.1255910
 2.2512140 2.1253743
 2.2500000 2.1247766
 2.2492044 2.1253743
 0.9999999E-12   117
 1.5634918 2.1287425
 1.5628743 2.1291170
 1.5611390 2.1321108
 1.5595217 2.1354790
 1.5602921 2.1388474
 1.5596750 2.1422155
 1.5607255 2.1455839
 1.5625712 2.1489520
 1.5628743 2.1494105
 1.5662426 2.1513433
 1.5668356 2.1523204
 1.5677720 2.1556888
 1.5691715 2.1590569
 1.5696108 2.1594961
 1.5729791 2.1601484
 1.5739443 2.1624253
 1.5742083 2.1657934
 1.5748228 2.1691618
 1.5763474 2.1718631
 1.5771670 2.1725299
 1.5797156 2.1739032
 1.5812025 2.1758983
 1.5830839 2.1789212
 1.5834565 2.1792665
 1.5864521 2.1812401
 1.5876590 2.1826348
 1.5898204 2.1857619
 1.5900477 2.1860030
 1.5931886 2.1885252
 1.5944022 2.1893713
 1.5965569 2.1909285
 1.5999252 2.1907630
 1.6019229 2.1927395
 1.6030644 2.1961079
 1.6032934 2.1963367
 1.6066617 2.1975222
 1.6100299 2.1992548
 1.6103538 2.1994760
 1.6120083 2.2028444
 1.6133982 2.2035830
 1.6167665 2.2061069
 1.6201347 2.2054875
 1.6217095 2.2062125
 1.6235030 2.2086849
 1.6246474 2.2095809
 1.6268712 2.2110651
 1.6292031 2.2129490
 1.6302395 2.2138715
 1.6320570 2.2129490
 1.6336077 2.2127717
 1.6342216 2.2129490
 1.6369761 2.2156341
 1.6378877 2.2163174
 1.6403444 2.2183375
 1.6437126 2.2174461
 1.6446112 2.2163174
 1.6457368 2.2129490
 1.6466428 2.2095809
 1.6461158 2.2062125
 1.6454542 2.2028444
 1.6437126 2.2012501
 1.6403444 2.2005119
 1.6377532 2.1994760
 1.6369761 2.1987891
 1.6361501 2.1994760
 1.6336077 2.2000794
 1.6329366 2.1994760
 1.6324908 2.1961079
 1.6302395 2.1938324
 1.6268712 2.1934843
 1.6245338 2.1927395
 1.6235030 2.1919088
 1.6222762 2.1927395
 1.6201347 2.1931427
 1.6197447 2.1927395
 1.6197450 2.1893713
 1.6172106 2.1860030
 1.6167665 2.1856637
 1.6149633 2.1860030
 1.6133982 2.1860645
 1.6132410 2.1860030
 1.6108510 2.1826348
 1.6100299 2.1814525
 1.6066617 2.1794393
 1.6063353 2.1792665
 1.6032934 2.1776776
 1.5999252 2.1773365
 1.5992113 2.1758983
 1.5990217 2.1725299
 1.5965569 2.1709249
 1.5931886 2.1701481
 1.5923874 2.1691618
 1.5927064 2.1657934
 1.5898204 2.1628520
 1.5864521 2.1630838
 1.5858397 2.1624253
 1.5864521 2.1595364
 1.5868893 2.1590569
 1.5864521 2.1584706
 1.5857154 2.1556888
 1.5853097 2.1523204
 1.5830839 2.1492774
 1.5820738 2.1489520
 1.5797156 2.1479349
 1.5790060 2.1455839
 1.5784123 2.1422155
 1.5763474 2.1408365
 1.5729791 2.1399992
 1.5722131 2.1388474
 1.5729791 2.1355028
 1.5730009 2.1354790
 1.5729791 2.1354573
 1.5713705 2.1321108
 1.5696108 2.1290908
 1.5690193 2.1287425
 1.5662426 2.1274545
 1.5634918 2.1287425
 0.9999999E-12   123
 1.7598531 2.1287425
 1.7590351 2.1321108
 1.7584685 2.1354790
 1.7590359 2.1388474
 1.7598894 2.1422155
 1.7616018 2.1436250
 1.7649701 2.1448257
 1.7683383 2.1452100
 1.7706234 2.1455839
 1.7717066 2.1472962
 1.7718768 2.1489520
 1.7750748 2.1521280
 1.7760937 2.1523204
 1.7772846 2.1556888
 1.7750748 2.1573682
 1.7732450 2.1590569
 1.7720907 2.1624253
 1.7717066 2.1627500
 1.7683383 2.1631207
 1.7649701 2.1636131
 1.7616018 2.1650867
 1.7606794 2.1657934
 1.7593856 2.1691618
 1.7582335 2.1704500
 1.7548653 2.1710811
 1.7523102 2.1725299
 1.7518069 2.1758983
 1.7516727 2.1792665
 1.7548653 2.1821280
 1.7555869 2.1826348
 1.7564045 2.1860030
 1.7567629 2.1893713
 1.7582335 2.1911981
 1.7592967 2.1927395
 1.7616018 2.1957364
 1.7619857 2.1961079
 1.7649701 2.1983037
 1.7660741 2.1994760
 1.7677141 2.2028444
 1.7683383 2.2033095
 1.7717066 2.2054825
 1.7722683 2.2062125
 1.7735552 2.2095809
 1.7750748 2.2109032
 1.7784431 2.2110083
 1.7802379 2.2095809
 1.7818114 2.2063496
 1.7819035 2.2062125
 1.7851796 2.2048733
 1.7881874 2.2028444
 1.7883165 2.1994760
 1.7884383 2.1961079
 1.7851796 2.1935518
 1.7839280 2.1927395
 1.7828654 2.1893713
 1.7818114 2.1875658
 1.7791787 2.1860030
 1.7784431 2.1854184
 1.7750748 2.1832581
 1.7744209 2.1826348
 1.7750748 2.1817286
 1.7784431 2.1818664
 1.7818114 2.1823993
 1.7830346 2.1826348
 1.7851796 2.1837127
 1.7867731 2.1860030
 1.7885479 2.1880019
 1.7919161 2.1881700
 1.7940904 2.1860030
 1.7952845 2.1831212
 1.7955657 2.1826348
 1.7968571 2.1792665
 1.7960002 2.1758983
 1.7964371 2.1725299
 1.7952845 2.1713700
 1.7919161 2.1700199
 1.7885479 2.1694434
 1.7851796 2.1699107
 1.7818114 2.1696260
 1.7813908 2.1691618
 1.7818114 2.1689444
 1.7851796 2.1686242
 1.7885479 2.1683424
 1.7903385 2.1657934
 1.7900181 2.1624253
 1.7919161 2.1606038
 1.7931898 2.1624253
 1.7952845 2.1655600
 1.7956793 2.1657934
 1.7986528 2.1673489
 1.7999537 2.1691618
 1.8011918 2.1725299
 1.8020210 2.1732278
 1.8053893 2.1734989
 1.8067944 2.1725299
 1.8079419 2.1691618
 1.8086954 2.1657934
 1.8082008 2.1624253
 1.8075585 2.1590569
 1.8053893 2.1572604
 1.8020210 2.1565988
 1.7986528 2.1567533
 1.7964425 2.1556888
 1.7952845 2.1525972
 1.7952588 2.1523204
 1.7920911 2.1489520
 1.7919161 2.1488829
 1.7885479 2.1469429
 1.7875820 2.1455839
 1.7851796 2.1426096
 1.7843235 2.1422155
 1.7818114 2.1409972
 1.7784431 2.1405632
 1.7750748 2.1394420
 1.7748259 2.1388474
 1.7748492 2.1354790
 1.7717066 2.1332376
 1.7683383 2.1324210
 1.7680007 2.1321108
 1.7666742 2.1287425
 1.7649701 2.1273177
 1.7616018 2.1273067
 1.7598531 2.1287425
 0.9999999E-12    45
 2.4195049 2.1287425
 2.4184132 2.1319835
 2.4183805 2.1321108
 2.4184132 2.1322491
 2.4193401 2.1354790
 2.4217815 2.1367934
 2.4251497 2.1377327
 2.4285181 2.1371686
 2.4312112 2.1388474
 2.4293008 2.1422155
 2.4285181 2.1428721
 2.4252572 2.1455839
 2.4252684 2.1489520
 2.4285181 2.1515102
 2.4302707 2.1523204
 2.4318862 2.1534033
 2.4352546 2.1527858
 2.4386227 2.1540222
 2.4419911 2.1532130
 2.4453592 2.1527021
 2.4459291 2.1523204
 2.4479115 2.1489520
 2.4487276 2.1465235
 2.4520957 2.1468410
 2.4540365 2.1455839
 2.4554641 2.1449547
 2.4588323 2.1434667
 2.4599109 2.1422155
 2.4603667 2.1388474
 2.4588323 2.1362319
 2.4580772 2.1354790
 2.4554641 2.1340313
 2.4520957 2.1332810
 2.4487276 2.1331179
 2.4453592 2.1331580
 2.4419911 2.1336758
 2.4386227 2.1338768
 2.4352546 2.1347525
 2.4333436 2.1321108
 2.4318986 2.1287425
 2.4318862 2.1287303
 2.4285181 2.1271739
 2.4251497 2.1265912
 2.4217815 2.1275525
 2.4195049 2.1287425
 0.9999999E-12    69
 2.7910950 2.1287425
 2.7900426 2.1321108
 2.7889221 2.1344943
 2.7855539 2.1336949
 2.7834311 2.1354790
 2.7821856 2.1365952
 2.7788174 2.1386788
 2.7787020 2.1388474
 2.7761583 2.1422155
 2.7754490 2.1426136
 2.7720809 2.1430147
 2.7699380 2.1455839
 2.7694604 2.1489520
 2.7687125 2.1494067
 2.7665231 2.1489520
 2.7653444 2.1478980
 2.7642279 2.1489520
 2.7619760 2.1502297
 2.7588696 2.1523204
 2.7586079 2.1530809
 2.7575839 2.1556888
 2.7552395 2.1568172
 2.7518713 2.1579814
 2.7502222 2.1590569
 2.7495885 2.1624253
 2.7485030 2.1650562
 2.7472222 2.1657934
 2.7451348 2.1674950
 2.7440600 2.1691618
 2.7441356 2.1725299
 2.7451348 2.1739678
 2.7485030 2.1753004
 2.7518713 2.1758871
 2.7552395 2.1750593
 2.7585738 2.1725299
 2.7586079 2.1725023
 2.7614264 2.1691618
 2.7619760 2.1689389
 2.7644632 2.1691618
 2.7653444 2.1695631
 2.7657456 2.1691618
 2.7675021 2.1657934
 2.7681608 2.1624253
 2.7687125 2.1620300
 2.7706907 2.1624253
 2.7720809 2.1635926
 2.7732937 2.1624253
 2.7754490 2.1604025
 2.7781641 2.1590569
 2.7788174 2.1587486
 2.7808418 2.1556888
 2.7821856 2.1546905
 2.7855539 2.1551330
 2.7882926 2.1523204
 2.7880449 2.1489520
 2.7889221 2.1480491
 2.7922904 2.1474791
 2.7951767 2.1455839
 2.7951374 2.1422155
 2.7956588 2.1405997
 2.7990270 2.1397221
 2.8002450 2.1388474
 2.8017972 2.1354790
 2.8016863 2.1321108
 2.8010802 2.1287425
 2.7990270 2.1273735
 2.7956588 2.1271667
 2.7922904 2.1275470
 2.7910950 2.1287425
 0.9999999E-12    25
 1.6292069 2.1321108
 1.6271260 2.1354790
 1.6274837 2.1388474
 1.6275277 2.1422155
 1.6281019 2.1455839
 1.6302395 2.1486309
 1.6306394 2.1489520
 1.6336077 2.1512535
 1.6369761 2.1504683
 1.6381527 2.1489520
 1.6398923 2.1455839
 1.6403444 2.1445646
 1.6420397 2.1422155
 1.6403444 2.1402187
 1.6401125 2.1388474
 1.6403444 2.1372545
 1.6418157 2.1354790
 1.6403444 2.1339202
 1.6383361 2.1321108
 1.6369761 2.1308351
 1.6355639 2.1321108
 1.6336077 2.1325338
 1.6313487 2.1321108
 1.6302395 2.1311235
 1.6292069 2.1321108
 0.9999999E-12     5
 1.8956146 2.1321108
 1.8929641 2.1330354
 1.8902017 2.1321108
 1.8929641 2.1303713
 1.8956146 2.1321108
 0.9999999E-12    49
 2.0972211 2.1321108
 2.0950599 2.1351326
 2.0944819 2.1354790
 2.0924988 2.1388474
 2.0916917 2.1399362
 2.0883234 2.1406398
 2.0849552 2.1408949
 2.0823588 2.1422155
 2.0815868 2.1425693
 2.0788198 2.1455839
 2.0782187 2.1466410
 2.0767460 2.1489520
 2.0763156 2.1523204
 2.0765481 2.1556888
 2.0776365 2.1590569
 2.0782187 2.1596389
 2.0815868 2.1604538
 2.0849552 2.1605456
 2.0873373 2.1590569
 2.0880420 2.1556888
 2.0883234 2.1541705
 2.0908120 2.1523204
 2.0916917 2.1520598
 2.0944691 2.1489520
 2.0945206 2.1455839
 2.0950599 2.1443739
 2.0964057 2.1455839
 2.0984282 2.1471105
 2.1017964 2.1461692
 2.1051648 2.1483312
 2.1065161 2.1489520
 2.1085329 2.1506567
 2.1119013 2.1502044
 2.1130586 2.1489520
 2.1143332 2.1455839
 2.1152694 2.1431444
 2.1158781 2.1422155
 2.1152694 2.1413348
 2.1148674 2.1388474
 2.1151524 2.1354790
 2.1119013 2.1327543
 2.1085329 2.1323316
 2.1077847 2.1321108
 2.1051648 2.1303198
 2.1024384 2.1321108
 2.1017964 2.1322212
 2.1006448 2.1321108
 2.0984282 2.1309664
 2.0972211 2.1321108
 0.9999999E-12     5
 2.3346915 2.1321108
 2.3342066 2.1328361
 2.3320954 2.1321108
 2.3342066 2.1290431
 2.3346915 2.1321108
 0.9999999E-12     5
 1.6756264 2.1388474
 1.6740270 2.1397572
 1.6733437 2.1388474
 1.6740270 2.1373851
 1.6756264 2.1388474
 0.9999999E-12     5
 2.3424830 2.1388474
 2.3409431 2.1417863
 2.3402660 2.1388474
 2.3409431 2.1384027
 2.3424830 2.1388474
 0.9999999E-12     5
 1.8328109 2.1455839
 1.8323354 2.1475103
 1.8310901 2.1455839
 1.8323354 2.1452692
 1.8328109 2.1455839
 0.9999999E-12     5
 1.8665198 2.1455839
 1.8660179 2.1472089
 1.8649346 2.1455839
 1.8660179 2.1454229
 1.8665198 2.1455839
 0.9999999E-12     9
 2.1536260 2.1455839
 2.1539667 2.1489520
 2.1556888 2.1505764
 2.1590569 2.1504855
 2.1605926 2.1489520
 2.1609490 2.1455839
 2.1590569 2.1430926
 2.1556888 2.1430070
 2.1536260 2.1455839
 0.9999999E-12   167
 2.1907260 2.1489520
 2.1893713 2.1490467
 2.1863916 2.1523204
 2.1860030 2.1540220
 2.1826348 2.1552668
 2.1792665 2.1551700
 2.1771293 2.1556888
 2.1758983 2.1557844
 2.1725299 2.1578908
 2.1718471 2.1590569
 2.1703331 2.1624253
 2.1691618 2.1626318
 2.1657934 2.1626911
 2.1624253 2.1629465
 2.1590569 2.1628428
 2.1556888 2.1634471
 2.1525216 2.1657934
 2.1523685 2.1691618
 2.1523204 2.1693237
 2.1491692 2.1725299
 2.1489520 2.1727118
 2.1466002 2.1758983
 2.1455839 2.1788003
 2.1422155 2.1782744
 2.1388474 2.1774423
 2.1354790 2.1777463
 2.1321108 2.1791279
 2.1319723 2.1792665
 2.1311126 2.1826348
 2.1306520 2.1860030
 2.1310844 2.1893713
 2.1321108 2.1909053
 2.1329703 2.1927395
 2.1354790 2.1957040
 2.1388474 2.1955512
 2.1408925 2.1927395
 2.1422155 2.1907506
 2.1439335 2.1893713
 2.1455839 2.1880996
 2.1474385 2.1860030
 2.1480496 2.1826348
 2.1489520 2.1815825
 2.1523204 2.1815515
 2.1556888 2.1814702
 2.1576085 2.1826348
 2.1590569 2.1856265
 2.1591070 2.1860030
 2.1617968 2.1893713
 2.1624253 2.1896460
 2.1657934 2.1912754
 2.1691618 2.1915061
 2.1725299 2.1917324
 2.1758983 2.1917171
 2.1792665 2.1917000
 2.1826348 2.1917145
 2.1860030 2.1913271
 2.1893713 2.1907516
 2.1927395 2.1901650
 2.1961079 2.1909976
 2.1994760 2.1906216
 2.2024760 2.1893713
 2.2028444 2.1888762
 2.2038414 2.1860030
 2.2062125 2.1832221
 2.2085512 2.1826348
 2.2095809 2.1823659
 2.2113235 2.1792665
 2.2126493 2.1758983
 2.2129490 2.1757939
 2.2163174 2.1756079
 2.2183487 2.1725299
 2.2190468 2.1691618
 2.2196856 2.1688199
 2.2227519 2.1691618
 2.2230539 2.1693032
 2.2232983 2.1691618
 2.2264221 2.1685565
 2.2289269 2.1691618
 2.2297904 2.1697068
 2.2310734 2.1691618
 2.2331588 2.1689363
 2.2333844 2.1691618
 2.2336218 2.1725299
 2.2365270 2.1751282
 2.2398953 2.1755521
 2.2412865 2.1758983
 2.2432635 2.1771123
 2.2456450 2.1758983
 2.2466319 2.1757729
 2.2474527 2.1758983
 2.2500000 2.1773138
 2.2520297 2.1758983
 2.2533684 2.1755507
 2.2556360 2.1758983
 2.2567365 2.1765327
 2.2575274 2.1758983
 2.2601049 2.1749690
 2.2634730 2.1734428
 2.2648351 2.1725299
 2.2642226 2.1691618
 2.2645886 2.1657934
 2.2634730 2.1650894
 2.2601049 2.1635358
 2.2591472 2.1624253
 2.2596822 2.1590569
 2.2601049 2.1585464
 2.2629468 2.1556888
 2.2628753 2.1523204
 2.2601049 2.1499329
 2.2567365 2.1491992
 2.2533684 2.1495693
 2.2500000 2.1502805
 2.2483113 2.1523204
 2.2466319 2.1548047
 2.2432635 2.1547348
 2.2415636 2.1556888
 2.2398953 2.1562459
 2.2382288 2.1556888
 2.2365270 2.1547332
 2.2331588 2.1553171
 2.2297904 2.1540203
 2.2264221 2.1554694
 2.2230539 2.1542871
 2.2196856 2.1548018
 2.2163174 2.1546359
 2.2145178 2.1556888
 2.2129490 2.1570096
 2.2116675 2.1590569
 2.2095809 2.1620045
 2.2088740 2.1624253
 2.2062125 2.1636391
 2.2045686 2.1657934
 2.2062125 2.1689167
 2.2062366 2.1691618
 2.2062125 2.1692145
 2.2028444 2.1700068
 2.1994760 2.1705775
 2.1963174 2.1725299
 2.1961079 2.1727479
 2.1939411 2.1758983
 2.1927395 2.1773908
 2.1893713 2.1776526
 2.1860030 2.1770971
 2.1826348 2.1767762
 2.1792665 2.1767817
 2.1758983 2.1761911
 2.1754384 2.1758983
 2.1758983 2.1747966
 2.1772287 2.1725299
 2.1770449 2.1691618
 2.1792665 2.1686449
 2.1826348 2.1685550
 2.1860030 2.1678884
 2.1893713 2.1674452
 2.1921794 2.1657934
 2.1927395 2.1655040
 2.1949723 2.1624253
 2.1961079 2.1607366
 2.1981664 2.1590569
 2.1994760 2.1581187
 2.2016566 2.1556888
 2.2015610 2.1523204
 2.1994760 2.1502354
 2.1961079 2.1489778
 2.1957695 2.1489520
 2.1927395 2.1486242
 2.1907260 2.1489520
 0.9999999E-12    19
 2.8208594 2.1523204
 2.8192365 2.1548209
 2.8189428 2.1556888
 2.8192365 2.1570206
 2.8197343 2.1590569
 2.8226049 2.1606851
 2.8259180 2.1624253
 2.8259730 2.1624749
 2.8260407 2.1624253
 2.8293414 2.1617639
 2.8327096 2.1617994
 2.8351734 2.1590569
 2.8350587 2.1556888
 2.8348608 2.1523204
 2.8327096 2.1501865
 2.8293414 2.1501060
 2.8259730 2.1493821
 2.8226049 2.1515403
 2.8208594 2.1523204
 0.9999999E-12    33
 2.9645782 2.1523204
 2.9640720 2.1527748
 2.9617031 2.1556888
 2.9619234 2.1590569
 2.9640720 2.1610279
 2.9661541 2.1624253
 2.9674401 2.1633708
 2.9708085 2.1638312
 2.9741766 2.1645002
 2.9775450 2.1643808
 2.9809132 2.1644838
 2.9842815 2.1644194
 2.9876497 2.1644709
 2.9910181 2.1644502
 2.9943862 2.1641648
 2.9977546 2.1638634
 3.0004780 2.1624253
 3.0011227 2.1622121
 3.0042820 2.1590569
 3.0042355 2.1556888
 3.0026898 2.1523204
 3.0011227 2.1515353
 2.9977546 2.1502414
 2.9943862 2.1499746
 2.9910181 2.1497910
 2.9876497 2.1497812
 2.9842815 2.1497672
 2.9809132 2.1497536
 2.9775450 2.1497476
 2.9741766 2.1497235
 2.9708085 2.1499555
 2.9674401 2.1504617
 2.9645782 2.1523204
 0.9999999E-12    23
 2.5080447 2.1590569
 2.5062020 2.1624253
 2.5059881 2.1628530
 2.5028784 2.1657934
 2.5026197 2.1659288
 2.4999845 2.1691618
 2.5005121 2.1725299
 2.5026197 2.1740882
 2.5059881 2.1747715
 2.5093563 2.1745083
 2.5127246 2.1735253
 2.5136900 2.1725299
 2.5148854 2.1691618
 2.5160928 2.1676524
 2.5194612 2.1659532
 2.5196416 2.1657934
 2.5212178 2.1624253
 2.5197561 2.1590569
 2.5194612 2.1587954
 2.5160928 2.1576107
 2.5127246 2.1573796
 2.5093563 2.1581912
 2.5080447 2.1590569
 0.9999999E-12    27
 2.2758737 2.1624253
 2.2735779 2.1631074
 2.2702096 2.1633346
 2.2675538 2.1657934
 2.2675672 2.1691618
 2.2674460 2.1725299
 2.2702096 2.1751823
 2.2735779 2.1756148
 2.2738378 2.1758983
 2.2741749 2.1792665
 2.2769461 2.1823871
 2.2803144 2.1822088
 2.2836826 2.1811342
 2.2847056 2.1792665
 2.2858229 2.1758983
 2.2870510 2.1739275
 2.2893214 2.1725299
 2.2901039 2.1691618
 2.2888501 2.1657934
 2.2870510 2.1647844
 2.2837057 2.1624253
 2.2836826 2.1624036
 2.2836540 2.1624253
 2.2803144 2.1630147
 2.2779863 2.1624253
 2.2769461 2.1615808
 2.2758737 2.1624253
 0.9999999E-12    39
 2.0594249 2.1657934
 2.0580089 2.1670303
 2.0567048 2.1691618
 2.0546408 2.1723785
 2.0543165 2.1725299
 2.0516191 2.1758983
 2.0512724 2.1762664
 2.0484605 2.1792665
 2.0479043 2.1798396
 2.0448346 2.1826348
 2.0445359 2.1841185
 2.0439489 2.1860030
 2.0438702 2.1893713
 2.0445359 2.1915781
 2.0447493 2.1927395
 2.0479043 2.1957917
 2.0480914 2.1961079
 2.0512724 2.1987054
 2.0546408 2.1988938
 2.0580089 2.1988096
 2.0613773 2.1976328
 2.0629022 2.1961079
 2.0613773 2.1930473
 2.0613525 2.1927395
 2.0613773 2.1925409
 2.0632989 2.1893713
 2.0627582 2.1860030
 2.0647454 2.1830180
 2.0652549 2.1826348
 2.0679941 2.1792665
 2.0676720 2.1758983
 2.0681138 2.1732848
 2.0686870 2.1725299
 2.0681138 2.1718881
 2.0669243 2.1691618
 2.0650730 2.1657934
 2.0647454 2.1654744
 2.0613773 2.1646187
 2.0594249 2.1657934
 0.9999999E-12    25
 2.8714426 2.1657934
 2.8697605 2.1668527
 2.8667576 2.1691618
 2.8666284 2.1725299
 2.8697605 2.1755013
 2.8703187 2.1758983
 2.8731289 2.1777627
 2.8764970 2.1779406
 2.8798654 2.1781888
 2.8832335 2.1778066
 2.8866019 2.1778715
 2.8899701 2.1776509
 2.8933384 2.1769273
 2.8949625 2.1758983
 2.8959448 2.1725299
 2.8960550 2.1691618
 2.8933384 2.1659272
 2.8899701 2.1658320
 2.8897467 2.1657934
 2.8866019 2.1644731
 2.8832335 2.1654234
 2.8798654 2.1639693
 2.8764970 2.1652181
 2.8731289 2.1644828
 2.8714426 2.1657934
 0.9999999E-12     9
 2.9008155 2.1691618
 2.9005930 2.1725299
 2.9034431 2.1755722
 2.9068115 2.1751311
 2.9084866 2.1725299
 2.9081821 2.1691618
 2.9068115 2.1675930
 2.9034431 2.1670570
 2.9008155 2.1691618
 0.9999999E-12     9
 2.9279900 2.1691618
 2.9277036 2.1725299
 2.9303892 2.1756797
 2.9337575 2.1753910
 2.9356301 2.1725299
 2.9352672 2.1691618
 2.9337575 2.1675682
 2.9303892 2.1671906
 2.9279900 2.1691618
 0.9999999E-12   103
 2.3290985 2.1725299
 2.3284059 2.1758983
 2.3282578 2.1792665
 2.3308384 2.1824989
 2.3313789 2.1826348
 2.3308384 2.1830482
 2.3289917 2.1860030
 2.3274701 2.1863437
 2.3263898 2.1860030
 2.3241019 2.1844494
 2.3212454 2.1860030
 2.3207335 2.1860909
 2.3200314 2.1860030
 2.3173654 2.1847627
 2.3155138 2.1860030
 2.3139970 2.1866889
 2.3106287 2.1882646
 2.3096888 2.1893713
 2.3092122 2.1927395
 2.3106287 2.1952388
 2.3114378 2.1961079
 2.3139970 2.1975353
 2.3173654 2.1982892
 2.3207335 2.1984665
 2.3241019 2.1984282
 2.3274701 2.1980639
 2.3308384 2.1981943
 2.3342066 2.1976862
 2.3375750 2.1967542
 2.3380716 2.1961079
 2.3391576 2.1927395
 2.3409431 2.1910589
 2.3443115 2.1914406
 2.3476796 2.1911969
 2.3485954 2.1927395
 2.3480299 2.1961079
 2.3491063 2.1994760
 2.3476796 2.2006893
 2.3443115 2.1999638
 2.3409431 2.2015073
 2.3383334 2.2028444
 2.3375750 2.2036510
 2.3362830 2.2062125
 2.3368907 2.2095809
 2.3375750 2.2103746
 2.3409431 2.2119384
 2.3437104 2.2129490
 2.3443115 2.2133820
 2.3449922 2.2129490
 2.3476796 2.2124529
 2.3505075 2.2129490
 2.3510480 2.2132866
 2.3514476 2.2129490
 2.3544161 2.2114778
 2.3575089 2.2095809
 2.3577845 2.2091718
 2.3591888 2.2062125
 2.3611526 2.2040632
 2.3636451 2.2028444
 2.3645210 2.2010393
 2.3650019 2.1994760
 2.3669884 2.1961079
 2.3666370 2.1927395
 2.3678892 2.1918802
 2.3712575 2.1923683
 2.3742220 2.1893713
 2.3746257 2.1887720
 2.3779941 2.1868594
 2.3784380 2.1860030
 2.3812034 2.1826348
 2.3813622 2.1825738
 2.3818595 2.1826348
 2.3847306 2.1839106
 2.3866944 2.1826348
 2.3880987 2.1819530
 2.3914671 2.1793804
 2.3915503 2.1792665
 2.3919752 2.1758983
 2.3914671 2.1749294
 2.3896556 2.1725299
 2.3880987 2.1716502
 2.3847306 2.1706047
 2.3813622 2.1705165
 2.3779941 2.1703081
 2.3746257 2.1707151
 2.3712575 2.1710353
 2.3678892 2.1719441
 2.3666890 2.1725299
 2.3645210 2.1745582
 2.3638098 2.1758983
 2.3611526 2.1772230
 2.3577845 2.1772568
 2.3544161 2.1783557
 2.3510480 2.1775789
 2.3476796 2.1785755
 2.3466454 2.1758983
 2.3458858 2.1725299
 2.3443115 2.1709557
 2.3409431 2.1703980
 2.3375750 2.1701369
 2.3342066 2.1704531
 2.3308384 2.1713991
 2.3290985 2.1725299
 0.9999999E-12    29
 2.5783105 2.1725299
 2.5767217 2.1733363
 2.5743802 2.1758983
 2.5735869 2.1792665
 2.5733533 2.1807809
 2.5728607 2.1826348
 2.5733533 2.1838193
 2.5736425 2.1860030
 2.5745478 2.1893713
 2.5767217 2.1905415
 2.5800898 2.1905098
 2.5820878 2.1893713
 2.5830126 2.1860030
 2.5834582 2.1852522
 2.5868263 2.1846521
 2.5901947 2.1846709
 2.5935628 2.1840460
 2.5964808 2.1826348
 2.5969312 2.1813736
 2.5974596 2.1792665
 2.5975158 2.1758983
 2.5969312 2.1738105
 2.5963714 2.1725299
 2.5935628 2.1712074
 2.5901947 2.1705172
 2.5868263 2.1705401
 2.5834582 2.1709323
 2.5800898 2.1714895
 2.5783105 2.1725299
 0.9999999E-12    19
 2.8382034 2.1725299
 2.8360779 2.1729202
 2.8327096 2.1726861
 2.8307817 2.1758983
 2.8305328 2.1792665
 2.8312376 2.1826348
 2.8327096 2.1849999
 2.8360779 2.1848602
 2.8394461 2.1858878
 2.8428144 2.1840436
 2.8452048 2.1826348
 2.8461826 2.1811748
 2.8471262 2.1792665
 2.8462107 2.1758983
 2.8461826 2.1758659
 2.8428144 2.1736045
 2.8405528 2.1725299
 2.8394461 2.1716881
 2.8382034 2.1725299
 0.9999999E-12    13
 1.7721872 2.1758983
 1.7717664 2.1792665
 1.7717066 2.1793060
 1.7716628 2.1792665
 1.7683383 2.1769001
 1.7649701 2.1765757
 1.7616018 2.1761386
 1.7614114 2.1758983
 1.7616018 2.1752751
 1.7649701 2.1747119
 1.7683383 2.1752102
 1.7717066 2.1755254
 1.7721872 2.1758983
 0.9999999E-12    19
 2.4319789 2.1758983
 2.4318862 2.1760955
 2.4299545 2.1792665
 2.4285181 2.1802533
 2.4252629 2.1826348
 2.4251606 2.1860030
 2.4285181 2.1888471
 2.4308262 2.1893713
 2.4318862 2.1898146
 2.4338427 2.1893713
 2.4352546 2.1891870
 2.4386227 2.1878915
 2.4397888 2.1860030
 2.4404700 2.1826348
 2.4404955 2.1792665
 2.4398215 2.1758983
 2.4386227 2.1739116
 2.4352546 2.1729634
 2.4319789 2.1758983
 0.9999999E-12    19
 3.0342848 2.1758983
 3.0348055 2.1770029
 3.0349996 2.1792665
 3.0348055 2.1812456
 3.0341041 2.1826348
 3.0348055 2.1836605
 3.0381737 2.1858807
 3.0415421 2.1858675
 3.0449102 2.1858466
 3.0482786 2.1841788
 3.0502646 2.1826348
 3.0508451 2.1792665
 3.0489860 2.1758983
 3.0482786 2.1754549
 3.0449102 2.1731184
 3.0415421 2.1730893
 3.0381737 2.1730077
 3.0348055 2.1752441
 3.0342848 2.1758983
 0.9999999E-12    31
 2.5246217 2.1792665
 2.5228293 2.1795113
 2.5194612 2.1811817
 2.5187328 2.1826348
 2.5175104 2.1860030
 2.5160928 2.1866891
 2.5127246 2.1881130
 2.5119615 2.1893713
 2.5120437 2.1927395
 2.5122666 2.1961079
 2.5127246 2.1968141
 2.5160928 2.1982827
 2.5194612 2.1984544
 2.5221753 2.1961079
 2.5222125 2.1927395
 2.5228293 2.1915674
 2.5261977 2.1910894
 2.5295658 2.1904366
 2.5329342 2.1900373
 2.5363023 2.1898332
 2.5378158 2.1893713
 2.5396707 2.1888781
 2.5416687 2.1860030
 2.5414293 2.1826348
 2.5396707 2.1807613
 2.5363023 2.1800797
 2.5329342 2.1798213
 2.5295658 2.1797175
 2.5277195 2.1792665
 2.5261977 2.1786346
 2.5246217 2.1792665
 0.9999999E-12    23
 2.4864852 2.1826348
 2.4857786 2.1856599
 2.4856329 2.1860030
 2.4824102 2.1874461
 2.4790421 2.1870317
 2.4756737 2.1877797
 2.4732604 2.1893713
 2.4726782 2.1927395
 2.4748893 2.1961079
 2.4756737 2.1964991
 2.4790421 2.1976521
 2.4824102 2.1971662
 2.4850743 2.1961079
 2.4857786 2.1956968
 2.4873476 2.1927395
 2.4891467 2.1894951
 2.4894876 2.1893713
 2.4925151 2.1883557
 2.4940686 2.1860030
 2.4938159 2.1826348
 2.4925151 2.1810784
 2.4891467 2.1804781
 2.4864852 2.1826348
 0.9999999E-12     5
 2.3343740 2.1860030
 2.3342066 2.1861727
 2.3332620 2.1860030
 2.3342066 2.1848326
 2.3343740 2.1860030
 0.9999999E-12   123
 1.7122411 2.1893713
 1.7119808 2.1927395
 1.7144461 2.1957135
 1.7162337 2.1961079
 1.7178144 2.1966023
 1.7211827 2.1964641
 1.7245510 2.1979420
 1.7254153 2.1994760
 1.7269233 2.2028444
 1.7279192 2.2035227
 1.7309600 2.2062125
 1.7312566 2.2095809
 1.7312875 2.2096300
 1.7346557 2.2123163
 1.7360061 2.2129490
 1.7370576 2.2163174
 1.7380240 2.2183988
 1.7396848 2.2196856
 1.7413923 2.2203717
 1.7447605 2.2229154
 1.7448049 2.2230539
 1.7447605 2.2240601
 1.7444067 2.2264221
 1.7447605 2.2269192
 1.7458347 2.2297904
 1.7481288 2.2330770
 1.7482238 2.2331588
 1.7514970 2.2360947
 1.7516361 2.2365270
 1.7517071 2.2398953
 1.7548653 2.2423792
 1.7572141 2.2432635
 1.7575157 2.2466319
 1.7582335 2.2478945
 1.7614906 2.2500000
 1.7616018 2.2500513
 1.7649701 2.2522709
 1.7652836 2.2533684
 1.7680353 2.2567365
 1.7683383 2.2568924
 1.7717066 2.2579155
 1.7730285 2.2601049
 1.7750748 2.2629070
 1.7784431 2.2630305
 1.7808105 2.2601049
 1.7805477 2.2567365
 1.7784431 2.2548180
 1.7761087 2.2533684
 1.7750748 2.2511222
 1.7749380 2.2500000
 1.7728239 2.2466319
 1.7717066 2.2459364
 1.7696884 2.2432635
 1.7717066 2.2421029
 1.7746583 2.2398953
 1.7750748 2.2393305
 1.7781899 2.2365270
 1.7784431 2.2364869
 1.7803878 2.2365270
 1.7818114 2.2367001
 1.7820030 2.2365270
 1.7850280 2.2331588
 1.7851796 2.2328410
 1.7874440 2.2297904
 1.7885479 2.2293847
 1.7919161 2.2287159
 1.7952845 2.2282627
 1.7977829 2.2264221
 1.7986528 2.2255352
 1.8009579 2.2230539
 1.8014601 2.2196856
 1.8015339 2.2163174
 1.8010120 2.2129490
 1.7986528 2.2101784
 1.7952845 2.2103975
 1.7934247 2.2129490
 1.7919161 2.2139871
 1.7885479 2.2137506
 1.7851796 2.2137718
 1.7818114 2.2138581
 1.7784431 2.2149763
 1.7773100 2.2163174
 1.7765855 2.2196856
 1.7750748 2.2210422
 1.7717066 2.2220769
 1.7704914 2.2230539
 1.7683383 2.2252951
 1.7671083 2.2264221
 1.7659649 2.2297904
 1.7649701 2.2328706
 1.7616018 2.2317245
 1.7609776 2.2297904
 1.7600468 2.2264221
 1.7582335 2.2248287
 1.7556629 2.2230539
 1.7548653 2.2212121
 1.7546712 2.2196856
 1.7514970 2.2163401
 1.7514434 2.2163174
 1.7481288 2.2129812
 1.7481220 2.2129490
 1.7481288 2.2119148
 1.7482162 2.2095809
 1.7481288 2.2094934
 1.7447605 2.2077069
 1.7413923 2.2067378
 1.7410940 2.2062125
 1.7413923 2.2041135
 1.7420423 2.2028444
 1.7413923 2.2018352
 1.7406063 2.1994760
 1.7394896 2.1961079
 1.7380240 2.1948595
 1.7346557 2.1934896
 1.7340550 2.1927395
 1.7331841 2.1893713
 1.7312875 2.1874444
 1.7279192 2.1868401
 1.7245510 2.1867626
 1.7211827 2.1869433
 1.7178144 2.1867878
 1.7144461 2.1874363
 1.7122411 2.1893713
 0.9999999E-12    13
 2.7227490 2.1893713
 2.7224908 2.1927395
 2.7224212 2.1961079
 2.7249253 2.1987295
 2.7282934 2.1986451
 2.7316618 2.1977034
 2.7326303 2.1961079
 2.7329776 2.1927395
 2.7322795 2.1893713
 2.7316618 2.1883812
 2.7282934 2.1873550
 2.7249253 2.1872859
 2.7227490 2.1893713
 0.9999999E-12    13
 2.7771952 2.1893713
 2.7766626 2.1927395
 2.7765937 2.1961079
 2.7788174 2.1987114
 2.7821856 2.1987653
 2.7855539 2.1984272
 2.7869756 2.1961079
 2.7873795 2.1927395
 2.7863708 2.1893713
 2.7855539 2.1880667
 2.7821856 2.1875677
 2.7788174 2.1877239
 2.7771952 2.1893713
 0.9999999E-12    13
 2.7973421 2.1893713
 2.7968836 2.1927395
 2.7967246 2.1961079
 2.7990270 2.1989067
 2.8023953 2.1988940
 2.8057635 2.1988742
 2.8080037 2.1961079
 2.8078694 2.1927395
 2.8073945 2.1893713
 2.8057635 2.1876793
 2.8023953 2.1875167
 2.7990270 2.1876411
 2.7973421 2.1893713
 0.9999999E-12    61
 2.1109781 2.1927395
 2.1085329 2.1935129
 2.1051648 2.1954372
 2.1047554 2.1961079
 2.1034358 2.1994760
 2.1017964 2.2002041
 2.0989394 2.1994760
 2.0984282 2.1991117
 2.0979643 2.1994760
 2.0950599 2.2002206
 2.0916917 2.2007554
 2.0903382 2.2028444
 2.0901322 2.2062125
 2.0901227 2.2095809
 2.0916917 2.2121527
 2.0950599 2.2125561
 2.0958710 2.2129490
 2.0977249 2.2163174
 2.0984282 2.2176964
 2.1017964 2.2193766
 2.1024334 2.2196856
 2.1051648 2.2216425
 2.1085329 2.2213943
 2.1105313 2.2230539
 2.1114531 2.2264221
 2.1119013 2.2268703
 2.1152694 2.2279618
 2.1186378 2.2287893
 2.1220059 2.2287421
 2.1253743 2.2291021
 2.1262138 2.2297904
 2.1287425 2.2330477
 2.1321108 2.2328086
 2.1340420 2.2297904
 2.1335170 2.2264221
 2.1321108 2.2250404
 2.1297045 2.2230539
 2.1292579 2.2196856
 2.1287425 2.2178068
 2.1283412 2.2163174
 2.1253743 2.2145851
 2.1220059 2.2139728
 2.1205025 2.2129490
 2.1186378 2.2102761
 2.1181755 2.2095809
 2.1152694 2.2069781
 2.1146338 2.2062125
 2.1152694 2.2058003
 2.1186378 2.2057052
 2.1220059 2.2030017
 2.1221359 2.2028444
 2.1220059 2.2026236
 2.1216741 2.1994760
 2.1220059 2.1965098
 2.1222484 2.1961079
 2.1220059 2.1957712
 2.1186378 2.1928668
 2.1152694 2.1929348
 2.1135073 2.1927395
 2.1119013 2.1920745
 2.1109781 2.1927395
 0.9999999E-12   121
 2.2552726 2.1927395
 2.2533684 2.1930099
 2.2500000 2.1928360
 2.2466319 2.1956799
 2.2463031 2.1961079
 2.2466319 2.1967642
 2.2468700 2.1994760
 2.2466319 2.2000072
 2.2432635 2.1994848
 2.2398953 2.2000077
 2.2365270 2.1996505
 2.2331588 2.2006609
 2.2297904 2.2026644
 2.2295668 2.2028444
 2.2277012 2.2062125
 2.2264547 2.2095809
 2.2267952 2.2129490
 2.2264221 2.2141414
 2.2230539 2.2147536
 2.2196856 2.2148373
 2.2163174 2.2143760
 2.2129490 2.2145746
 2.2095809 2.2145741
 2.2062125 2.2149916
 2.2028444 2.2163126
 2.2028353 2.2163174
 2.1997354 2.2196856
 2.1996403 2.2230539
 2.1994760 2.2258139
 2.1993439 2.2264221
 2.1994760 2.2266240
 2.2004693 2.2297904
 2.1999762 2.2331588
 2.2004852 2.2365270
 2.2016952 2.2398953
 2.2028444 2.2408321
 2.2062125 2.2409644
 2.2076385 2.2398953
 2.2093253 2.2365270
 2.2095809 2.2362573
 2.2129490 2.2350686
 2.2159505 2.2331588
 2.2161570 2.2297904
 2.2163174 2.2295830
 2.2196856 2.2284899
 2.2230539 2.2284076
 2.2264221 2.2277038
 2.2297904 2.2273998
 2.2316418 2.2264221
 2.2331588 2.2257690
 2.2356410 2.2230539
 2.2365270 2.2222166
 2.2398953 2.2222426
 2.2403612 2.2230539
 2.2414982 2.2264221
 2.2432635 2.2274728
 2.2466319 2.2289445
 2.2472050 2.2297904
 2.2474091 2.2331588
 2.2500000 2.2353029
 2.2533684 2.2356107
 2.2567365 2.2362475
 2.2601049 2.2353930
 2.2634730 2.2355883
 2.2668414 2.2349555
 2.2674377 2.2365270
 2.2668414 2.2376184
 2.2634730 2.2371936
 2.2601049 2.2377326
 2.2567365 2.2372494
 2.2545664 2.2398953
 2.2539549 2.2432635
 2.2538085 2.2466319
 2.2567365 2.2497556
 2.2601049 2.2499156
 2.2607200 2.2500000
 2.2634730 2.2510092
 2.2652194 2.2500000
 2.2668414 2.2496178
 2.2702096 2.2480533
 2.2709701 2.2466319
 2.2721086 2.2432635
 2.2735779 2.2425692
 2.2769461 2.2428389
 2.2803144 2.2412860
 2.2824368 2.2398953
 2.2832084 2.2365270
 2.2818456 2.2331588
 2.2803144 2.2322645
 2.2769461 2.2304561
 2.2735779 2.2307336
 2.2707705 2.2297904
 2.2718587 2.2264221
 2.2720461 2.2230539
 2.2718725 2.2196856
 2.2703161 2.2163174
 2.2702096 2.2161779
 2.2668414 2.2156174
 2.2647281 2.2129490
 2.2668414 2.2110765
 2.2689209 2.2095809
 2.2702096 2.2081351
 2.2715278 2.2062125
 2.2735779 2.2050772
 2.2769461 2.2036746
 2.2774751 2.2028444
 2.2778122 2.1994760
 2.2776651 2.1961079
 2.2769461 2.1949458
 2.2735779 2.1936169
 2.2705932 2.1927395
 2.2702096 2.1924407
 2.2697413 2.1927395
 2.2668414 2.1933262
 2.2638977 2.1927395
 2.2634730 2.1924698
 2.2630289 2.1927395
 2.2601049 2.1932964
 2.2578988 2.1927395
 2.2567365 2.1919587
 2.2552726 2.1927395
 0.9999999E-12    67
 2.3975646 2.1927395
 2.3948355 2.1936843
 2.3914671 2.1929045
 2.3880987 2.1943176
 2.3850904 2.1961079
 2.3847306 2.1970620
 2.3838923 2.1994760
 2.3813622 2.2001858
 2.3800502 2.1994760
 2.3796768 2.1961079
 2.3779941 2.1938760
 2.3746257 2.1937213
 2.3712575 2.1937184
 2.3690200 2.1961079
 2.3690424 2.1994760
 2.3690088 2.2028444
 2.3712575 2.2052405
 2.3746257 2.2055571
 2.3750794 2.2062125
 2.3746257 2.2081435
 2.3712575 2.2086344
 2.3698101 2.2095809
 2.3678892 2.2098696
 2.3645210 2.2113757
 2.3635578 2.2129490
 2.3636661 2.2163174
 2.3645210 2.2175691
 2.3678892 2.2190661
 2.3712044 2.2196856
 2.3712575 2.2197075
 2.3712966 2.2196856
 2.3746257 2.2188377
 2.3779941 2.2168314
 2.3782752 2.2163174
 2.3810260 2.2129490
 2.3813622 2.2128687
 2.3819215 2.2129490
 2.3847306 2.2146046
 2.3865614 2.2129490
 2.3880987 2.2115753
 2.3914671 2.2097530
 2.3916037 2.2095809
 2.3934507 2.2062125
 2.3948355 2.2054083
 2.3961051 2.2062125
 2.3982036 2.2094831
 2.3983312 2.2095809
 2.4015720 2.2114990
 2.4049401 2.2122757
 2.4083085 2.2117302
 2.4116766 2.2098198
 2.4118671 2.2095809
 2.4134138 2.2062125
 2.4150450 2.2047243
 2.4182396 2.2028444
 2.4184132 2.2024641
 2.4195054 2.1994760
 2.4184132 2.1967063
 2.4180045 2.1961079
 2.4150450 2.1946280
 2.4116766 2.1940193
 2.4083085 2.1943409
 2.4049401 2.1929345
 2.4015720 2.1936164
 2.3988500 2.1927395
 2.3982036 2.1921439
 2.3975646 2.1927395
 0.9999999E-12    13
 2.5615370 2.1927395
 2.5599318 2.1961079
 2.5601323 2.1994760
 2.5602214 2.2028444
 2.5632486 2.2052467
 2.5666168 2.2052562
 2.5692427 2.2028444
 2.5693672 2.1994760
 2.5695014 2.1961079
 2.5679991 2.1927395
 2.5666168 2.1905947
 2.5632486 2.1903210
 2.5615370 2.1927395
 0.9999999E-12   137
 1.8622289 2.1961079
 1.8602931 2.1994760
 1.8592814 2.2002339
 1.8559132 2.2005279
 1.8533549 2.2028444
 1.8532739 2.2062125
 1.8531376 2.2095809
 1.8559132 2.2123504
 1.8592814 2.2124195
 1.8617408 2.2129490
 1.8626497 2.2135429
 1.8636984 2.2129490
 1.8660179 2.2124894
 1.8664602 2.2129490
 1.8666619 2.2163174
 1.8693862 2.2195585
 1.8704050 2.2196856
 1.8727545 2.2203889
 1.8735151 2.2230539
 1.8751202 2.2264221
 1.8761228 2.2270727
 1.8794911 2.2274060
 1.8828593 2.2275891
 1.8847642 2.2264221
 1.8862276 2.2257547
 1.8892750 2.2230539
 1.8892297 2.2196856
 1.8862276 2.2172055
 1.8851656 2.2163174
 1.8840486 2.2129490
 1.8862276 2.2121096
 1.8895959 2.2124786
 1.8929641 2.2114592
 1.8944904 2.2129490
 1.8958225 2.2163174
 1.8963324 2.2169478
 1.8997006 2.2187028
 1.9025775 2.2196856
 1.9013461 2.2230539
 1.8997006 2.2238076
 1.8963324 2.2254498
 1.8954945 2.2264221
 1.8949451 2.2297904
 1.8963324 2.2323394
 1.8970279 2.2331588
 1.8997006 2.2346640
 1.9030689 2.2353768
 1.9064372 2.2356529
 1.9085178 2.2365270
 1.9098054 2.2396321
 1.9099110 2.2398953
 1.9131737 2.2420740
 1.9153608 2.2432635
 1.9165419 2.2443380
 1.9178386 2.2432635
 1.9199102 2.2428663
 1.9207920 2.2432635
 1.9229635 2.2466319
 1.9232785 2.2470047
 1.9266467 2.2490687
 1.9286197 2.2500000
 1.9300150 2.2510424
 1.9319664 2.2500000
 1.9333832 2.2498114
 1.9341456 2.2500000
 1.9367515 2.2517738
 1.9391212 2.2500000
 1.9401197 2.2497094
 1.9419827 2.2500000
 1.9434880 2.2509251
 1.9446224 2.2500000
 1.9468563 2.2486322
 1.9488449 2.2500000
 1.9498403 2.2533684
 1.9502245 2.2539375
 1.9535928 2.2563772
 1.9542989 2.2567365
 1.9569612 2.2582512
 1.9603294 2.2572076
 1.9636977 2.2575998
 1.9645609 2.2567365
 1.9659727 2.2533684
 1.9660263 2.2500000
 1.9649025 2.2466319
 1.9636977 2.2454269
 1.9603294 2.2451916
 1.9569612 2.2448616
 1.9535928 2.2463050
 1.9504575 2.2432635
 1.9502245 2.2426939
 1.9468563 2.2399092
 1.9468400 2.2398953
 1.9434880 2.2366202
 1.9401197 2.2375677
 1.9378103 2.2365270
 1.9367515 2.2354758
 1.9356846 2.2365270
 1.9333832 2.2374163
 1.9322836 2.2365270
 1.9311118 2.2331588
 1.9300150 2.2314045
 1.9266467 2.2308438
 1.9247712 2.2297904
 1.9232785 2.2283816
 1.9216251 2.2297904
 1.9199102 2.2301886
 1.9191177 2.2297904
 1.9179058 2.2264221
 1.9165419 2.2240984
 1.9131737 2.2236097
 1.9117603 2.2230539
 1.9099606 2.2196856
 1.9131737 2.2181673
 1.9158221 2.2163174
 1.9161668 2.2129490
 1.9131737 2.2101231
 1.9120530 2.2095809
 1.9098054 2.2083628
 1.9064372 2.2082620
 1.9030689 2.2066786
 1.9026750 2.2062125
 1.9004890 2.2028444
 1.8997006 2.2024498
 1.8963324 2.2014651
 1.8929641 2.2018638
 1.8895959 2.2003698
 1.8862276 2.2007363
 1.8845479 2.1994760
 1.8835840 2.1961079
 1.8828593 2.1949005
 1.8794911 2.1936178
 1.8761228 2.1929743
 1.8727545 2.1940882
 1.8693862 2.1940515
 1.8660179 2.1943760
 1.8626497 2.1956782
 1.8622289 2.1961079
 0.9999999E-12     9
 2.6623361 2.1994760
 2.6626749 2.2028444
 2.6642964 2.2045329
 2.6676648 2.2048466
 2.6701317 2.2028444
 2.6704092 2.1994760
 2.6676648 2.1961918
 2.6642964 2.1964431
 2.6623361 2.1994760
 0.9999999E-12    67
 2.7765713 2.2028444
 2.7754490 2.2033966
 2.7720809 2.2055571
 2.7716038 2.2062125
 2.7706406 2.2095809
 2.7687125 2.2111106
 2.7661433 2.2095809
 2.7653444 2.2089236
 2.7642984 2.2095809
 2.7619760 2.2099395
 2.7588100 2.2095809
 2.7586079 2.2094688
 2.7584703 2.2095809
 2.7556000 2.2129490
 2.7557650 2.2163174
 2.7552395 2.2168922
 2.7532995 2.2163174
 2.7518713 2.2151101
 2.7504716 2.2163174
 2.7485030 2.2168870
 2.7451348 2.2165887
 2.7420113 2.2196856
 2.7423978 2.2230539
 2.7417665 2.2239201
 2.7383983 2.2242548
 2.7350299 2.2249861
 2.7324338 2.2264221
 2.7316618 2.2272184
 2.7301874 2.2297904
 2.7307577 2.2331588
 2.7316618 2.2341678
 2.7350299 2.2357810
 2.7367668 2.2365270
 2.7383983 2.2375951
 2.7403107 2.2365270
 2.7417665 2.2362964
 2.7451348 2.2363563
 2.7469540 2.2331588
 2.7477152 2.2297904
 2.7485030 2.2293284
 2.7502236 2.2297904
 2.7518713 2.2311132
 2.7533960 2.2297904
 2.7552395 2.2291627
 2.7586079 2.2291665
 2.7603006 2.2264221
 2.7609808 2.2230539
 2.7619760 2.2220767
 2.7653444 2.2228441
 2.7687125 2.2198052
 2.7689919 2.2196856
 2.7718978 2.2163174
 2.7720809 2.2155373
 2.7754490 2.2135737
 2.7788174 2.2147985
 2.7821856 2.2146149
 2.7855539 2.2141125
 2.7867174 2.2129490
 2.7877436 2.2095809
 2.7876439 2.2062125
 2.7860291 2.2028444
 2.7855539 2.2017257
 2.7833526 2.2028444
 2.7821856 2.2028968
 2.7817988 2.2028444
 2.7788174 2.2004981
 2.7765713 2.2028444
 0.9999999E-12    25
 2.9323502 2.2028444
 2.9303892 2.2031486
 2.9270210 2.2033958
 2.9253538 2.2062125
 2.9253147 2.2095809
 2.9256556 2.2129490
 2.9270210 2.2150879
 2.9303892 2.2154419
 2.9317236 2.2163174
 2.9330535 2.2196856
 2.9337575 2.2208343
 2.9371257 2.2222035
 2.9404941 2.2223577
 2.9432397 2.2196856
 2.9432204 2.2163174
 2.9438622 2.2130132
 2.9439123 2.2129490
 2.9438622 2.2128863
 2.9427123 2.2095809
 2.9415793 2.2062125
 2.9404941 2.2051346
 2.9371257 2.2036154
 2.9350181 2.2028444
 2.9337575 2.2020409
 2.9323502 2.2028444
 0.9999999E-12     9
 1.8803282 2.2062125
 1.8794911 2.2085280
 1.8761228 2.2071977
 1.8727545 2.2078645
 1.8710939 2.2062125
 1.8727545 2.2042108
 1.8761228 2.2054760
 1.8794911 2.2050877
 1.8803282 2.2062125
 0.9999999E-12     5
 2.2562058 2.2062125
 2.2533684 2.2067585
 2.2520175 2.2062125
 2.2533684 2.2057447
 2.2562058 2.2062125
 0.9999999E-12     5
 2.2609456 2.2062125
 2.2601049 2.2078328
 2.2572546 2.2062125
 2.2601049 2.2055864
 2.2609456 2.2062125
 0.9999999E-12    41
 2.5201869 2.2062125
 2.5194612 2.2088568
 2.5186687 2.2095809
 2.5160928 2.2102575
 2.5127246 2.2099185
 2.5093563 2.2100701
 2.5071521 2.2095809
 2.5059881 2.2091546
 2.5042422 2.2095809
 2.5026197 2.2097414
 2.5005941 2.2095809
 2.4992516 2.2093050
 2.4986906 2.2095809
 2.4958832 2.2103717
 2.4925151 2.2110147
 2.4891467 2.2122695
 2.4883580 2.2129490
 2.4881880 2.2163174
 2.4891467 2.2171850
 2.4925151 2.2184715
 2.4958832 2.2191060
 2.4979174 2.2196856
 2.4992516 2.2202806
 2.5026197 2.2199442
 2.5059881 2.2204707
 2.5086203 2.2196856
 2.5093563 2.2195270
 2.5126791 2.2196856
 2.5127246 2.2196896
 2.5127459 2.2196856
 2.5160928 2.2193427
 2.5194612 2.2184801
 2.5210319 2.2163174
 2.5217483 2.2129490
 2.5228293 2.2120736
 2.5261977 2.2111685
 2.5275929 2.2095809
 2.5279007 2.2062125
 2.5261977 2.2037251
 2.5228293 2.2033303
 2.5201869 2.2062125
 0.9999999E-12    67
 2.4182339 2.2095809
 2.4165573 2.2129490
 2.4166460 2.2163174
 2.4184084 2.2196856
 2.4184132 2.2196984
 2.4192262 2.2196856
 2.4217815 2.2196825
 2.4218059 2.2196856
 2.4251497 2.2227659
 2.4278347 2.2196856
 2.4285181 2.2194479
 2.4312689 2.2196856
 2.4299352 2.2230539
 2.4285181 2.2238538
 2.4251497 2.2231669
 2.4217815 2.2247164
 2.4184132 2.2241564
 2.4150450 2.2249928
 2.4122910 2.2264221
 2.4116766 2.2270250
 2.4102805 2.2297904
 2.4083085 2.2311950
 2.4049401 2.2315052
 2.4033461 2.2331588
 2.4029527 2.2365270
 2.4034154 2.2398953
 2.4049401 2.2423313
 2.4083085 2.2425108
 2.4116766 2.2424328
 2.4138501 2.2398953
 2.4139125 2.2365270
 2.4150450 2.2347410
 2.4184132 2.2350349
 2.4217815 2.2344420
 2.4251497 2.2361672
 2.4285181 2.2354558
 2.4308515 2.2365270
 2.4318862 2.2375236
 2.4329576 2.2365270
 2.4352546 2.2358744
 2.4375250 2.2365270
 2.4386227 2.2375491
 2.4397206 2.2365270
 2.4419911 2.2356682
 2.4453592 2.2362297
 2.4487276 2.2348361
 2.4517562 2.2331588
 2.4520957 2.2326283
 2.4533143 2.2297904
 2.4520957 2.2265046
 2.4520657 2.2264221
 2.4487276 2.2241638
 2.4478898 2.2230539
 2.4473588 2.2196856
 2.4453592 2.2172215
 2.4419911 2.2169371
 2.4386227 2.2168355
 2.4352546 2.2186263
 2.4333420 2.2163174
 2.4329107 2.2129490
 2.4318862 2.2113786
 2.4285181 2.2097154
 2.4281378 2.2095809
 2.4251497 2.2082448
 2.4217815 2.2092159
 2.4184132 2.2093775
 2.4182339 2.2095809
 0.9999999E-12    53
 2.6154642 2.2095809
 2.6137724 2.2097943
 2.6104043 2.2099366
 2.6070359 2.2097273
 2.6036677 2.2098844
 2.6002994 2.2108777
 2.5969312 2.2129455
 2.5969272 2.2129490
 2.5962579 2.2163174
 2.5969312 2.2171404
 2.6002994 2.2193720
 2.6009264 2.2196856
 2.6036677 2.2205160
 2.6070359 2.2208347
 2.6104043 2.2204990
 2.6137724 2.2207854
 2.6171408 2.2213094
 2.6205089 2.2213068
 2.6238773 2.2208753
 2.6272454 2.2207716
 2.6306138 2.2213314
 2.6339822 2.2213180
 2.6373503 2.2209229
 2.6407187 2.2207551
 2.6440868 2.2213454
 2.6474552 2.2213290
 2.6508234 2.2209644
 2.6541917 2.2201004
 2.6575599 2.2202680
 2.6594520 2.2196856
 2.6609282 2.2193680
 2.6634884 2.2163174
 2.6632338 2.2129490
 2.6609282 2.2109849
 2.6575599 2.2103183
 2.6541917 2.2105203
 2.6508234 2.2096937
 2.6474552 2.2097049
 2.6455624 2.2095809
 2.6440868 2.2092829
 2.6431830 2.2095809
 2.6407187 2.2100358
 2.6373503 2.2096953
 2.6339822 2.2096248
 2.6330199 2.2095809
 2.6306138 2.2092502
 2.6293981 2.2095809
 2.6272454 2.2099142
 2.6238773 2.2096829
 2.6218600 2.2095809
 2.6205089 2.2094586
 2.6171408 2.2092166
 2.6154642 2.2095809
 0.9999999E-12    27
 2.2953453 2.2163174
 2.2937875 2.2168067
 2.2904191 2.2179365
 2.2889981 2.2196856
 2.2888038 2.2230539
 2.2904191 2.2254953
 2.2922478 2.2264221
 2.2937875 2.2270923
 2.2971556 2.2280040
 2.3005240 2.2284389
 2.3038921 2.2289031
 2.3072605 2.2288349
 2.3106287 2.2288139
 2.3139970 2.2276022
 2.3173654 2.2265894
 2.3175325 2.2264221
 2.3187635 2.2230539
 2.3187118 2.2196856
 2.3173654 2.2171290
 2.3139970 2.2165561
 2.3134658 2.2163174
 2.3106287 2.2142787
 2.3072605 2.2148950
 2.3038921 2.2141826
 2.3005240 2.2154546
 2.2971556 2.2154193
 2.2953453 2.2163174
 0.9999999E-12    41
 2.8452630 2.2163174
 2.8428144 2.2172320
 2.8394461 2.2167771
 2.8376086 2.2196856
 2.8370147 2.2230539
 2.8372734 2.2264221
 2.8392115 2.2297904
 2.8394461 2.2300253
 2.8398099 2.2297904
 2.8428144 2.2294142
 2.8442504 2.2297904
 2.8461826 2.2313211
 2.8481894 2.2297904
 2.8495510 2.2293470
 2.8509288 2.2297904
 2.8529191 2.2313046
 2.8550866 2.2297904
 2.8562875 2.2295341
 2.8572109 2.2297904
 2.8596556 2.2316258
 2.8622599 2.2297904
 2.8630240 2.2295969
 2.8653529 2.2297904
 2.8663921 2.2302470
 2.8669474 2.2297904
 2.8694725 2.2264221
 2.8690884 2.2230539
 2.8693635 2.2196856
 2.8663921 2.2167246
 2.8630240 2.2170973
 2.8609247 2.2163174
 2.8596556 2.2150841
 2.8583970 2.2163174
 2.8562875 2.2171407
 2.8537655 2.2163174
 2.8529191 2.2154918
 2.8520789 2.2163174
 2.8495510 2.2173653
 2.8471065 2.2163174
 2.8461826 2.2154090
 2.8452630 2.2163174
 0.9999999E-12     7
 1.9095339 2.2196856
 1.9071585 2.2230539
 1.9064372 2.2231848
 1.9054532 2.2230539
 1.9036866 2.2196856
 1.9064372 2.2192779
 1.9095339 2.2196856
 0.9999999E-12    13
 2.3756440 2.2264221
 2.3757582 2.2297904
 2.3758883 2.2331588
 2.3779941 2.2353268
 2.3813622 2.2353287
 2.3847306 2.2351429
 2.3865674 2.2331588
 2.3867831 2.2297904
 2.3868511 2.2264221
 2.3847306 2.2239296
 2.3813622 2.2238255
 2.3779941 2.2237699
 2.3756440 2.2264221
 0.9999999E-12    13
 2.3894618 2.2264221
 2.3894420 2.2297904
 2.3897519 2.2331588
 2.3914671 2.2349396
 2.3948355 2.2352209
 2.3982036 2.2349072
 2.3998814 2.2331588
 2.4001882 2.2297904
 2.4001951 2.2264221
 2.3982036 2.2241740
 2.3948355 2.2239454
 2.3914671 2.2241535
 2.3894618 2.2264221
 0.9999999E-12    47
 2.3641367 2.2297904
 2.3611526 2.2308176
 2.3577845 2.2300968
 2.3544161 2.2315359
 2.3514004 2.2331588
 2.3510480 2.2336476
 2.3497481 2.2365270
 2.3489211 2.2398953
 2.3493481 2.2432635
 2.3490787 2.2466319
 2.3491693 2.2500000
 2.3487210 2.2533684
 2.3476796 2.2542472
 2.3443115 2.2557182
 2.3434460 2.2567365
 2.3429067 2.2601049
 2.3443115 2.2627671
 2.3454418 2.2634730
 2.3476796 2.2643535
 2.3510480 2.2651386
 2.3544161 2.2637484
 2.3551106 2.2634730
 2.3577845 2.2605252
 2.3579397 2.2601049
 2.3603015 2.2567365
 2.3611526 2.2561944
 2.3645210 2.2536309
 2.3646467 2.2533684
 2.3645365 2.2500000
 2.3645210 2.2499702
 2.3611526 2.2474728
 2.3599210 2.2466319
 2.3598065 2.2432635
 2.3611526 2.2426584
 2.3633630 2.2432635
 2.3645210 2.2446625
 2.3655906 2.2432635
 2.3678892 2.2424955
 2.3712575 2.2422187
 2.3731155 2.2398953
 2.3731534 2.2365270
 2.3730156 2.2331588
 2.3712575 2.2314346
 2.3678892 2.2310677
 2.3648980 2.2297904
 2.3645210 2.2294219
 2.3641367 2.2297904
 0.9999999E-12    35
 2.6245224 2.2331588
 2.6238773 2.2335930
 2.6216247 2.2365270
 2.6210570 2.2398953
 2.6211195 2.2432635
 2.6215763 2.2466319
 2.6238773 2.2493427
 2.6255126 2.2500000
 2.6272454 2.2508495
 2.6306138 2.2514110
 2.6339822 2.2516994
 2.6373503 2.2517569
 2.6407187 2.2509325
 2.6426818 2.2500000
 2.6440027 2.2466319
 2.6440868 2.2464607
 2.6474552 2.2447810
 2.6487789 2.2466319
 2.6508234 2.2492170
 2.6541917 2.2493522
 2.6566122 2.2466319
 2.6565075 2.2432635
 2.6541917 2.2410223
 2.6530023 2.2398953
 2.6516638 2.2365270
 2.6512773 2.2331588
 2.6508234 2.2327049
 2.6474552 2.2312925
 2.6440868 2.2309158
 2.6407187 2.2311406
 2.6373503 2.2310495
 2.6339822 2.2309046
 2.6306138 2.2310245
 2.6272454 2.2316151
 2.6245224 2.2331588
 0.9999999E-12     7
 1.7654198 2.2365270
 1.7649701 2.2371094
 1.7616018 2.2368646
 1.7613882 2.2365270
 1.7616018 2.2349043
 1.7649701 2.2334840
 1.7654198 2.2365270
 0.9999999E-12    21
 1.8163921 2.2398953
 1.8154941 2.2402053
 1.8135599 2.2432635
 1.8140167 2.2466319
 1.8154941 2.2481332
 1.8188623 2.2493217
 1.8195345 2.2500000
 1.8205256 2.2533684
 1.8222306 2.2554512
 1.8255988 2.2557769
 1.8282002 2.2533684
 1.8287383 2.2500000
 1.8289671 2.2469940
 1.8290174 2.2466319
 1.8289671 2.2465148
 1.8283159 2.2432635
 1.8255988 2.2399278
 1.8254471 2.2398953
 1.8222306 2.2389972
 1.8188623 2.2390954
 1.8163921 2.2398953
 0.9999999E-12    39
 2.0972266 2.2398953
 2.0968645 2.2432635
 2.0967889 2.2466319
 2.0984282 2.2495337
 2.1017964 2.2498333
 2.1023319 2.2500000
 2.1051648 2.2526228
 2.1059079 2.2533684
 2.1085329 2.2557986
 2.1097341 2.2567365
 2.1119013 2.2583606
 2.1152694 2.2585392
 2.1186378 2.2590444
 2.1220059 2.2586524
 2.1253743 2.2588000
 2.1287425 2.2585018
 2.1321108 2.2583334
 2.1354790 2.2571759
 2.1362851 2.2567365
 2.1388474 2.2554736
 2.1406407 2.2533684
 2.1407075 2.2500000
 2.1388474 2.2476642
 2.1370859 2.2466319
 2.1354790 2.2457364
 2.1321108 2.2448053
 2.1287425 2.2445834
 2.1253743 2.2444093
 2.1220059 2.2444570
 2.1186378 2.2441900
 2.1152694 2.2440171
 2.1146684 2.2432635
 2.1142561 2.2398953
 2.1119013 2.2384269
 2.1085329 2.2376575
 2.1051648 2.2374434
 2.1017964 2.2374697
 2.0984282 2.2380357
 2.0972266 2.2398953
 0.9999999E-12    19
 2.2193992 2.2398953
 2.2196856 2.2407408
 2.2198353 2.2432635
 2.2196856 2.2451668
 2.2190931 2.2466319
 2.2196856 2.2476945
 2.2220509 2.2500000
 2.2230539 2.2505529
 2.2263081 2.2500000
 2.2264221 2.2499952
 2.2297904 2.2491801
 2.2311690 2.2466319
 2.2308166 2.2432635
 2.2306941 2.2398953
 2.2297904 2.2389917
 2.2264221 2.2377160
 2.2230539 2.2377779
 2.2196856 2.2396088
 2.2193992 2.2398953
 0.9999999E-12    21
 2.3773170 2.2398953
 2.3759181 2.2432635
 2.3758717 2.2466319
 2.3779941 2.2495084
 2.3813622 2.2498703
 2.3818154 2.2500000
 2.3847306 2.2516613
 2.3875928 2.2500000
 2.3880987 2.2498951
 2.3898392 2.2500000
 2.3914671 2.2504668
 2.3922138 2.2500000
 2.3939323 2.2466319
 2.3937471 2.2432635
 2.3927331 2.2398953
 2.3914671 2.2379878
 2.3880987 2.2381465
 2.3847306 2.2371736
 2.3813622 2.2382014
 2.3779941 2.2389712
 2.3773170 2.2398953
 0.9999999E-12    79
 2.4658017 2.2432635
 2.4655688 2.2436941
 2.4636817 2.2466319
 2.4622006 2.2477651
 2.4591279 2.2500000
 2.4588323 2.2504816
 2.4572661 2.2533684
 2.4554641 2.2550671
 2.4526839 2.2567365
 2.4520957 2.2574108
 2.4506271 2.2601049
 2.4487276 2.2611761
 2.4453592 2.2604682
 2.4419911 2.2625117
 2.4399257 2.2634730
 2.4386227 2.2657809
 2.4382808 2.2668414
 2.4368806 2.2702096
 2.4365997 2.2735779
 2.4370201 2.2769461
 2.4386227 2.2796929
 2.4419911 2.2798803
 2.4431136 2.2803144
 2.4453592 2.2820232
 2.4485078 2.2803144
 2.4487276 2.2802751
 2.4489417 2.2803144
 2.4520957 2.2820461
 2.4549258 2.2803144
 2.4554641 2.2801559
 2.4588323 2.2800088
 2.4612432 2.2769461
 2.4613161 2.2735779
 2.4622006 2.2714362
 2.4638333 2.2702096
 2.4655688 2.2686381
 2.4668183 2.2668414
 2.4689372 2.2654369
 2.4715648 2.2668414
 2.4723055 2.2684433
 2.4734108 2.2702096
 2.4756737 2.2715483
 2.4790421 2.2702656
 2.4790945 2.2702096
 2.4807060 2.2668414
 2.4824102 2.2651966
 2.4857786 2.2661493
 2.4891467 2.2653131
 2.4925151 2.2657440
 2.4958832 2.2647257
 2.4985504 2.2634730
 2.4992516 2.2628679
 2.5006371 2.2601049
 2.5026197 2.2576070
 2.5042284 2.2567365
 2.5059881 2.2553785
 2.5072563 2.2533684
 2.5068526 2.2500000
 2.5059881 2.2489672
 2.5026197 2.2476199
 2.4992516 2.2467890
 2.4958832 2.2470379
 2.4941361 2.2466319
 2.4925151 2.2458413
 2.4901018 2.2466319
 2.4891467 2.2467432
 2.4886496 2.2466319
 2.4857786 2.2452435
 2.4828010 2.2466319
 2.4824102 2.2467008
 2.4818630 2.2466319
 2.4790421 2.2455482
 2.4765925 2.2466319
 2.4756737 2.2468505
 2.4753232 2.2466319
 2.4735310 2.2432635
 2.4723055 2.2413518
 2.4689372 2.2404802
 2.4658017 2.2432635
 0.9999999E-12   235
 2.1473339 2.2466319
 2.1455891 2.2500000
 2.1455839 2.2505522
 2.1454439 2.2533684
 2.1455839 2.2536366
 2.1484699 2.2567365
 2.1489520 2.2569227
 2.1523204 2.2590406
 2.1533103 2.2601049
 2.1556888 2.2630308
 2.1563230 2.2634730
 2.1590569 2.2650774
 2.1624253 2.2655892
 2.1657934 2.2662935
 2.1667273 2.2668414
 2.1682124 2.2702096
 2.1691618 2.2708759
 2.1725299 2.2728503
 2.1758983 2.2731621
 2.1790330 2.2735779
 2.1758983 2.2741389
 2.1725299 2.2742345
 2.1691618 2.2755656
 2.1666839 2.2769461
 2.1658938 2.2803144
 2.1657934 2.2832701
 2.1657357 2.2836826
 2.1657934 2.2838109
 2.1691618 2.2869411
 2.1695812 2.2870510
 2.1704235 2.2904191
 2.1691618 2.2905462
 2.1668708 2.2904191
 2.1657934 2.2900224
 2.1647980 2.2904191
 2.1624253 2.2905586
 2.1603596 2.2904191
 2.1590569 2.2901452
 2.1578398 2.2904191
 2.1556888 2.2905710
 2.1538482 2.2904191
 2.1523204 2.2900317
 2.1508176 2.2904191
 2.1489520 2.2905726
 2.1472964 2.2904191
 2.1455839 2.2899375
 2.1440046 2.2904191
 2.1422155 2.2905955
 2.1405888 2.2904191
 2.1388474 2.2898521
 2.1375844 2.2904191
 2.1354790 2.2907519
 2.1321108 2.2906651
 2.1287425 2.2915289
 2.1253743 2.2912650
 2.1220059 2.2909417
 2.1203980 2.2904191
 2.1186378 2.2894580
 2.1152842 2.2904191
 2.1152694 2.2904203
 2.1152594 2.2904191
 2.1119013 2.2891729
 2.1101003 2.2904191
 2.1085329 2.2909241
 2.1051648 2.2923760
 2.1043568 2.2937875
 2.1044822 2.2971556
 2.1049466 2.3005240
 2.1051648 2.3008599
 2.1085329 2.3024461
 2.1118743 2.3038921
 2.1119013 2.3039153
 2.1119356 2.3038921
 2.1152694 2.3032532
 2.1186378 2.3037021
 2.1220059 2.3025165
 2.1253743 2.3019540
 2.1287425 2.3016150
 2.1321108 2.3027921
 2.1354790 2.3027585
 2.1388474 2.3034871
 2.1422155 2.3029976
 2.1455839 2.3034310
 2.1489520 2.3030219
 2.1523204 2.3034015
 2.1556888 2.3030431
 2.1590569 2.3033526
 2.1624253 2.3030512
 2.1657934 2.3033071
 2.1691618 2.3030729
 2.1725299 2.3035131
 2.1758983 2.3034503
 2.1792665 2.3034160
 2.1826348 2.3027642
 2.1860030 2.3024631
 2.1893713 2.3029170
 2.1927395 2.3032274
 2.1961079 2.3032329
 2.1994760 2.3029249
 2.2028444 2.3025210
 2.2062125 2.3030853
 2.2067897 2.3038921
 2.2082517 2.3072605
 2.2095809 2.3083498
 2.2129490 2.3096349
 2.2163174 2.3101654
 2.2196856 2.3103840
 2.2221642 2.3106287
 2.2230539 2.3111827
 2.2264221 2.3118303
 2.2266819 2.3139970
 2.2264221 2.3141887
 2.2230539 2.3150892
 2.2211006 2.3173654
 2.2210889 2.3207335
 2.2230539 2.3230238
 2.2264221 2.3231452
 2.2286963 2.3207335
 2.2294166 2.3173654
 2.2297904 2.3168681
 2.2331588 2.3163941
 2.2365270 2.3165395
 2.2398953 2.3158996
 2.2420745 2.3139970
 2.2423792 2.3106287
 2.2398953 2.3075631
 2.2395303 2.3072605
 2.2365270 2.3043489
 2.2363811 2.3038921
 2.2364688 2.3005240
 2.2331588 2.2982740
 2.2297904 2.2972975
 2.2264221 2.2974865
 2.2230539 2.2972152
 2.2196856 2.2975855
 2.2178001 2.2971556
 2.2163477 2.2937875
 2.2163174 2.2937376
 2.2129490 2.2909639
 2.2095809 2.2906404
 2.2062125 2.2910981
 2.2046499 2.2904191
 2.2062125 2.2889726
 2.2095809 2.2898068
 2.2129490 2.2887709
 2.2163174 2.2879598
 2.2172472 2.2870510
 2.2196856 2.2857606
 2.2218397 2.2836826
 2.2230539 2.2812405
 2.2264221 2.2803686
 2.2278764 2.2836826
 2.2297904 2.2857702
 2.2326937 2.2870510
 2.2331588 2.2873075
 2.2365270 2.2885056
 2.2398953 2.2892709
 2.2403708 2.2904191
 2.2416160 2.2937875
 2.2432635 2.2947481
 2.2466319 2.2951820
 2.2500000 2.2949018
 2.2521334 2.2937875
 2.2533684 2.2932458
 2.2559359 2.2904191
 2.2558010 2.2870510
 2.2533684 2.2848511
 2.2504051 2.2836826
 2.2500000 2.2834294
 2.2466319 2.2835898
 2.2444332 2.2803144
 2.2437983 2.2769461
 2.2432635 2.2764113
 2.2398953 2.2751446
 2.2365270 2.2737284
 2.2364337 2.2735779
 2.2363248 2.2702096
 2.2331588 2.2682359
 2.2297904 2.2673707
 2.2264221 2.2677281
 2.2230539 2.2677610
 2.2196856 2.2685120
 2.2164707 2.2702096
 2.2163174 2.2703030
 2.2142510 2.2735779
 2.2129490 2.2745967
 2.2095809 2.2746727
 2.2062125 2.2748625
 2.2028444 2.2756593
 2.2010109 2.2769461
 2.1998036 2.2803144
 2.1994760 2.2814476
 2.1961079 2.2826357
 2.1927395 2.2826562
 2.1896403 2.2803144
 2.1895933 2.2769461
 2.1893713 2.2760527
 2.1860030 2.2737503
 2.1826348 2.2736120
 2.1811421 2.2735779
 2.1826348 2.2735608
 2.1860030 2.2735250
 2.1893713 2.2733731
 2.1927395 2.2728059
 2.1961079 2.2724023
 2.1994760 2.2717607
 2.2028444 2.2718146
 2.2062125 2.2708671
 2.2071416 2.2702096
 2.2086163 2.2668414
 2.2078164 2.2634730
 2.2062125 2.2622232
 2.2028444 2.2614539
 2.1994760 2.2615111
 2.1961079 2.2609336
 2.1927395 2.2605896
 2.1897910 2.2601049
 2.1893713 2.2599266
 2.1860030 2.2594836
 2.1832240 2.2567365
 2.1826348 2.2555652
 2.1799309 2.2533684
 2.1792665 2.2530684
 2.1758983 2.2518263
 2.1725299 2.2515569
 2.1691618 2.2516739
 2.1657934 2.2516258
 2.1624253 2.2508366
 2.1621172 2.2500000
 2.1604035 2.2466319
 2.1590569 2.2459033
 2.1556888 2.2451053
 2.1523204 2.2449629
 2.1489520 2.2459366
 2.1473339 2.2466319
 0.9999999E-12    35
 2.3972058 2.2466319
 2.3955770 2.2500000
 2.3956685 2.2533684
 2.3964331 2.2567365
 2.3982036 2.2579212
 2.4015720 2.2587020
 2.4030471 2.2601049
 2.4038234 2.2634730
 2.4049401 2.2646258
 2.4083085 2.2651401
 2.4116766 2.2646489
 2.4128182 2.2634730
 2.4135911 2.2601049
 2.4150450 2.2584586
 2.4184132 2.2582583
 2.4217815 2.2571216
 2.4226491 2.2567365
 2.4251497 2.2549844
 2.4260767 2.2533684
 2.4258847 2.2500000
 2.4251497 2.2489531
 2.4217815 2.2471476
 2.4203339 2.2466319
 2.4184132 2.2455657
 2.4156785 2.2466319
 2.4150450 2.2467136
 2.4143009 2.2466319
 2.4116766 2.2447593
 2.4098439 2.2466319
 2.4083085 2.2471769
 2.4072304 2.2466319
 2.4049401 2.2443407
 2.4015720 2.2461660
 2.3982036 2.2459137
 2.3972058 2.2466319
 0.9999999E-12    27
 1.9815953 2.2533684
 1.9809850 2.2567365
 1.9809388 2.2601049
 1.9812886 2.2634730
 1.9839072 2.2660918
 1.9872755 2.2662756
 1.9906437 2.2665288
 1.9940120 2.2664909
 1.9973803 2.2665262
 2.0007486 2.2664144
 2.0041168 2.2661247
 2.0074852 2.2647598
 2.0087719 2.2634730
 2.0074852 2.2615063
 2.0073271 2.2601049
 2.0074852 2.2585032
 2.0085866 2.2567365
 2.0074852 2.2542853
 2.0072320 2.2533684
 2.0041168 2.2510407
 2.0007486 2.2510369
 1.9973803 2.2504506
 1.9940120 2.2508802
 1.9906437 2.2504442
 1.9872755 2.2515049
 1.9839072 2.2510562
 1.9815953 2.2533684
 0.9999999E-12    27
 2.5913889 2.2567365
 2.5901947 2.2579889
 2.5889986 2.2601049
 2.5901947 2.2620678
 2.5916402 2.2634730
 2.5935628 2.2648034
 2.5969312 2.2656567
 2.6002994 2.2659917
 2.6036677 2.2655303
 2.6070359 2.2653813
 2.6104043 2.2652898
 2.6137724 2.2653685
 2.6171408 2.2653210
 2.6205089 2.2645106
 2.6218286 2.2634730
 2.6228535 2.2601049
 2.6218209 2.2567365
 2.6205089 2.2557161
 2.6171408 2.2548702
 2.6137724 2.2548316
 2.6104043 2.2548661
 2.6070359 2.2547901
 2.6036677 2.2545826
 2.6002994 2.2541547
 2.5969312 2.2544360
 2.5935628 2.2552855
 2.5913889 2.2567365
 0.9999999E-12    21
 2.6633353 2.2567365
 2.6620951 2.2601049
 2.6629093 2.2634730
 2.6642964 2.2646616
 2.6676648 2.2654614
 2.6710329 2.2656558
 2.6744013 2.2658603
 2.6777694 2.2665701
 2.6811378 2.2661092
 2.6845059 2.2642601
 2.6850085 2.2634730
 2.6845789 2.2601049
 2.6848440 2.2567365
 2.6845059 2.2562256
 2.6811378 2.2544074
 2.6777694 2.2538409
 2.6744013 2.2546413
 2.6710329 2.2548378
 2.6676648 2.2550497
 2.6642964 2.2559507
 2.6633353 2.2567365
 0.9999999E-12    35
 2.7590451 2.2567365
 2.7586079 2.2570086
 2.7569945 2.2601049
 2.7576034 2.2634730
 2.7586079 2.2645607
 2.7619760 2.2656102
 2.7653444 2.2661397
 2.7687125 2.2658894
 2.7697532 2.2668414
 2.7707832 2.2702096
 2.7720809 2.2719183
 2.7754490 2.2731738
 2.7766407 2.2735779
 2.7788174 2.2746804
 2.7821856 2.2740424
 2.7855539 2.2752008
 2.7884700 2.2735779
 2.7889221 2.2734632
 2.7922904 2.2731788
 2.7938290 2.2702096
 2.7938824 2.2668414
 2.7924201 2.2634730
 2.7922904 2.2633433
 2.7889221 2.2626750
 2.7855539 2.2615576
 2.7821856 2.2619853
 2.7788174 2.2602038
 2.7787402 2.2601049
 2.7764978 2.2567365
 2.7754490 2.2562740
 2.7720809 2.2549605
 2.7687125 2.2556183
 2.7653444 2.2549353
 2.7619760 2.2555654
 2.7590451 2.2567365
 0.9999999E-12    17
 2.8648295 2.2567365
 2.8640151 2.2601049
 2.8641388 2.2634730
 2.8657134 2.2668414
 2.8663921 2.2675202
 2.8683636 2.2668414
 2.8697605 2.2667439
 2.8709188 2.2668414
 2.8731289 2.2676985
 2.8742583 2.2668414
 2.8760738 2.2634730
 2.8758283 2.2601049
 2.8757520 2.2567365
 2.8731289 2.2550120
 2.8697605 2.2546747
 2.8663921 2.2551739
 2.8648295 2.2567365
 0.9999999E-12     5
 2.4778852 2.2601049
 2.4756737 2.2620976
 2.4744673 2.2601049
 2.4756737 2.2582622
 2.4778852 2.2601049
 0.9999999E-12    49
 2.2472155 2.2634730
 2.2472651 2.2668414
 2.2473438 2.2702096
 2.2500000 2.2724643
 2.2533684 2.2727883
 2.2567365 2.2733076
 2.2601049 2.2730715
 2.2604568 2.2735779
 2.2605672 2.2769461
 2.2634730 2.2798326
 2.2668414 2.2802162
 2.2672207 2.2803144
 2.2702096 2.2819436
 2.2735779 2.2810578
 2.2769461 2.2823238
 2.2803144 2.2804465
 2.2836826 2.2817824
 2.2859027 2.2803144
 2.2870510 2.2799418
 2.2891033 2.2803144
 2.2904191 2.2810013
 2.2914207 2.2803144
 2.2937875 2.2796805
 2.2971556 2.2783170
 2.2989123 2.2769461
 2.2979884 2.2735779
 2.2973409 2.2702096
 2.2971556 2.2699170
 2.2937875 2.2683911
 2.2904191 2.2671111
 2.2870510 2.2679517
 2.2843697 2.2668414
 2.2836826 2.2662551
 2.2828889 2.2668414
 2.2803144 2.2673500
 2.2786057 2.2668414
 2.2769461 2.2654972
 2.2751229 2.2668414
 2.2735779 2.2672081
 2.2722061 2.2668414
 2.2702096 2.2646549
 2.2684984 2.2634730
 2.2668414 2.2623610
 2.2634730 2.2608004
 2.2601049 2.2608793
 2.2567365 2.2601936
 2.2533684 2.2607052
 2.2500000 2.2609582
 2.2472155 2.2634730
 0.9999999E-12    53
 1.9090937 2.2668414
 1.9064372 2.2678497
 1.9030689 2.2668595
 1.8997006 2.2679343
 1.8963324 2.2682223
 1.8942901 2.2702096
 1.8939848 2.2735779
 1.8939570 2.2769461
 1.8963324 2.2794969
 1.8997006 2.2796516
 1.9022727 2.2803144
 1.9030689 2.2809112
 1.9038918 2.2803144
 1.9064372 2.2797134
 1.9083153 2.2803144
 1.9098054 2.2814789
 1.9113388 2.2803144
 1.9131737 2.2798903
 1.9150765 2.2803144
 1.9165419 2.2814171
 1.9179232 2.2803144
 1.9199102 2.2796714
 1.9218606 2.2803144
 1.9232785 2.2814507
 1.9247369 2.2803144
 1.9266467 2.2798605
 1.9286153 2.2803144
 1.9300150 2.2813973
 1.9312721 2.2803144
 1.9333832 2.2794759
 1.9367515 2.2800438
 1.9401197 2.2782547
 1.9425025 2.2769461
 1.9434817 2.2735779
 1.9410897 2.2702096
 1.9401197 2.2697854
 1.9367515 2.2675538
 1.9333832 2.2681506
 1.9306298 2.2668414
 1.9300150 2.2662430
 1.9293867 2.2668414
 1.9266467 2.2676582
 1.9239569 2.2668414
 1.9232785 2.2661948
 1.9225972 2.2668414
 1.9199102 2.2678895
 1.9171852 2.2668414
 1.9165419 2.2662311
 1.9158893 2.2668414
 1.9131737 2.2676268
 1.9105157 2.2668414
 1.9098054 2.2661762
 1.9090937 2.2668414
 0.9999999E-12   223
 2.3342006 2.2702096
 2.3308384 2.2710474
 2.3294737 2.2735779
 2.3274701 2.2760613
 2.3258691 2.2769461
 2.3241019 2.2782335
 2.3227077 2.2803144
 2.3213904 2.2836826
 2.3207335 2.2842243
 2.3173654 2.2855241
 2.3161187 2.2870510
 2.3154209 2.2904191
 2.3139970 2.2918174
 2.3106287 2.2906051
 2.3072605 2.2910161
 2.3038921 2.2904496
 2.3005240 2.2914906
 2.2971556 2.2906353
 2.2937875 2.2909708
 2.2904191 2.2904615
 2.2870510 2.2914348
 2.2836826 2.2906637
 2.2803144 2.2909322
 2.2769461 2.2909091
 2.2740347 2.2937875
 2.2742081 2.2971556
 2.2743554 2.3005240
 2.2769461 2.3027425
 2.2803144 2.3028219
 2.2836826 2.3030531
 2.2870510 2.3022258
 2.2904191 2.3033502
 2.2937875 2.3028004
 2.2971556 2.3031340
 2.3005240 2.3021984
 2.3038921 2.3033881
 2.3072605 2.3027806
 2.3106287 2.3031843
 2.3139970 2.3011429
 2.3151767 2.3005240
 2.3169925 2.2971556
 2.3173654 2.2958901
 2.3207335 2.2946875
 2.3225391 2.2971556
 2.3241019 2.3002534
 2.3243651 2.3005240
 2.3274701 2.3021402
 2.3308384 2.3034439
 2.3342066 2.3028882
 2.3375039 2.3038921
 2.3342066 2.3048005
 2.3308384 2.3042929
 2.3274701 2.3059595
 2.3251867 2.3072605
 2.3241019 2.3081875
 2.3225875 2.3106287
 2.3228912 2.3139970
 2.3241019 2.3154566
 2.3274701 2.3169389
 2.3284152 2.3173654
 2.3308384 2.3187950
 2.3342066 2.3184118
 2.3375750 2.3195772
 2.3409431 2.3182492
 2.3443115 2.3189805
 2.3467946 2.3173654
 2.3476796 2.3167644
 2.3481524 2.3173654
 2.3486414 2.3207335
 2.3503382 2.3241019
 2.3510480 2.3245683
 2.3544161 2.3253322
 2.3577845 2.3258450
 2.3611526 2.3250277
 2.3645210 2.3252311
 2.3663936 2.3241019
 2.3678892 2.3234022
 2.3709984 2.3207335
 2.3708827 2.3173654
 2.3678892 2.3151021
 2.3655257 2.3139970
 2.3645210 2.3126583
 2.3620365 2.3139970
 2.3611526 2.3140800
 2.3607755 2.3139970
 2.3592088 2.3106287
 2.3611526 2.3098202
 2.3645210 2.3091674
 2.3656831 2.3072605
 2.3667915 2.3038921
 2.3678892 2.3030927
 2.3712282 2.3038921
 2.3712575 2.3039191
 2.3712857 2.3038921
 2.3746257 2.3016863
 2.3765228 2.3038921
 2.3777812 2.3072605
 2.3779941 2.3075006
 2.3813622 2.3094027
 2.3845623 2.3106287
 2.3847306 2.3107622
 2.3849268 2.3106287
 2.3880987 2.3100543
 2.3902435 2.3106287
 2.3914671 2.3115566
 2.3926356 2.3106287
 2.3948355 2.3099818
 2.3980501 2.3106287
 2.3982036 2.3107402
 2.3983448 2.3106287
 2.4015720 2.3094149
 2.4047236 2.3106287
 2.4049401 2.3108003
 2.4052038 2.3106287
 2.4083085 2.3100741
 2.4094942 2.3106287
 2.4115000 2.3139970
 2.4116766 2.3142486
 2.4150450 2.3161864
 2.4183836 2.3139970
 2.4184132 2.3139467
 2.4199426 2.3106287
 2.4217815 2.3088596
 2.4247680 2.3072605
 2.4251497 2.3069537
 2.4269183 2.3038921
 2.4285181 2.3031697
 2.4304543 2.3038921
 2.4318862 2.3052549
 2.4333363 2.3038921
 2.4352546 2.3032579
 2.4375975 2.3038921
 2.4386227 2.3048429
 2.4396362 2.3038921
 2.4419911 2.3029907
 2.4453592 2.3035324
 2.4487276 2.3021550
 2.4515758 2.3005240
 2.4520957 2.2995450
 2.4530540 2.2971556
 2.4520957 2.2945039
 2.4517827 2.2937875
 2.4487276 2.2919788
 2.4453592 2.2906365
 2.4419911 2.2911699
 2.4399033 2.2904191
 2.4386227 2.2892916
 2.4372790 2.2904191
 2.4352546 2.2909057
 2.4336421 2.2904191
 2.4318862 2.2888961
 2.4301574 2.2904191
 2.4285181 2.2909639
 2.4271603 2.2904191
 2.4252846 2.2870510
 2.4251497 2.2868764
 2.4217815 2.2850440
 2.4184368 2.2870510
 2.4184132 2.2871060
 2.4172184 2.2904191
 2.4150450 2.2921116
 2.4116766 2.2915335
 2.4083085 2.2920895
 2.4052622 2.2937875
 2.4049401 2.2940562
 2.4031463 2.2971556
 2.4015720 2.2988734
 2.3982036 2.2976549
 2.3948355 2.2984264
 2.3916745 2.2971556
 2.3914671 2.2969511
 2.3912582 2.2971556
 2.3880987 2.2982969
 2.3847306 2.2975974
 2.3813622 2.2990811
 2.3786857 2.2971556
 2.3813622 2.2950239
 2.3847306 2.2949328
 2.3850377 2.2937875
 2.3863783 2.2904191
 2.3862896 2.2870510
 2.3847306 2.2845814
 2.3813622 2.2841635
 2.3796957 2.2836826
 2.3779941 2.2825108
 2.3758774 2.2836826
 2.3746257 2.2839556
 2.3712575 2.2841289
 2.3689904 2.2870510
 2.3684497 2.2904191
 2.3678892 2.2907903
 2.3655760 2.2904191
 2.3645210 2.2897220
 2.3636808 2.2904191
 2.3611526 2.2916005
 2.3577845 2.2937133
 2.3577158 2.2937875
 2.3555338 2.2971556
 2.3544161 2.2978525
 2.3512108 2.2971556
 2.3510480 2.2970102
 2.3508923 2.2971556
 2.3476796 2.2987349
 2.3460784 2.2971556
 2.3454139 2.2937875
 2.3443115 2.2919698
 2.3409431 2.2912207
 2.3384452 2.2904191
 2.3375750 2.2883234
 2.3365829 2.2904191
 2.3342066 2.2910004
 2.3326938 2.2904191
 2.3338892 2.2870510
 2.3342066 2.2869422
 2.3375750 2.2863772
 2.3389070 2.2836826
 2.3392591 2.2803144
 2.3389647 2.2769461
 2.3375750 2.2741923
 2.3373120 2.2735779
 2.3342094 2.2702096
 2.3342066 2.2702084
 2.3342006 2.2702096
 0.9999999E-12    23
 2.4907675 2.2702096
 2.4891467 2.2722206
 2.4877639 2.2735779
 2.4886396 2.2769461
 2.4891467 2.2773178
 2.4920783 2.2803144
 2.4925151 2.2806940
 2.4938993 2.2803144
 2.4958832 2.2801867
 2.4964828 2.2803144
 2.4992516 2.2818525
 2.5024152 2.2803144
 2.5026197 2.2802689
 2.5059881 2.2801471
 2.5086036 2.2769461
 2.5085261 2.2735779
 2.5074751 2.2702096
 2.5059881 2.2692561
 2.5026197 2.2683682
 2.4992516 2.2678480
 2.4958832 2.2683842
 2.4925151 2.2681448
 2.4907675 2.2702096
 0.9999999E-12    21
 2.6226969 2.2702096
 2.6207242 2.2735779
 2.6206765 2.2769461
 2.6238773 2.2803128
 2.6238868 2.2803144
 2.6272454 2.2815204
 2.6306138 2.2814867
 2.6339822 2.2810650
 2.6373503 2.2804780
 2.6376712 2.2803144
 2.6407187 2.2792149
 2.6428230 2.2769461
 2.6428797 2.2735779
 2.6407187 2.2711568
 2.6383448 2.2702096
 2.6373503 2.2696998
 2.6339822 2.2691481
 2.6306138 2.2687380
 2.6272454 2.2687140
 2.6238773 2.2695630
 2.6226969 2.2702096
 0.9999999E-12    15
 2.3012860 2.2769461
 2.3008764 2.2803144
 2.3007541 2.2836826
 2.3020298 2.2870510
 2.3038921 2.2903056
 2.3072605 2.2881432
 2.3106287 2.2891726
 2.3112245 2.2870510
 2.3126183 2.2836826
 2.3125005 2.2803144
 2.3115504 2.2769461
 2.3106287 2.2760246
 2.3072605 2.2752912
 2.3038921 2.2752919
 2.3012860 2.2769461
 0.9999999E-12    23
 2.3956463 2.2769461
 2.3948355 2.2772253
 2.3914671 2.2794356
 2.3909228 2.2803144
 2.3909485 2.2836826
 2.3914671 2.2844756
 2.3948355 2.2866156
 2.3960803 2.2870510
 2.3982036 2.2880728
 2.4015720 2.2872291
 2.4049401 2.2883396
 2.4064138 2.2870510
 2.4083085 2.2861364
 2.4116766 2.2840028
 2.4118760 2.2836826
 2.4119029 2.2803144
 2.4116766 2.2799401
 2.4083085 2.2777915
 2.4065766 2.2769461
 2.4049401 2.2758644
 2.4015720 2.2764544
 2.3982036 2.2758214
 2.3956463 2.2769461
 0.9999999E-12    69
 1.6901964 2.2836826
 1.6889789 2.2870510
 1.6890985 2.2904191
 1.6895444 2.2937875
 1.6908683 2.2951114
 1.6942365 2.2960234
 1.6957545 2.2971556
 1.6956342 2.3005240
 1.6976048 2.3033764
 1.7009730 2.3036261
 1.7017862 2.3038921
 1.7031285 2.3072605
 1.7043413 2.3091099
 1.7077096 2.3102763
 1.7110778 2.3104033
 1.7144461 2.3083079
 1.7170997 2.3106287
 1.7167045 2.3139970
 1.7178144 2.3160734
 1.7206558 2.3173654
 1.7211827 2.3175459
 1.7231411 2.3207335
 1.7239115 2.3241019
 1.7245510 2.3247411
 1.7279192 2.3260050
 1.7312875 2.3267336
 1.7323762 2.3274701
 1.7346557 2.3305089
 1.7353370 2.3308384
 1.7380240 2.3320892
 1.7413923 2.3325670
 1.7447605 2.3322036
 1.7472571 2.3308384
 1.7478796 2.3274701
 1.7480198 2.3241019
 1.7447605 2.3210633
 1.7438492 2.3207335
 1.7413923 2.3180962
 1.7411920 2.3173654
 1.7390276 2.3139970
 1.7380240 2.3135021
 1.7346557 2.3120656
 1.7312875 2.3117616
 1.7279192 2.3107572
 1.7278628 2.3106287
 1.7279192 2.3091450
 1.7283143 2.3072605
 1.7279192 2.3068655
 1.7245510 2.3051693
 1.7211827 2.3051472
 1.7178144 2.3065996
 1.7144461 2.3057210
 1.7142749 2.3038921
 1.7144461 2.3019676
 1.7151306 2.3005240
 1.7144461 2.2996335
 1.7110778 2.2975466
 1.7098110 2.2971556
 1.7094675 2.2937875
 1.7077096 2.2911098
 1.7066909 2.2904191
 1.7043413 2.2890930
 1.7019808 2.2870510
 1.7009730 2.2844307
 1.7006118 2.2836826
 1.6976048 2.2819860
 1.6942365 2.2822156
 1.6908683 2.2830107
 1.6901964 2.2836826
 0.9999999E-12    17
 1.8758233 2.2836826
 1.8735102 2.2870510
 1.8735551 2.2904191
 1.8750973 2.2937875
 1.8761228 2.2944539
 1.8794911 2.2948346
 1.8828593 2.2949858
 1.8848335 2.2937875
 1.8862276 2.2931447
 1.8892825 2.2904191
 1.8892180 2.2870510
 1.8862276 2.2846239
 1.8841584 2.2836826
 1.8828593 2.2828045
 1.8794911 2.2835124
 1.8761228 2.2834809
 1.8758233 2.2836826
 0.9999999E-12    15
 2.6002882 2.2937875
 2.6002994 2.2938707
 2.6003942 2.2971556
 2.6002994 2.2991006
 2.6000023 2.3005240
 2.6002994 2.3009942
 2.6036677 2.3032041
 2.6070359 2.3033028
 2.6101465 2.3005240
 2.6099682 2.2971556
 2.6099668 2.2937875
 2.6070359 2.2914944
 2.6036677 2.2915595
 2.6002994 2.2937713
 2.6002882 2.2937875
 0.9999999E-12     5
 2.4226611 2.2971556
 2.4217815 2.2993238
 2.4198532 2.2971556
 2.4217815 2.2942152
 2.4226611 2.2971556
 0.9999999E-12     5
 2.3424304 2.3038921
 2.3409431 2.3047426
 2.3376451 2.3038921
 2.3409431 2.3027651
 2.3424304 2.3038921
 0.9999999E-12    15
 2.4916673 2.3072605
 2.4891467 2.3078372
 2.4858990 2.3106287
 2.4859354 2.3139970
 2.4891467 2.3165092
 2.4925151 2.3173568
 2.4958832 2.3167973
 2.4992516 2.3157666
 2.5005283 2.3139970
 2.5006053 2.3106287
 2.4992516 2.3085968
 2.4958832 2.3075325
 2.4939463 2.3072605
 2.4925151 2.3068876
 2.4916673 2.3072605
 0.9999999E-12    21
 2.6758993 2.3072605
 2.6744013 2.3094749
 2.6739120 2.3106287
 2.6744013 2.3129239
 2.6744475 2.3139970
 2.6744111 2.3173654
 2.6777694 2.3192458
 2.6811378 2.3195939
 2.6845059 2.3194799
 2.6878743 2.3185520
 2.6903179 2.3173654
 2.6911786 2.3139970
 2.6912425 2.3121088
 2.6914363 2.3106287
 2.6912425 2.3102198
 2.6878743 2.3074493
 2.6872182 2.3072605
 2.6845059 2.3058014
 2.6811378 2.3058729
 2.6777694 2.3062866
 2.6758993 2.3072605
 0.9999999E-12     5
 2.3560762 2.3106287
 2.3544161 2.3135955
 2.3533342 2.3106287
 2.3544161 2.3102767
 2.3560762 2.3106287
 0.9999999E-12    17
 2.2680984 2.3139970
 2.2670257 2.3173654
 2.2670543 2.3207335
 2.2678459 2.3241019
 2.2702096 2.3255219
 2.2735779 2.3256812
 2.2769461 2.3254497
 2.2789595 2.3241019
 2.2803144 2.3232460
 2.2828660 2.3207335
 2.2828465 2.3173654
 2.2803144 2.3149984
 2.2786818 2.3139970
 2.2769461 2.3127940
 2.2735779 2.3126519
 2.2702096 2.3127289
 2.2680984 2.3139970
 0.9999999E-12    73
 2.0244393 2.3173654
 2.0244899 2.3207335
 2.0276947 2.3232348
 2.0296161 2.3241019
 2.0310628 2.3270283
 2.0311685 2.3274701
 2.0344312 2.3305748
 2.0349839 2.3308384
 2.0377994 2.3323629
 2.0411677 2.3324578
 2.0430923 2.3342066
 2.0437169 2.3375750
 2.0445359 2.3388810
 2.0479043 2.3396962
 2.0492032 2.3409431
 2.0497272 2.3443115
 2.0512724 2.3460927
 2.0546408 2.3469224
 2.0570936 2.3476796
 2.0580089 2.3484082
 2.0590656 2.3476796
 2.0613773 2.3471303
 2.0632813 2.3476796
 2.0647454 2.3498683
 2.0653191 2.3510480
 2.0681138 2.3532236
 2.0690470 2.3544161
 2.0695786 2.3577845
 2.0705225 2.3611526
 2.0714819 2.3621123
 2.0748503 2.3628218
 2.0782187 2.3635087
 2.0815868 2.3632586
 2.0849552 2.3631089
 2.0883234 2.3620379
 2.0900047 2.3611526
 2.0916917 2.3600352
 2.0932622 2.3577845
 2.0931227 2.3544161
 2.0916917 2.3526242
 2.0883234 2.3511398
 2.0881279 2.3510480
 2.0849552 2.3494337
 2.0815868 2.3495493
 2.0782187 2.3489151
 2.0748503 2.3497694
 2.0729539 2.3476796
 2.0714819 2.3453708
 2.0699036 2.3443115
 2.0681138 2.3433554
 2.0672407 2.3409431
 2.0670035 2.3375750
 2.0647454 2.3354568
 2.0613773 2.3351128
 2.0602953 2.3342066
 2.0585623 2.3308384
 2.0580089 2.3302624
 2.0546408 2.3287175
 2.0512724 2.3275142
 2.0479043 2.3280261
 2.0473273 2.3274701
 2.0471265 2.3241019
 2.0445359 2.3208878
 2.0411677 2.3209746
 2.0392470 2.3207335
 2.0377994 2.3201253
 2.0368004 2.3207335
 2.0344312 2.3216226
 2.0330918 2.3207335
 2.0322609 2.3173654
 2.0310628 2.3155267
 2.0276947 2.3146236
 2.0244393 2.3173654
 0.9999999E-12    43
 1.9819608 2.3207335
 1.9811302 2.3241019
 1.9806981 2.3274701
 1.9805390 2.3275807
 1.9798759 2.3274701
 1.9771707 2.3254154
 1.9750464 2.3274701
 1.9738024 2.3293169
 1.9708635 2.3308384
 1.9704342 2.3319554
 1.9698186 2.3342066
 1.9704342 2.3358123
 1.9720048 2.3375750
 1.9738024 2.3383155
 1.9753679 2.3409431
 1.9771707 2.3427374
 1.9790331 2.3409431
 1.9805390 2.3405964
 1.9822397 2.3409431
 1.9839072 2.3425419
 1.9855379 2.3409431
 1.9872755 2.3390889
 1.9887580 2.3375750
 1.9872755 2.3360467
 1.9869239 2.3342066
 1.9872755 2.3337054
 1.9906437 2.3337955
 1.9940120 2.3337529
 1.9973803 2.3335218
 2.0007486 2.3322275
 2.0021377 2.3308384
 2.0007486 2.3288472
 2.0005774 2.3274701
 2.0007486 2.3259101
 2.0019615 2.3241019
 2.0007486 2.3216445
 2.0004668 2.3207335
 1.9973803 2.3183901
 1.9940120 2.3186238
 1.9906437 2.3179700
 1.9872755 2.3195002
 1.9839072 2.3187871
 1.9819608 2.3207335
 0.9999999E-12    19
 2.1637714 2.3207335
 2.1624253 2.3209822
 2.1590569 2.3234651
 2.1587272 2.3241019
 2.1590569 2.3261700
 2.1591082 2.3274701
 2.1594729 2.3308384
 2.1624253 2.3323550
 2.1657934 2.3329298
 2.1691618 2.3328917
 2.1725299 2.3323133
 2.1750882 2.3308384
 2.1755667 2.3274701
 2.1757472 2.3241019
 2.1725299 2.3209229
 2.1708455 2.3207335
 2.1691618 2.3202701
 2.1657934 2.3198245
 2.1637714 2.3207335
 0.9999999E-12    39
 2.2966115 2.3207335
 2.2937875 2.3215284
 2.2904191 2.3226416
 2.2890558 2.3241019
 2.2886121 2.3274701
 2.2904191 2.3304205
 2.2910614 2.3308384
 2.2937875 2.3321013
 2.2971556 2.3326898
 2.3005240 2.3329005
 2.3038921 2.3329802
 2.3072605 2.3329051
 2.3106287 2.3329804
 2.3139970 2.3330319
 2.3147907 2.3342066
 2.3147619 2.3375750
 2.3173654 2.3400567
 2.3207335 2.3399258
 2.3241019 2.3387475
 2.3248353 2.3375750
 2.3252101 2.3342066
 2.3248534 2.3308384
 2.3241019 2.3296366
 2.3207335 2.3284862
 2.3192391 2.3274701
 2.3183436 2.3241019
 2.3173654 2.3223770
 2.3139970 2.3212650
 2.3120561 2.3207335
 2.3106287 2.3197618
 2.3087211 2.3207335
 2.3072605 2.3210022
 2.3057909 2.3207335
 2.3038921 2.3197691
 2.3019106 2.3207335
 2.3005240 2.3209782
 2.2980185 2.3207335
 2.2971556 2.3204367
 2.2966115 2.3207335
 0.9999999E-12    21
 2.2551119 2.3241019
 2.2539313 2.3274701
 2.2533684 2.3278656
 2.2500000 2.3281820
 2.2469542 2.3308384
 2.2471142 2.3342066
 2.2470105 2.3375750
 2.2500000 2.3400609
 2.2533684 2.3401785
 2.2567365 2.3401768
 2.2601049 2.3386216
 2.2616827 2.3375750
 2.2627890 2.3342066
 2.2634730 2.3311260
 2.2636204 2.3308384
 2.2634730 2.3303502
 2.2630482 2.3274701
 2.2624483 2.3241019
 2.2601049 2.3221719
 2.2567365 2.3224361
 2.2551119 2.3241019
 0.9999999E-12    19
 2.5611155 2.3241019
 2.5603421 2.3274701
 2.5614333 2.3308384
 2.5632486 2.3319442
 2.5666168 2.3328905
 2.5699852 2.3324983
 2.5733533 2.3328905
 2.5767217 2.3325284
 2.5800898 2.3315566
 2.5808952 2.3308384
 2.5820954 2.3274701
 2.5811048 2.3241019
 2.5800898 2.3231845
 2.5767217 2.3222613
 2.5733533 2.3219147
 2.5699852 2.3222537
 2.5666168 2.3218811
 2.5632486 2.3227062
 2.5611155 2.3241019
 0.9999999E-12    29
 1.9419248 2.3274701
 1.9401197 2.3280833
 1.9367515 2.3283505
 1.9345241 2.3308384
 1.9345653 2.3342066
 1.9348317 2.3375750
 1.9367515 2.3395381
 1.9401197 2.3399572
 1.9425811 2.3409431
 1.9434880 2.3418207
 1.9443926 2.3409431
 1.9468563 2.3401318
 1.9500071 2.3409431
 1.9502245 2.3411524
 1.9504359 2.3409431
 1.9535928 2.3382587
 1.9552165 2.3375750
 1.9569612 2.3354492
 1.9574217 2.3342066
 1.9569612 2.3324487
 1.9563949 2.3308384
 1.9535928 2.3293595
 1.9510081 2.3274701
 1.9502245 2.3267376
 1.9492795 2.3274701
 1.9468563 2.3279381
 1.9450581 2.3274701
 1.9434880 2.3261783
 1.9419248 2.3274701
 0.9999999E-12    39
 1.8188549 2.3308384
 1.8188623 2.3308489
 1.8192798 2.3342066
 1.8188901 2.3375750
 1.8222306 2.3404965
 1.8255988 2.3405049
 1.8260273 2.3409431
 1.8262835 2.3443115
 1.8289671 2.3469875
 1.8323354 2.3471601
 1.8351132 2.3476796
 1.8357036 2.3480136
 1.8366876 2.3476796
 1.8390719 2.3474002
 1.8392625 2.3476796
 1.8393221 2.3510480
 1.8412621 2.3544161
 1.8424401 2.3552055
 1.8455893 2.3544161
 1.8458084 2.3544023
 1.8491766 2.3542666
 1.8509619 2.3510480
 1.8508110 2.3476796
 1.8499519 2.3443115
 1.8491766 2.3435361
 1.8458084 2.3425586
 1.8430291 2.3409431
 1.8425660 2.3375750
 1.8424401 2.3373792
 1.8390719 2.3356574
 1.8367821 2.3342066
 1.8357036 2.3325293
 1.8341814 2.3308384
 1.8323354 2.3295922
 1.8289671 2.3275487
 1.8255988 2.3278532
 1.8222306 2.3276279
 1.8188623 2.3308287
 1.8188549 2.3308384
 0.9999999E-12    31
 2.2353351 2.3308384
 2.2335539 2.3342066
 2.2331588 2.3345447
 2.2297904 2.3354642
 2.2269795 2.3375750
 2.2268190 2.3409431
 2.2264221 2.3416369
 2.2230539 2.3432319
 2.2210748 2.3443115
 2.2199709 2.3476796
 2.2198720 2.3510480
 2.2229695 2.3544161
 2.2230539 2.3544588
 2.2264221 2.3554652
 2.2297904 2.3556743
 2.2329042 2.3544161
 2.2331588 2.3543680
 2.2365270 2.3512454
 2.2366097 2.3510480
 2.2394614 2.3476796
 2.2398953 2.3475251
 2.2432635 2.3464711
 2.2445459 2.3443115
 2.2445095 2.3409431
 2.2460814 2.3375750
 2.2432635 2.3346505
 2.2430544 2.3342066
 2.2415743 2.3308384
 2.2398953 2.3296158
 2.2365270 2.3298223
 2.2353351 2.3308384
 0.9999999E-12    33
 2.3696730 2.3375750
 2.3689282 2.3409431
 2.3678892 2.3429961
 2.3645210 2.3430595
 2.3615181 2.3443115
 2.3611526 2.3444364
 2.3577845 2.3459284
 2.3566031 2.3476796
 2.3566625 2.3510480
 2.3577845 2.3526225
 2.3611526 2.3540919
 2.3621044 2.3544161
 2.3645210 2.3555264
 2.3674951 2.3544161
 2.3678892 2.3543618
 2.3712575 2.3539031
 2.3726730 2.3510480
 2.3739164 2.3476796
 2.3746257 2.3473294
 2.3761702 2.3476796
 2.3779941 2.3487778
 2.3795192 2.3476796
 2.3813622 2.3471398
 2.3847306 2.3466332
 2.3860831 2.3443115
 2.3863239 2.3409431
 2.3852081 2.3375750
 2.3847306 2.3370974
 2.3813622 2.3360720
 2.3779941 2.3355181
 2.3746257 2.3356555
 2.3712575 2.3365414
 2.3696730 2.3375750
 0.9999999E-12    29
 2.4266136 2.3375750
 2.4251497 2.3392119
 2.4242833 2.3409431
 2.4247108 2.3443115
 2.4251497 2.3448889
 2.4285181 2.3468781
 2.4307230 2.3476796
 2.4318862 2.3484452
 2.4338953 2.3476796
 2.4352546 2.3475165
 2.4355350 2.3476796
 2.4364486 2.3510480
 2.4381416 2.3544161
 2.4386227 2.3547449
 2.4419911 2.3548808
 2.4453592 2.3548021
 2.4459279 2.3544161
 2.4475875 2.3510480
 2.4476144 2.3476796
 2.4456286 2.3443115
 2.4453592 2.3441224
 2.4419911 2.3432493
 2.4407926 2.3409431
 2.4399734 2.3375750
 2.4386227 2.3366914
 2.4352546 2.3358343
 2.4318862 2.3358684
 2.4285181 2.3366063
 2.4266136 2.3375750
 0.9999999E-12    13
 2.0377758 2.3443115
 2.0364265 2.3476796
 2.0365472 2.3510480
 2.0377994 2.3533621
 2.0411677 2.3540576
 2.0445359 2.3541720
 2.0469868 2.3510480
 2.0469246 2.3476796
 2.0456910 2.3443115
 2.0445359 2.3430951
 2.0411677 2.3432682
 2.0377994 2.3442879
 2.0377758 2.3443115
 0.9999999E-12    19
 2.1803095 2.3443115
 2.1793773 2.3476796
 2.1792665 2.3509028
 2.1792397 2.3510480
 2.1792665 2.3510950
 2.1826348 2.3543532
 2.1829839 2.3544161
 2.1860030 2.3555908
 2.1893713 2.3554482
 2.1925569 2.3544161
 2.1927395 2.3543882
 2.1959627 2.3510480
 2.1958799 2.3476796
 2.1948504 2.3443115
 2.1927395 2.3431904
 2.1893713 2.3424728
 2.1860030 2.3424351
 2.1826348 2.3431516
 2.1803095 2.3443115
 0.9999999E-12    19
 1.8596842 2.3510480
 1.8592814 2.3512387
 1.8559132 2.3527870
 1.8546398 2.3544161
 1.8544908 2.3577845
 1.8559132 2.3598621
 1.8578737 2.3611526
 1.8592814 2.3618782
 1.8626497 2.3630319
 1.8660179 2.3626900
 1.8693862 2.3619809
 1.8702146 2.3611526
 1.8712379 2.3577845
 1.8712186 2.3544161
 1.8697550 2.3510480
 1.8693862 2.3506792
 1.8660179 2.3504868
 1.8626497 2.3495049
 1.8596842 2.3510480
 0.9999999E-12    23
 2.1527078 2.3510480
 2.1523204 2.3512971
 2.1509750 2.3544161
 2.1511316 2.3577845
 2.1517377 2.3611526
 2.1523204 2.3617353
 2.1556888 2.3629756
 2.1590569 2.3638880
 2.1624253 2.3640211
 2.1657934 2.3639762
 2.1691618 2.3634856
 2.1721578 2.3611526
 2.1725299 2.3605192
 2.1746736 2.3577845
 2.1745498 2.3544161
 2.1725299 2.3522351
 2.1716015 2.3510480
 2.1691618 2.3491311
 2.1657934 2.3484514
 2.1624253 2.3484395
 2.1590569 2.3485184
 2.1556888 2.3500707
 2.1527078 2.3510480
 0.9999999E-12    33
 2.1070213 2.3678892
 2.1057425 2.3712575
 2.1066966 2.3746257
 2.1085329 2.3758173
 2.1107216 2.3779941
 2.1112494 2.3813622
 2.1119013 2.3825610
 2.1152694 2.3842566
 2.1166639 2.3847306
 2.1186378 2.3868239
 2.1194303 2.3880987
 2.1220059 2.3905430
 2.1242304 2.3914671
 2.1253743 2.3921487
 2.1287425 2.3921106
 2.1321108 2.3917863
 2.1326413 2.3914671
 2.1349263 2.3880987
 2.1349192 2.3847306
 2.1328456 2.3813622
 2.1321108 2.3809233
 2.1287425 2.3799069
 2.1271718 2.3779941
 2.1253743 2.3751831
 2.1244464 2.3746257
 2.1220059 2.3734970
 2.1186378 2.3728690
 2.1152694 2.3727374
 2.1137049 2.3712575
 2.1122339 2.3678892
 2.1119013 2.3675890
 2.1085329 2.3669627
 2.1070213 2.3678892
 0.9999999E-12    15
 2.2944701 2.3678892
 2.2944257 2.3712575
 2.2942474 2.3746257
 2.2971556 2.3774371
 2.3005240 2.3774266
 2.3038921 2.3777003
 2.3072605 2.3762121
 2.3095624 2.3746257
 2.3101499 2.3712575
 2.3085706 2.3678892
 2.3072605 2.3671446
 2.3038921 2.3652399
 2.3005240 2.3655202
 2.2971556 2.3655457
 2.2944701 2.3678892
 0.9999999E-12    69
 1.8744196 2.3746257
 1.8736919 2.3779941
 1.8727545 2.3810382
 1.8724737 2.3813622
 1.8727545 2.3820672
 1.8730129 2.3847306
 1.8731788 2.3880987
 1.8743254 2.3914671
 1.8761228 2.3926721
 1.8794911 2.3938882
 1.8798013 2.3948355
 1.8794911 2.3966420
 1.8783811 2.3982036
 1.8794911 2.3993614
 1.8805166 2.4015720
 1.8808115 2.4049401
 1.8828593 2.4069359
 1.8862276 2.4073563
 1.8874691 2.4083085
 1.8894645 2.4116766
 1.8895959 2.4118207
 1.8929641 2.4143486
 1.8932437 2.4150450
 1.8931518 2.4184132
 1.8944058 2.4217815
 1.8963324 2.4231701
 1.8997006 2.4241073
 1.8999680 2.4251497
 1.8998039 2.4285181
 1.9030689 2.4306738
 1.9064372 2.4310246
 1.9072075 2.4318862
 1.9071329 2.4352546
 1.9098054 2.4379046
 1.9131737 2.4374788
 1.9165419 2.4375219
 1.9179535 2.4352546
 1.9186381 2.4318862
 1.9183992 2.4285181
 1.9165419 2.4254119
 1.9131737 2.4255667
 1.9127613 2.4251497
 1.9123441 2.4217815
 1.9114007 2.4184132
 1.9098054 2.4168179
 1.9064372 2.4169767
 1.9055032 2.4150450
 1.9051615 2.4116766
 1.9030689 2.4085720
 1.9028181 2.4083085
 1.9002656 2.4049401
 1.8997006 2.4046814
 1.8981370 2.4015720
 1.8972338 2.3982036
 1.8963324 2.3967307
 1.8929641 2.3957932
 1.8922931 2.3948355
 1.8923522 2.3914671
 1.8918967 2.3880987
 1.8895959 2.3852501
 1.8891774 2.3847306
 1.8862276 2.3821886
 1.8856610 2.3813622
 1.8841312 2.3779941
 1.8831191 2.3746257
 1.8828593 2.3743658
 1.8794911 2.3731034
 1.8761228 2.3735211
 1.8744196 2.3746257
 0.9999999E-12    71
 2.3211355 2.3746257
 2.3207335 2.3746586
 2.3173654 2.3756649
 2.3158441 2.3779941
 2.3139970 2.3806789
 2.3106287 2.3800008
 2.3078547 2.3813622
 2.3072605 2.3815358
 2.3038921 2.3825831
 2.3021677 2.3847306
 2.3012133 2.3880987
 2.3005240 2.3887990
 2.2971556 2.3882060
 2.2937875 2.3884358
 2.2920344 2.3880987
 2.2904191 2.3872643
 2.2882979 2.3880987
 2.2870510 2.3882711
 2.2864904 2.3880987
 2.2842760 2.3847306
 2.2836826 2.3832591
 2.2806904 2.3813622
 2.2803144 2.3812494
 2.2769461 2.3798015
 2.2735779 2.3802042
 2.2702096 2.3809018
 2.2694180 2.3813622
 2.2672310 2.3847306
 2.2672527 2.3880987
 2.2688146 2.3914671
 2.2702096 2.3922772
 2.2735779 2.3929834
 2.2769461 2.3932302
 2.2803144 2.3935125
 2.2808654 2.3948355
 2.2812502 2.3982036
 2.2836826 2.3997152
 2.2870510 2.4003205
 2.2904191 2.4003711
 2.2937875 2.4001422
 2.2971556 2.4005020
 2.3005240 2.3991745
 2.3038921 2.3996494
 2.3072605 2.3984029
 2.3076406 2.3982036
 2.3101292 2.3948355
 2.3106287 2.3941934
 2.3139970 2.3922746
 2.3165009 2.3914671
 2.3173654 2.3907471
 2.3186386 2.3880987
 2.3203740 2.3847306
 2.3207335 2.3845358
 2.3208554 2.3847306
 2.3215058 2.3880987
 2.3232582 2.3914671
 2.3241019 2.3920000
 2.3274701 2.3924224
 2.3308384 2.3924537
 2.3325403 2.3914671
 2.3342066 2.3907220
 2.3369629 2.3880987
 2.3368630 2.3847306
 2.3342066 2.3824892
 2.3328183 2.3813622
 2.3308384 2.3789272
 2.3302493 2.3779941
 2.3274701 2.3751326
 2.3251388 2.3746257
 2.3241019 2.3742592
 2.3211355 2.3746257
 0.9999999E-12    27
 1.8944391 2.3813622
 1.8935239 2.3847306
 1.8934859 2.3880987
 1.8947358 2.3914671
 1.8963324 2.3931670
 1.8997006 2.3930564
 1.9030689 2.3937676
 1.9064372 2.3934355
 1.9098054 2.3939872
 1.9131737 2.3934677
 1.9165419 2.3938425
 1.9199102 2.3920398
 1.9232785 2.3920469
 1.9238584 2.3914671
 1.9253078 2.3880987
 1.9253176 2.3847306
 1.9240417 2.3813622
 1.9232785 2.3805990
 1.9199102 2.3802822
 1.9165419 2.3789151
 1.9131737 2.3791242
 1.9098054 2.3787799
 1.9064372 2.3791697
 1.9030689 2.3789845
 1.8997006 2.3794966
 1.8963324 2.3800967
 1.8944391 2.3813622
 0.9999999E-12    27
 2.6014853 2.3847306
 2.6002994 2.3861849
 2.5988166 2.3880987
 2.5969312 2.3887122
 2.5935628 2.3892744
 2.5921590 2.3914671
 2.5920775 2.3948355
 2.5921321 2.3982036
 2.5935628 2.4004664
 2.5969312 2.4009840
 2.6000957 2.4015720
 2.6002994 2.4017134
 2.6004968 2.4015720
 2.6036677 2.4004540
 2.6070359 2.3986664
 2.6075404 2.3982036
 2.6093533 2.3948355
 2.6104043 2.3937993
 2.6137724 2.3933356
 2.6160278 2.3914671
 2.6164877 2.3880987
 2.6166136 2.3847306
 2.6137724 2.3818927
 2.6104043 2.3818178
 2.6070359 2.3816981
 2.6036677 2.3830633
 2.6014853 2.3847306
 0.9999999E-12    37
 2.0831118 2.3880987
 2.0815868 2.3892958
 2.0787342 2.3914671
 2.0785420 2.3948355
 2.0815868 2.3980567
 2.0817373 2.3982036
 2.0849552 2.4004200
 2.0883234 2.4007063
 2.0896404 2.4015720
 2.0894437 2.4049401
 2.0899391 2.4083085
 2.0907891 2.4116766
 2.0916917 2.4131973
 2.0950599 2.4143779
 2.0984282 2.4150391
 2.1017964 2.4140301
 2.1051648 2.4128137
 2.1062801 2.4116766
 2.1069517 2.4083085
 2.1051648 2.4050851
 2.1050832 2.4049401
 2.1017964 2.4024236
 2.1014705 2.4015720
 2.1017964 2.3984163
 2.1019330 2.3982036
 2.1017964 2.3980327
 2.0984282 2.3948562
 2.0950599 2.3948815
 2.0950277 2.3948355
 2.0950599 2.3939714
 2.0956395 2.3914671
 2.0950599 2.3903956
 2.0938802 2.3880987
 2.0916917 2.3865747
 2.0883234 2.3872242
 2.0849552 2.3865614
 2.0831118 2.3880987
 0.9999999E-12    13
 2.3686543 2.3914671
 2.3687952 2.3948355
 2.3691170 2.3982036
 2.3712575 2.4002566
 2.3746257 2.4001315
 2.3779941 2.3993564
 2.3787131 2.3982036
 2.3795395 2.3948355
 2.3792691 2.3914671
 2.3779941 2.3893092
 2.3746257 2.3887339
 2.3712575 2.3885558
 2.3686543 2.3914671
 0.9999999E-12    17
 2.4979990 2.3914671
 2.4975293 2.3948355
 2.4982443 2.3982036
 2.4992516 2.3998139
 2.5026197 2.4003460
 2.5059881 2.4012477
 2.5093563 2.3998513
 2.5123713 2.3982036
 2.5127246 2.3976908
 2.5139921 2.3948355
 2.5128424 2.3914671
 2.5127246 2.3913412
 2.5093563 2.3894596
 2.5059881 2.3881586
 2.5026197 2.3889661
 2.4992516 2.3894377
 2.4979990 2.3914671
 0.9999999E-12    19
 2.5236561 2.3914671
 2.5228293 2.3924189
 2.5212278 2.3948355
 2.5228293 2.3968439
 2.5242336 2.3982036
 2.5261977 2.3998561
 2.5295658 2.4000719
 2.5329342 2.4007783
 2.5363023 2.3997524
 2.5394280 2.3982036
 2.5396707 2.3979337
 2.5410824 2.3948355
 2.5398519 2.3914671
 2.5396707 2.3912823
 2.5363023 2.3896484
 2.5329342 2.3886757
 2.5295658 2.3893077
 2.5261977 2.3895133
 2.5236561 2.3914671
 0.9999999E-12    11
 2.4854434 2.4083085
 2.4857464 2.4116766
 2.4857786 2.4117329
 2.4891467 2.4139595
 2.4925151 2.4126320
 2.4932156 2.4116766
 2.4935226 2.4083085
 2.4925151 2.4065177
 2.4891467 2.4052875
 2.4857786 2.4075906
 2.4854434 2.4083085
 0.9999999E-12     9
 2.1395600 2.4150450
 2.1396725 2.4184132
 2.1422155 2.4207110
 2.1455839 2.4204621
 2.1473827 2.4184132
 2.1475387 2.4150450
 2.1455839 2.4123793
 2.1422155 2.4121492
 2.1395600 2.4150450
 0.9999999E-12    35
 2.5468974 2.4150450
 2.5464072 2.4160099
 2.5448501 2.4184132
 2.5430388 2.4189618
 2.5408130 2.4184132
 2.5396707 2.4176099
 2.5386608 2.4184132
 2.5363023 2.4191415
 2.5329342 2.4197876
 2.5317335 2.4217815
 2.5309110 2.4251497
 2.5295658 2.4263394
 2.5261977 2.4269948
 2.5252402 2.4285181
 2.5245440 2.4318862
 2.5250261 2.4352546
 2.5261977 2.4371505
 2.5295658 2.4377208
 2.5329342 2.4377971
 2.5353222 2.4352546
 2.5354414 2.4318862
 2.5363023 2.4307711
 2.5396707 2.4318829
 2.5430388 2.4307575
 2.5464072 2.4305058
 2.5484648 2.4285181
 2.5488029 2.4251497
 2.5497754 2.4225814
 2.5513177 2.4217815
 2.5531437 2.4205043
 2.5544424 2.4184132
 2.5541887 2.4150450
 2.5531437 2.4137235
 2.5497754 2.4128580
 2.5468974 2.4150450
 0.9999999E-12    41
 2.6131265 2.4150450
 2.6111028 2.4184132
 2.6104043 2.4186394
 2.6092329 2.4184132
 2.6070359 2.4170923
 2.6048346 2.4184132
 2.6036677 2.4186325
 2.6025772 2.4184132
 2.6002994 2.4170098
 2.5983119 2.4184132
 2.5969312 2.4187577
 2.5941169 2.4184132
 2.5935628 2.4181135
 2.5932178 2.4184132
 2.5901947 2.4202487
 2.5878839 2.4217815
 2.5872383 2.4251497
 2.5888188 2.4285181
 2.5901947 2.4292762
 2.5935628 2.4317350
 2.5969312 2.4312267
 2.5990868 2.4318862
 2.6002994 2.4328995
 2.6016324 2.4318862
 2.6036677 2.4313891
 2.6057854 2.4318862
 2.6070359 2.4328277
 2.6083148 2.4318862
 2.6104043 2.4314024
 2.6137724 2.4318461
 2.6171408 2.4306157
 2.6205089 2.4286630
 2.6206737 2.4285181
 2.6223390 2.4251497
 2.6237900 2.4217815
 2.6233540 2.4184132
 2.6233723 2.4150450
 2.6205089 2.4119303
 2.6171408 2.4120569
 2.6137724 2.4138246
 2.6131265 2.4150450
 0.9999999E-12    25
 2.3227396 2.4184132
 2.3207335 2.4189813
 2.3173654 2.4200239
 2.3158159 2.4217815
 2.3155260 2.4251497
 2.3173654 2.4279525
 2.3183939 2.4285181
 2.3207335 2.4295797
 2.3241019 2.4302676
 2.3274701 2.4303484
 2.3290341 2.4318862
 2.3306231 2.4352546
 2.3308384 2.4354494
 2.3342066 2.4361312
 2.3357406 2.4352546
 2.3371532 2.4318862
 2.3364861 2.4285181
 2.3342066 2.4270256
 2.3323855 2.4251497
 2.3318238 2.4217815
 2.3308384 2.4199173
 2.3274701 2.4187360
 2.3254831 2.4184132
 2.3241019 2.4177401
 2.3227396 2.4184132
 0.9999999E-12    51
 2.4514940 2.4184132
 2.4487276 2.4194355
 2.4453592 2.4214909
 2.4451246 2.4217815
 2.4444885 2.4251497
 2.4453592 2.4269948
 2.4465306 2.4285181
 2.4453592 2.4312108
 2.4451387 2.4318862
 2.4419911 2.4331269
 2.4386227 2.4323273
 2.4352546 2.4339321
 2.4327085 2.4352546
 2.4318862 2.4362364
 2.4307315 2.4386227
 2.4313431 2.4419911
 2.4318862 2.4426403
 2.4352546 2.4443741
 2.4379001 2.4453592
 2.4386227 2.4471202
 2.4395301 2.4453592
 2.4419911 2.4449625
 2.4435782 2.4453592
 2.4453592 2.4465768
 2.4469354 2.4453592
 2.4487276 2.4448066
 2.4520957 2.4447048
 2.4537411 2.4419911
 2.4540648 2.4386227
 2.4530537 2.4352546
 2.4520957 2.4337192
 2.4487276 2.4334540
 2.4455791 2.4318862
 2.4487276 2.4296737
 2.4520957 2.4308739
 2.4554641 2.4304318
 2.4588323 2.4312992
 2.4622006 2.4286685
 2.4626546 2.4285181
 2.4655688 2.4266398
 2.4662316 2.4251497
 2.4655688 2.4218535
 2.4655573 2.4217815
 2.4622006 2.4194756
 2.4593730 2.4184132
 2.4588323 2.4180155
 2.4582071 2.4184132
 2.4554641 2.4189117
 2.4527740 2.4184132
 2.4520957 2.4179783
 2.4514940 2.4184132
 0.9999999E-12     9
 2.3904572 2.4217815
 2.3900278 2.4251497
 2.3914671 2.4277456
 2.3948355 2.4285004
 2.3981938 2.4251497
 2.3979611 2.4217815
 2.3948355 2.4196725
 2.3914671 2.4205587
 2.3904572 2.4217815
 0.9999999E-12    31
 2.9015589 2.4217815
 2.9000750 2.4230032
 2.8988943 2.4251497
 2.8993034 2.4285181
 2.9000750 2.4294748
 2.9034431 2.4310563
 2.9057760 2.4318862
 2.9068115 2.4325423
 2.9083724 2.4318862
 2.9101796 2.4316595
 2.9112148 2.4318862
 2.9135480 2.4331894
 2.9156754 2.4318862
 2.9169161 2.4315784
 2.9190452 2.4318862
 2.9202845 2.4324806
 2.9210522 2.4318862
 2.9236526 2.4306479
 2.9268451 2.4285181
 2.9270210 2.4265122
 2.9271712 2.4251497
 2.9270210 2.4248109
 2.9236526 2.4221010
 2.9230120 2.4217815
 2.9202845 2.4202621
 2.9169161 2.4201984
 2.9135480 2.4197505
 2.9101796 2.4199615
 2.9068115 2.4201167
 2.9034431 2.4208817
 2.9015589 2.4217815
 0.9999999E-12    61
 2.7467618 2.4285181
 2.7451348 2.4289236
 2.7429955 2.4318862
 2.7432582 2.4352546
 2.7451348 2.4371207
 2.7485030 2.4377756
 2.7518713 2.4378951
 2.7552395 2.4377892
 2.7586079 2.4379179
 2.7617404 2.4386227
 2.7619760 2.4388192
 2.7623663 2.4419911
 2.7640810 2.4453592
 2.7638853 2.4487276
 2.7619760 2.4490058
 2.7586079 2.4496653
 2.7556443 2.4520957
 2.7556989 2.4554641
 2.7556586 2.4588323
 2.7586079 2.4612012
 2.7619760 2.4619336
 2.7641027 2.4622006
 2.7653444 2.4626546
 2.7666295 2.4622006
 2.7687125 2.4620206
 2.7720809 2.4619310
 2.7754490 2.4596856
 2.7766411 2.4588323
 2.7778594 2.4554641
 2.7765691 2.4520957
 2.7754490 2.4513083
 2.7720809 2.4489617
 2.7687125 2.4489341
 2.7667792 2.4487276
 2.7687125 2.4475300
 2.7720809 2.4477131
 2.7754490 2.4459424
 2.7788174 2.4468217
 2.7821856 2.4460900
 2.7839372 2.4453592
 2.7855539 2.4423299
 2.7858298 2.4419911
 2.7866666 2.4386227
 2.7855539 2.4380260
 2.7821856 2.4353316
 2.7815683 2.4352546
 2.7788174 2.4343836
 2.7761164 2.4352546
 2.7754490 2.4354081
 2.7742543 2.4352546
 2.7720809 2.4347982
 2.7687125 2.4346554
 2.7653444 2.4334769
 2.7644687 2.4318862
 2.7619760 2.4288774
 2.7603924 2.4285181
 2.7586079 2.4279416
 2.7552395 2.4280410
 2.7518713 2.4279087
 2.7485030 2.4279897
 2.7467618 2.4285181
 0.9999999E-12    15
 2.8030787 2.4285181
 2.8027215 2.4318862
 2.8025568 2.4352546
 2.8044136 2.4386227
 2.8057635 2.4394665
 2.8091319 2.4389491
 2.8109281 2.4386227
 2.8125000 2.4382379
 2.8139184 2.4352546
 2.8138807 2.4318862
 2.8130622 2.4285181
 2.8125000 2.4279559
 2.8091319 2.4268506
 2.8057635 2.4268816
 2.8030787 2.4285181
 0.9999999E-12     9
 2.7294466 2.4318862
 2.7297382 2.4352546
 2.7316618 2.4371006
 2.7350299 2.4371741
 2.7371235 2.4352546
 2.7374089 2.4318862
 2.7350299 2.4287975
 2.7316618 2.4288435
 2.7294466 2.4318862
 0.9999999E-12    15
 2.7905989 2.4352546
 2.7890565 2.4386227
 2.7891483 2.4419911
 2.7896471 2.4453592
 2.7922904 2.4469178
 2.7956588 2.4469335
 2.7990270 2.4456940
 2.7993617 2.4453592
 2.8002257 2.4419911
 2.8009224 2.4386227
 2.7990270 2.4356742
 2.7980540 2.4352546
 2.7956588 2.4346354
 2.7922904 2.4342511
 2.7905989 2.4352546
 0.9999999E-12    27
 2.8520036 2.4419911
 2.8495510 2.4425161
 2.8461826 2.4425795
 2.8434367 2.4453592
 2.8434772 2.4487276
 2.8428144 2.4502685
 2.8394461 2.4520550
 2.8394003 2.4520957
 2.8376522 2.4554641
 2.8384933 2.4588323
 2.8394461 2.4597607
 2.8428144 2.4603326
 2.8450155 2.4588323
 2.8461826 2.4565589
 2.8467851 2.4554641
 2.8495510 2.4545412
 2.8529191 2.4553843
 2.8562875 2.4542150
 2.8596556 2.4529583
 2.8602076 2.4520957
 2.8607109 2.4487276
 2.8605478 2.4453592
 2.8596556 2.4438815
 2.8562875 2.4427779
 2.8536794 2.4419911
 2.8529191 2.4413974
 2.8520036 2.4419911
 0.9999999E-12    31
 2.1802177 2.4453592
 2.1804998 2.4487276
 2.1826348 2.4506316
 2.1842117 2.4520957
 2.1851280 2.4554641
 2.1860030 2.4585304
 2.1861582 2.4588323
 2.1893713 2.4602377
 2.1927395 2.4609506
 2.1961079 2.4608705
 2.1994760 2.4607780
 2.2028444 2.4604950
 2.2062125 2.4599173
 2.2095809 2.4592569
 2.2104516 2.4588323
 2.2129490 2.4578743
 2.2150245 2.4554641
 2.2149839 2.4520957
 2.2129490 2.4498465
 2.2098353 2.4487276
 2.2095809 2.4486012
 2.2062125 2.4478784
 2.2028444 2.4472208
 2.1994760 2.4469049
 2.1961079 2.4468107
 2.1927395 2.4467022
 2.1893713 2.4468288
 2.1880708 2.4453592
 2.1860030 2.4424729
 2.1826348 2.4423449
 2.1802177 2.4453592
 0.9999999E-12    11
 2.4923100 2.4453592
 2.4923539 2.4487276
 2.4925151 2.4490304
 2.4958832 2.4512711
 2.4992516 2.4497991
 2.4999435 2.4487276
 2.4999754 2.4453592
 2.4992516 2.4442077
 2.4958832 2.4427302
 2.4925151 2.4449661
 2.4923100 2.4453592
 0.9999999E-12    33
 2.0358977 2.4487276
 2.0344312 2.4494050
 2.0311468 2.4520957
 2.0310628 2.4521813
 2.0278821 2.4554641
 2.0276947 2.4555178
 2.0272441 2.4554641
 2.0243263 2.4541366
 2.0227458 2.4554641
 2.0209582 2.4566529
 2.0176997 2.4588323
 2.0175898 2.4601674
 2.0173714 2.4622006
 2.0175898 2.4627342
 2.0209582 2.4654763
 2.0210779 2.4655688
 2.0243263 2.4676480
 2.0276947 2.4678366
 2.0310628 2.4677632
 2.0344312 2.4669716
 2.0369353 2.4655688
 2.0377994 2.4645984
 2.0391378 2.4622006
 2.0411677 2.4599559
 2.0445359 2.4592605
 2.0451670 2.4588323
 2.0470622 2.4554641
 2.0470526 2.4520957
 2.0453289 2.4487276
 2.0445359 2.4481950
 2.0411677 2.4479239
 2.0377994 2.4475088
 2.0358977 2.4487276
 0.9999999E-12    13
 2.2277529 2.4520957
 2.2276936 2.4554641
 2.2297904 2.4578993
 2.2331588 2.4585803
 2.2365270 2.4586222
 2.2398953 2.4579537
 2.2421126 2.4554641
 2.2420576 2.4520957
 2.2398953 2.4498255
 2.2365270 2.4491775
 2.2331588 2.4492168
 2.2297904 2.4498622
 2.2277529 2.4520957
 0.9999999E-12    13
 2.4294980 2.4520957
 2.4295807 2.4554641
 2.4306440 2.4588323
 2.4318862 2.4596467
 2.4352546 2.4600720
 2.4386227 2.4592967
 2.4390872 2.4588323
 2.4403739 2.4554641
 2.4402297 2.4520957
 2.4386227 2.4492559
 2.4352546 2.4490585
 2.4318862 2.4489233
 2.4294980 2.4520957
 0.9999999E-12    23
 2.4522195 2.4588323
 2.4520957 2.4589119
 2.4502177 2.4622006
 2.4487276 2.4637964
 2.4458215 2.4655688
 2.4453592 2.4664752
 2.4442801 2.4689372
 2.4452784 2.4723055
 2.4453592 2.4723961
 2.4487276 2.4744086
 2.4519789 2.4756737
 2.4520957 2.4757695
 2.4522150 2.4756737
 2.4554641 2.4748950
 2.4588323 2.4746456
 2.4602849 2.4723055
 2.4608881 2.4689372
 2.4606752 2.4655688
 2.4602168 2.4622006
 2.4588323 2.4593558
 2.4583530 2.4588323
 2.4554641 2.4572875
 2.4522195 2.4588323
 0.9999999E-12    47
 2.2869587 2.4723055
 2.2870510 2.4725137
 2.2872937 2.4756737
 2.2870510 2.4767416
 2.2854364 2.4790421
 2.2863162 2.4824102
 2.2870510 2.4850488
 2.2871068 2.4857786
 2.2881074 2.4891467
 2.2904191 2.4904776
 2.2936223 2.4925151
 2.2925725 2.4958832
 2.2937875 2.4970982
 2.2971556 2.4983897
 2.3005240 2.4984367
 2.3038921 2.4976964
 2.3057053 2.4958832
 2.3059688 2.4925151
 2.3069372 2.4891467
 2.3070352 2.4857786
 2.3068471 2.4824102
 2.3072605 2.4809179
 2.3073201 2.4824102
 2.3073671 2.4857786
 2.3082569 2.4891467
 2.3106287 2.4905717
 2.3139970 2.4903951
 2.3173654 2.4894626
 2.3176811 2.4891467
 2.3189085 2.4857786
 2.3191381 2.4824102
 2.3188829 2.4790421
 2.3173654 2.4767940
 2.3167503 2.4756737
 2.3139970 2.4723525
 2.3106287 2.4726257
 2.3086913 2.4756737
 2.3072605 2.4786286
 2.3038921 2.4786749
 2.3005240 2.4775567
 2.2982807 2.4756737
 2.2981133 2.4723055
 2.2971556 2.4713478
 2.2937875 2.4701157
 2.2904191 2.4702082
 2.2870510 2.4722130
 2.2869587 2.4723055
 0.9999999E-12     9
 1.6783781 2.4756737
 1.6788059 2.4790421
 1.6807635 2.4807222
 1.6841317 2.4806077
 1.6858152 2.4790421
 1.6862656 2.4756737
 1.6841317 2.4725132
 1.6807635 2.4724228
 1.6783781 2.4756737
 0.9999999E-12    15
 2.3351424 2.4790421
 2.3344359 2.4824102
 2.3344150 2.4857786
 2.3352597 2.4891467
 2.3375750 2.4906018
 2.3409431 2.4904263
 2.3443115 2.4896939
 2.3448586 2.4891467
 2.3460433 2.4857786
 2.3460417 2.4824102
 2.3449342 2.4790421
 2.3443115 2.4784191
 2.3409431 2.4776583
 2.3375750 2.4775207
 2.3351424 2.4790421
 0.9999999E-12    23
 2.6114380 2.4790421
 2.6104043 2.4793990
 2.6070359 2.4802365
 2.6058471 2.4824102
 2.6057930 2.4857786
 2.6067002 2.4891467
 2.6070359 2.4894824
 2.6104043 2.4907148
 2.6137724 2.4914842
 2.6171408 2.4915271
 2.6205089 2.4913943
 2.6238773 2.4906886
 2.6266847 2.4891467
 2.6272454 2.4886396
 2.6289997 2.4857786
 2.6286569 2.4824102
 2.6272454 2.4808378
 2.6238773 2.4794965
 2.6227734 2.4790421
 2.6205089 2.4777009
 2.6171408 2.4786682
 2.6137724 2.4774201
 2.6114380 2.4790421
 0.9999999E-12    21
 2.0971816 2.4925151
 2.0950599 2.4930222
 2.0916917 2.4925661
 2.0883234 2.4941065
 2.0856960 2.4958832
 2.0852597 2.4992516
 2.0872841 2.5026197
 2.0883234 2.5031383
 2.0916917 2.5052924
 2.0950599 2.5048285
 2.0984282 2.5059187
 2.1017964 2.5049884
 2.1051648 2.5048077
 2.1076031 2.5026197
 2.1078091 2.4992516
 2.1079760 2.4958832
 2.1051648 2.4929659
 2.1017964 2.4929109
 2.0998359 2.4925151
 2.0984282 2.4916859
 2.0971816 2.4925151
 0.9999999E-12    37
 2.1776633 2.4925151
 2.1758983 2.4927840
 2.1725299 2.4938064
 2.1712594 2.4958832
 2.1707327 2.4992516
 2.1691618 2.5001683
 2.1657934 2.5002062
 2.1624253 2.5018890
 2.1612835 2.5026197
 2.1598027 2.5059881
 2.1605356 2.5093563
 2.1624253 2.5107148
 2.1657934 2.5121219
 2.1691618 2.5121224
 2.1725299 2.5120280
 2.1754940 2.5093563
 2.1756454 2.5059881
 2.1758983 2.5056653
 2.1792665 2.5058851
 2.1826348 2.5053372
 2.1860030 2.5055101
 2.1893713 2.5051835
 2.1927395 2.5054665
 2.1961079 2.5051951
 2.1994760 2.5047038
 2.2021985 2.5026197
 2.2023902 2.4992516
 2.2025299 2.4958832
 2.1994760 2.4931772
 2.1961079 2.4928136
 2.1927395 2.4925880
 2.1893713 2.4928272
 2.1860030 2.4925451
 2.1826348 2.4926851
 2.1813898 2.4925151
 2.1792665 2.4917283
 2.1776633 2.4925151
 0.9999999E-12    23
 2.2402000 2.5026197
 2.2402215 2.5059881
 2.2400002 2.5093563
 2.2432635 2.5121038
 2.2449491 2.5127246
 2.2458761 2.5160928
 2.2466319 2.5176883
 2.2483823 2.5194612
 2.2500000 2.5202324
 2.2533684 2.5201259
 2.2550528 2.5194612
 2.2567365 2.5182807
 2.2577906 2.5160928
 2.2573109 2.5127246
 2.2571943 2.5093563
 2.2567365 2.5088985
 2.2533684 2.5073898
 2.2500000 2.5063827
 2.2497704 2.5059881
 2.2498145 2.5026197
 2.2466319 2.5003793
 2.2432635 2.5003552
 2.2402000 2.5026197
 0.9999999E-12    25
 2.0372183 2.5093563
 2.0361736 2.5127246
 2.0363383 2.5160928
 2.0377994 2.5186543
 2.0411677 2.5190327
 2.0426736 2.5194612
 2.0445359 2.5207603
 2.0468371 2.5194612
 2.0479043 2.5192301
 2.0489919 2.5194612
 2.0512724 2.5207379
 2.0535696 2.5194612
 2.0546408 2.5192325
 2.0580089 2.5192232
 2.0606163 2.5160928
 2.0604870 2.5127246
 2.0598195 2.5093563
 2.0580089 2.5081818
 2.0546408 2.5073960
 2.0512724 2.5072377
 2.0479043 2.5073848
 2.0445359 2.5072265
 2.0411677 2.5077665
 2.0377994 2.5087752
 2.0372183 2.5093563
 0.9999999E-12    21
 2.1773155 2.5228293
 2.1758983 2.5230381
 2.1725299 2.5229473
 2.1691618 2.5242038
 2.1667421 2.5261977
 2.1664727 2.5295658
 2.1691589 2.5329342
 2.1691618 2.5329356
 2.1725299 2.5345218
 2.1758983 2.5348692
 2.1792665 2.5351026
 2.1826348 2.5350642
 2.1860030 2.5345044
 2.1886041 2.5329342
 2.1889381 2.5295658
 2.1891241 2.5261977
 2.1860030 2.5231185
 2.1826348 2.5228734
 2.1821671 2.5228293
 2.1792665 2.5220473
 2.1773155 2.5228293
 0.9999999E-12    19
 2.2037258 2.5228293
 2.2028444 2.5228577
 2.1994760 2.5239325
 2.1981995 2.5261977
 2.1987457 2.5295658
 2.1985977 2.5329342
 2.1994760 2.5338125
 2.2028444 2.5351732
 2.2062125 2.5351286
 2.2095809 2.5334139
 2.2100606 2.5329342
 2.2095809 2.5314457
 2.2094722 2.5295658
 2.2095809 2.5282142
 2.2103834 2.5261977
 2.2095809 2.5248325
 2.2068677 2.5228293
 2.2062125 2.5224934
 2.2037258 2.5228293
 0.9999999E-12    29
 2.3891218 2.5228293
 2.3880987 2.5231698
 2.3847306 2.5234051
 2.3820662 2.5261977
 2.3821747 2.5295658
 2.3824112 2.5329342
 2.3847306 2.5350738
 2.3880987 2.5355015
 2.3902032 2.5363023
 2.3914671 2.5374029
 2.3927810 2.5363023
 2.3948355 2.5358300
 2.3966241 2.5363023
 2.3982036 2.5376537
 2.3996539 2.5363023
 2.4015720 2.5354340
 2.4049401 2.5353382
 2.4071865 2.5329342
 2.4069805 2.5295658
 2.4074056 2.5261977
 2.4049401 2.5232277
 2.4015720 2.5232546
 2.4004223 2.5228293
 2.3982036 2.5210094
 2.3954320 2.5228293
 2.3948355 2.5229475
 2.3941407 2.5228293
 2.3914671 2.5211678
 2.3891218 2.5228293
 0.9999999E-12    43
 2.4174407 2.5228293
 2.4150450 2.5234253
 2.4116766 2.5234940
 2.4091458 2.5261977
 2.4092362 2.5295658
 2.4094651 2.5329342
 2.4116766 2.5350513
 2.4150450 2.5352659
 2.4183638 2.5363023
 2.4184132 2.5363469
 2.4184611 2.5363023
 2.4217815 2.5351288
 2.4251497 2.5356908
 2.4285181 2.5347579
 2.4298258 2.5363023
 2.4285181 2.5378146
 2.4251497 2.5376194
 2.4236736 2.5396707
 2.4226804 2.5430388
 2.4225733 2.5464072
 2.4251497 2.5496445
 2.4285181 2.5495725
 2.4302545 2.5497754
 2.4318862 2.5504055
 2.4327328 2.5497754
 2.4352546 2.5486104
 2.4382732 2.5464072
 2.4386227 2.5450480
 2.4392347 2.5430388
 2.4394419 2.5396707
 2.4396174 2.5363023
 2.4402819 2.5329342
 2.4403703 2.5295658
 2.4397502 2.5261977
 2.4386227 2.5243540
 2.4352546 2.5236855
 2.4318862 2.5228994
 2.4285181 2.5241435
 2.4251497 2.5229883
 2.4217815 2.5235391
 2.4193168 2.5228293
 2.4184132 2.5221198
 2.4174407 2.5228293
 0.9999999E-12    37
 2.7670257 2.5396707
 2.7653444 2.5399485
 2.7620325 2.5430388
 2.7621453 2.5464072
 2.7628851 2.5497754
 2.7653444 2.5510497
 2.7687125 2.5517123
 2.7720809 2.5516870
 2.7754490 2.5519159
 2.7788174 2.5520794
 2.7821856 2.5520916
 2.7855539 2.5519097
 2.7889221 2.5524299
 2.7892442 2.5531437
 2.7892203 2.5565121
 2.7922904 2.5587690
 2.7956588 2.5591192
 2.7990270 2.5586474
 2.8023953 2.5571337
 2.8032248 2.5565121
 2.8046713 2.5531437
 2.8036616 2.5497754
 2.8023953 2.5487866
 2.7990270 2.5473950
 2.7956588 2.5469892
 2.7927985 2.5464072
 2.7922904 2.5451276
 2.7921245 2.5430388
 2.7889221 2.5400181
 2.7874000 2.5396707
 2.7855539 2.5388074
 2.7821856 2.5385036
 2.7788174 2.5385439
 2.7754490 2.5386577
 2.7720809 2.5392404
 2.7687125 2.5390010
 2.7670257 2.5396707
 0.9999999E-12    23
 1.9766830 2.5464072
 1.9752448 2.5497754
 1.9753650 2.5531437
 1.9771707 2.5563042
 1.9805390 2.5562980
 1.9809855 2.5565121
 1.9839072 2.5586619
 1.9872755 2.5578992
 1.9906437 2.5584416
 1.9937251 2.5565121
 1.9940120 2.5563273
 1.9973803 2.5540104
 1.9979926 2.5531437
 1.9982195 2.5497754
 1.9973803 2.5483186
 1.9959060 2.5464072
 1.9940120 2.5452738
 1.9906437 2.5441704
 1.9872755 2.5440924
 1.9839072 2.5440001
 1.9805390 2.5454235
 1.9771707 2.5459197
 1.9766830 2.5464072
 0.9999999E-12    27
 1.8463018 2.5531437
 1.8458084 2.5549366
 1.8452032 2.5565121
 1.8458084 2.5578573
 1.8459508 2.5598803
 1.8458084 2.5618324
 1.8451588 2.5632486
 1.8458084 2.5638981
 1.8491766 2.5656409
 1.8525449 2.5659013
 1.8534045 2.5666168
 1.8536668 2.5699852
 1.8559132 2.5721090
 1.8592814 2.5719750
 1.8626497 2.5710189
 1.8632982 2.5699852
 1.8640076 2.5666168
 1.8637639 2.5632486
 1.8626497 2.5613761
 1.8592814 2.5605743
 1.8587476 2.5598803
 1.8584177 2.5565121
 1.8575069 2.5531437
 1.8559132 2.5515501
 1.8525449 2.5516272
 1.8491766 2.5511487
 1.8463018 2.5531437
 0.9999999E-12    33
 2.3570483 2.5531437
 2.3544984 2.5565121
 2.3545547 2.5598803
 2.3544161 2.5600493
 2.3519032 2.5598803
 2.3510480 2.5596387
 2.3506901 2.5598803
 2.3476796 2.5608833
 2.3443115 2.5625336
 2.3435369 2.5632486
 2.3424482 2.5666168
 2.3439269 2.5699852
 2.3443115 2.5703225
 2.3476796 2.5721831
 2.3510480 2.5733094
 2.3544161 2.5727043
 2.3577845 2.5720828
 2.3591435 2.5699852
 2.3592095 2.5666168
 2.3611526 2.5655866
 2.3645210 2.5655046
 2.3678892 2.5647542
 2.3711576 2.5632486
 2.3712575 2.5629432
 2.3719268 2.5598803
 2.3720028 2.5565121
 2.3712575 2.5551667
 2.3678892 2.5536540
 2.3663993 2.5531437
 2.3645210 2.5518351
 2.3611526 2.5531192
 2.3577845 2.5526414
 2.3570483 2.5531437
 0.9999999E-12    25
 2.0379512 2.5565121
 2.0377994 2.5568366
 2.0364676 2.5598803
 2.0359359 2.5632486
 2.0361071 2.5666168
 2.0369077 2.5699852
 2.0377994 2.5714145
 2.0411677 2.5719907
 2.0436976 2.5733533
 2.0445359 2.5741684
 2.0454059 2.5733533
 2.0479043 2.5726013
 2.0512724 2.5730479
 2.0544145 2.5699852
 2.0540397 2.5666168
 2.0544779 2.5632486
 2.0517566 2.5598803
 2.0512724 2.5594785
 2.0503099 2.5598803
 2.0479043 2.5600722
 2.0474741 2.5598803
 2.0456417 2.5565121
 2.0445359 2.5550461
 2.0411677 2.5541525
 2.0379512 2.5565121
 0.9999999E-12    39
 2.1869528 2.5565121
 2.1864817 2.5598803
 2.1861522 2.5632486
 2.1860030 2.5642283
 2.1853526 2.5666168
 2.1826348 2.5674138
 2.1792665 2.5669670
 2.1758983 2.5676115
 2.1725299 2.5676212
 2.1691618 2.5693886
 2.1682086 2.5699852
 2.1665480 2.5733533
 2.1658239 2.5767217
 2.1662197 2.5800898
 2.1667836 2.5834582
 2.1691618 2.5855021
 2.1725299 2.5851958
 2.1741290 2.5834582
 2.1753483 2.5800898
 2.1758983 2.5797248
 2.1792665 2.5800724
 2.1826348 2.5796580
 2.1860030 2.5800452
 2.1893713 2.5796666
 2.1927395 2.5793798
 2.1956861 2.5767217
 2.1957443 2.5733533
 2.1961079 2.5724270
 2.1994760 2.5700204
 2.1995208 2.5699852
 2.2014883 2.5666168
 2.2006874 2.5632486
 2.1994760 2.5621650
 2.1961079 2.5607305
 2.1954472 2.5598803
 2.1946464 2.5565121
 2.1927395 2.5544884
 2.1893713 2.5543172
 2.1869528 2.5565121
 0.9999999E-12    11
 2.2874739 2.5565121
 2.2875640 2.5598803
 2.2885218 2.5632486
 2.2904191 2.5643613
 2.2937875 2.5644429
 2.2961364 2.5632486
 2.2969921 2.5598803
 2.2971153 2.5565121
 2.2937875 2.5535715
 2.2904191 2.5535102
 2.2874739 2.5565121
 0.9999999E-12    17
 2.3227987 2.5565121
 2.3223364 2.5598803
 2.3241019 2.5625231
 2.3254108 2.5632486
 2.3274701 2.5641975
 2.3308384 2.5648625
 2.3342066 2.5645535
 2.3369303 2.5632486
 2.3375750 2.5601051
 2.3376136 2.5598803
 2.3378718 2.5565121
 2.3375750 2.5559559
 2.3342066 2.5536451
 2.3308384 2.5531490
 2.3274701 2.5539451
 2.3241019 2.5551386
 2.3227987 2.5565121
 0.9999999E-12    25
 2.4649425 2.5565121
 2.4636488 2.5598803
 2.4622006 2.5613940
 2.4588532 2.5632486
 2.4588323 2.5632815
 2.4574268 2.5666168
 2.4585285 2.5699852
 2.4588323 2.5703039
 2.4622006 2.5717764
 2.4655688 2.5723972
 2.4689372 2.5714591
 2.4716635 2.5699852
 2.4723055 2.5692778
 2.4736276 2.5666168
 2.4756737 2.5637934
 2.4770062 2.5632486
 2.4790421 2.5608780
 2.4794106 2.5598803
 2.4790421 2.5579028
 2.4787838 2.5565121
 2.4756737 2.5546601
 2.4723055 2.5537870
 2.4689372 2.5543895
 2.4655688 2.5557852
 2.4649425 2.5565121
 0.9999999E-12    31
 1.9286618 2.5598803
 1.9266467 2.5608394
 1.9232785 2.5628560
 1.9229382 2.5632486
 1.9221472 2.5666168
 1.9232785 2.5690806
 1.9237860 2.5699852
 1.9266467 2.5717020
 1.9296926 2.5733533
 1.9300150 2.5736704
 1.9303401 2.5733533
 1.9333832 2.5726004
 1.9354321 2.5733533
 1.9367515 2.5746512
 1.9380612 2.5733533
 1.9401197 2.5724154
 1.9434880 2.5728445
 1.9452871 2.5699852
 1.9458889 2.5666168
 1.9456248 2.5632486
 1.9436477 2.5598803
 1.9434880 2.5597205
 1.9432383 2.5598803
 1.9401197 2.5602643
 1.9389433 2.5598803
 1.9367515 2.5580730
 1.9343318 2.5598803
 1.9333832 2.5601311
 1.9317304 2.5598803
 1.9300150 2.5588019
 1.9286618 2.5598803
 0.9999999E-12    43
 2.0644634 2.5598803
 2.0613773 2.5605578
 2.0580089 2.5611794
 2.0552456 2.5632486
 2.0563817 2.5666168
 2.0555842 2.5699852
 2.0580089 2.5712287
 2.0613773 2.5719924
 2.0626371 2.5733533
 2.0636253 2.5767217
 2.0647454 2.5785506
 2.0681138 2.5792549
 2.0706668 2.5800898
 2.0714819 2.5807765
 2.0723896 2.5800898
 2.0748503 2.5794659
 2.0782187 2.5800331
 2.0815868 2.5788486
 2.0843635 2.5800898
 2.0849552 2.5805724
 2.0856810 2.5800898
 2.0883234 2.5796795
 2.0916317 2.5800898
 2.0916917 2.5801268
 2.0917363 2.5800898
 2.0950270 2.5767217
 2.0945466 2.5733533
 2.0950134 2.5699852
 2.0916917 2.5668504
 2.0883234 2.5672686
 2.0849917 2.5666168
 2.0849552 2.5665874
 2.0849223 2.5666168
 2.0815868 2.5682080
 2.0782187 2.5669315
 2.0748503 2.5673938
 2.0738413 2.5666168
 2.0722835 2.5632486
 2.0714819 2.5623794
 2.0681138 2.5609663
 2.0650263 2.5598803
 2.0647454 2.5596750
 2.0644634 2.5598803
 0.9999999E-12   109
 2.0111623 2.5632486
 2.0108533 2.5639117
 2.0098820 2.5666168
 2.0097497 2.5699852
 2.0098903 2.5733533
 2.0074852 2.5745316
 2.0041168 2.5750635
 2.0024586 2.5767217
 2.0017254 2.5800898
 2.0018651 2.5834582
 2.0034280 2.5868263
 2.0010328 2.5901947
 2.0007486 2.5903015
 2.0001915 2.5901947
 1.9973803 2.5885241
 1.9949924 2.5901947
 1.9940120 2.5905149
 1.9926718 2.5901947
 1.9906437 2.5889168
 1.9884366 2.5901947
 1.9872755 2.5904405
 1.9864748 2.5901947
 1.9839072 2.5884848
 1.9812423 2.5901947
 1.9805390 2.5903435
 1.9795104 2.5901947
 1.9771707 2.5889068
 1.9756829 2.5901947
 1.9738024 2.5914948
 1.9704342 2.5933475
 1.9702677 2.5935628
 1.9697376 2.5969312
 1.9704342 2.5984197
 1.9738024 2.6002693
 1.9738388 2.6002994
 1.9771707 2.6024277
 1.9805390 2.6025994
 1.9839072 2.6026843
 1.9872755 2.6023998
 1.9906437 2.6024270
 1.9940120 2.6022692
 1.9973803 2.6026595
 2.0007486 2.6026597
 2.0041168 2.6030276
 2.0074852 2.6030474
 2.0108533 2.6029618
 2.0142217 2.6025794
 2.0150533 2.6036677
 2.0149994 2.6070359
 2.0150528 2.6104043
 2.0151284 2.6137724
 2.0153174 2.6171408
 2.0159738 2.6205089
 2.0175898 2.6235003
 2.0209582 2.6236968
 2.0211790 2.6238773
 2.0217712 2.6272454
 2.0209582 2.6287446
 2.0175898 2.6282225
 2.0142217 2.6290150
 2.0114298 2.6306138
 2.0108533 2.6331439
 2.0106781 2.6339822
 2.0108533 2.6344714
 2.0130906 2.6373503
 2.0142217 2.6378269
 2.0175898 2.6389725
 2.0209582 2.6383595
 2.0243263 2.6390116
 2.0276947 2.6384237
 2.0301309 2.6373503
 2.0310628 2.6365023
 2.0322359 2.6339822
 2.0343242 2.6306138
 2.0339034 2.6272454
 2.0341938 2.6238773
 2.0337293 2.6205089
 2.0321133 2.6171408
 2.0310628 2.6154225
 2.0300174 2.6137724
 2.0276947 2.6120803
 2.0271561 2.6104043
 2.0276947 2.6085386
 2.0290647 2.6070359
 2.0276947 2.6056294
 2.0271084 2.6036677
 2.0276947 2.6026082
 2.0306704 2.6002994
 2.0310628 2.5990763
 2.0322006 2.5969312
 2.0316706 2.5935628
 2.0310628 2.5928195
 2.0281551 2.5901947
 2.0276947 2.5894275
 2.0274501 2.5868263
 2.0276947 2.5835342
 2.0277190 2.5834582
 2.0276947 2.5834301
 2.0266905 2.5800898
 2.0259647 2.5767217
 2.0243263 2.5756512
 2.0209582 2.5745046
 2.0191622 2.5733533
 2.0197403 2.5699852
 2.0191762 2.5666168
 2.0180399 2.5632486
 2.0175898 2.5627325
 2.0142217 2.5614588
 2.0111623 2.5632486
 0.9999999E-12    19
 2.6663833 2.5632486
 2.6658828 2.5666168
 2.6658845 2.5699852
 2.6676648 2.5731504
 2.6710329 2.5731812
 2.6721625 2.5733533
 2.6744013 2.5745351
 2.6763427 2.5733533
 2.6777694 2.5727811
 2.6811378 2.5714052
 2.6824281 2.5699852
 2.6828637 2.5666168
 2.6811378 2.5637670
 2.6805949 2.5632486
 2.6777694 2.5616777
 2.6744013 2.5609877
 2.6710329 2.5610230
 2.6676648 2.5619671
 2.6663833 2.5632486
 0.9999999E-12    65
 1.9105537 2.5699852
 1.9098054 2.5705378
 1.9086046 2.5733533
 1.9064372 2.5748069
 1.9030689 2.5744097
 1.8997006 2.5744202
 1.8963324 2.5743628
 1.8929641 2.5746765
 1.8895959 2.5756474
 1.8879465 2.5767217
 1.8871778 2.5800898
 1.8862339 2.5834582
 1.8862276 2.5834649
 1.8828593 2.5850925
 1.8816527 2.5868263
 1.8810115 2.5901947
 1.8808244 2.5935628
 1.8811501 2.5969312
 1.8806922 2.6002994
 1.8814774 2.6036677
 1.8828593 2.6068668
 1.8829738 2.6070359
 1.8862276 2.6088145
 1.8895959 2.6101480
 1.8929641 2.6092920
 1.8963324 2.6086690
 1.8973539 2.6070359
 1.8979770 2.6036677
 1.8997006 2.6019716
 1.9030689 2.6010096
 1.9037789 2.6002994
 1.9047972 2.5969312
 1.9045832 2.5935628
 1.9030689 2.5909481
 1.8997006 2.5906498
 1.8963324 2.5904562
 1.8937759 2.5935628
 1.8936760 2.5969312
 1.8929641 2.5976529
 1.8913928 2.5969312
 1.8909329 2.5935628
 1.8904440 2.5901947
 1.8923612 2.5868263
 1.8929641 2.5866923
 1.8934345 2.5868263
 1.8963324 2.5898349
 1.8995758 2.5868263
 1.8997006 2.5868039
 1.8998332 2.5868263
 1.9030689 2.5895541
 1.9054713 2.5868263
 1.9064372 2.5864909
 1.9087133 2.5868263
 1.9098054 2.5873721
 1.9104937 2.5868263
 1.9131737 2.5855343
 1.9162982 2.5834582
 1.9165419 2.5826983
 1.9173661 2.5800898
 1.9175069 2.5767217
 1.9167060 2.5733533
 1.9165419 2.5728190
 1.9151325 2.5699852
 1.9131737 2.5690475
 1.9105537 2.5699852
 0.9999999E-12    23
 2.1460125 2.5767217
 2.1455839 2.5778532
 2.1450698 2.5800898
 2.1422155 2.5823913
 2.1388474 2.5831647
 2.1385539 2.5834582
 2.1372569 2.5868263
 2.1372738 2.5901947
 2.1383088 2.5935628
 2.1388474 2.5941014
 2.1422155 2.5950253
 2.1455839 2.5951009
 2.1480930 2.5935628
 2.1487117 2.5901947
 2.1489520 2.5886848
 2.1514971 2.5868263
 2.1523204 2.5866230
 2.1551752 2.5834582
 2.1550725 2.5800898
 2.1541944 2.5767217
 2.1523204 2.5755715
 2.1489520 2.5754261
 2.1460125 2.5767217
 0.9999999E-12    63
 2.3075821 2.5767217
 2.3074145 2.5800898
 2.3072605 2.5806065
 2.3038921 2.5819106
 2.3005240 2.5819836
 2.2971556 2.5817313
 2.2937875 2.5822020
 2.2904460 2.5834582
 2.2904191 2.5834639
 2.2873361 2.5868263
 2.2870510 2.5880637
 2.2836826 2.5892560
 2.2803144 2.5900049
 2.2793202 2.5901947
 2.2769461 2.5903592
 2.2735779 2.5908098
 2.2712889 2.5901947
 2.2702096 2.5876188
 2.2701566 2.5868263
 2.2669470 2.5834582
 2.2668414 2.5834122
 2.2634730 2.5833197
 2.2631879 2.5834582
 2.2602477 2.5868263
 2.2603173 2.5901947
 2.2615404 2.5935628
 2.2634730 2.5945749
 2.2668414 2.5954449
 2.2679067 2.5969312
 2.2700458 2.6002994
 2.2702096 2.6004164
 2.2735779 2.6022196
 2.2769461 2.6027989
 2.2803144 2.6031313
 2.2836826 2.6034513
 2.2870510 2.6029451
 2.2904191 2.6015673
 2.2913239 2.6002994
 2.2909298 2.5969312
 2.2937875 2.5954852
 2.2971556 2.5957439
 2.3005240 2.5956833
 2.3038921 2.5955875
 2.3072605 2.5952628
 2.3106287 2.5954216
 2.3139970 2.5953255
 2.3173654 2.5954540
 2.3207335 2.5950449
 2.3241019 2.5947628
 2.3263974 2.5935628
 2.3274701 2.5930939
 2.3300917 2.5901947
 2.3299749 2.5868263
 2.3274701 2.5845389
 2.3247139 2.5834582
 2.3241019 2.5830793
 2.3207335 2.5831828
 2.3184540 2.5800898
 2.3178251 2.5767217
 2.3173654 2.5762618
 2.3139970 2.5749497
 2.3106287 2.5749609
 2.3075821 2.5767217
 0.9999999E-12    15
 2.4032459 2.5767217
 2.4015720 2.5769174
 2.3982036 2.5777757
 2.3965940 2.5800898
 2.3966668 2.5834582
 2.3982036 2.5854490
 2.4015720 2.5862796
 2.4049401 2.5867589
 2.4083085 2.5859702
 2.4112787 2.5834582
 2.4113283 2.5800898
 2.4083085 2.5773025
 2.4057734 2.5767217
 2.4049401 2.5763631
 2.4032459 2.5767217
 0.9999999E-12    37
 1.9271954 2.5834582
 1.9266467 2.5836506
 1.9232785 2.5852778
 1.9222584 2.5868263
 1.9222335 2.5901947
 1.9232785 2.5918241
 1.9266467 2.5934711
 1.9269092 2.5935628
 1.9300150 2.5949535
 1.9333832 2.5949254
 1.9367515 2.5957260
 1.9401197 2.5954459
 1.9412591 2.5969312
 1.9419101 2.6002994
 1.9434880 2.6013336
 1.9468563 2.6022985
 1.9502245 2.6024504
 1.9535928 2.6019478
 1.9569612 2.6011846
 1.9578463 2.6002994
 1.9589534 2.5969312
 1.9586860 2.5935628
 1.9569612 2.5907094
 1.9535928 2.5906661
 1.9520165 2.5901947
 1.9502245 2.5888755
 1.9481355 2.5901947
 1.9468563 2.5904994
 1.9464862 2.5901947
 1.9458412 2.5868263
 1.9446963 2.5834582
 1.9434880 2.5822499
 1.9401197 2.5822599
 1.9367515 2.5813317
 1.9333832 2.5822477
 1.9300150 2.5821300
 1.9271954 2.5834582
 0.9999999E-12     5
 2.0079014 2.5868263
 2.0074852 2.5882485
 2.0059144 2.5868263
 2.0074852 2.5867066
 2.0079014 2.5868263
 0.9999999E-12    27
 1.7934029 2.5901947
 1.7919161 2.5921798
 1.7910585 2.5935628
 1.7919161 2.5950143
 1.7921164 2.5969312
 1.7919161 2.5989890
 1.7911644 2.6002994
 1.7919161 2.6010513
 1.7952845 2.6026978
 1.7986528 2.6029897
 1.8002021 2.6036677
 1.8015115 2.6070359
 1.8020210 2.6075060
 1.8053893 2.6081290
 1.8071684 2.6070359
 1.8082650 2.6036677
 1.8087575 2.6013184
 1.8091880 2.6002994
 1.8087575 2.5983102
 1.8085920 2.5969312
 1.8079280 2.5935628
 1.8053893 2.5916378
 1.8034985 2.5901947
 1.8020210 2.5889556
 1.7986528 2.5897219
 1.7952845 2.5889051
 1.7934029 2.5901947
 0.9999999E-12     5
 2.0143266 2.5901947
 2.0142217 2.5903089
 2.0139527 2.5901947
 2.0142217 2.5879188
 2.0143266 2.5901947
 0.9999999E-12    25
 2.1104071 2.5901947
 2.1085329 2.5906894
 2.1051648 2.5917990
 2.1041770 2.5935628
 2.1041186 2.5969312
 2.1049507 2.6002994
 2.1051648 2.6005135
 2.1085329 2.6019082
 2.1119013 2.6024098
 2.1152694 2.6023157
 2.1186378 2.6024053
 2.1220059 2.6023190
 2.1253743 2.6016252
 2.1274605 2.6002994
 2.1280165 2.5969312
 2.1281488 2.5935628
 2.1253743 2.5905404
 2.1220059 2.5904438
 2.1205997 2.5901947
 2.1186378 2.5892420
 2.1166961 2.5901947
 2.1152694 2.5904484
 2.1138811 2.5901947
 2.1119013 2.5892098
 2.1104071 2.5901947
 0.9999999E-12    31
 2.4570072 2.5901947
 2.4554641 2.5906103
 2.4520957 2.5902824
 2.4489830 2.5935628
 2.4492669 2.5969312
 2.4487276 2.5976408
 2.4453592 2.5973954
 2.4423389 2.6002994
 2.4426124 2.6036677
 2.4422221 2.6070359
 2.4452538 2.6104043
 2.4453592 2.6104906
 2.4455004 2.6104043
 2.4487276 2.6099827
 2.4520957 2.6100528
 2.4538972 2.6070359
 2.4545550 2.6036677
 2.4554641 2.6030359
 2.4575119 2.6036677
 2.4588323 2.6048517
 2.4601004 2.6036677
 2.4622006 2.6028597
 2.4655688 2.6029336
 2.4674916 2.6002994
 2.4676950 2.5969312
 2.4676204 2.5935628
 2.4655688 2.5906394
 2.4622006 2.5907743
 2.4605041 2.5901947
 2.4588323 2.5887413
 2.4570072 2.5901947
 0.9999999E-12    17
 1.8345125 2.5935628
 1.8335296 2.5969312
 1.8324088 2.6002994
 1.8331383 2.6036677
 1.8331205 2.6070359
 1.8357036 2.6095135
 1.8390719 2.6093593
 1.8424401 2.6083379
 1.8432527 2.6070359
 1.8436644 2.6036677
 1.8440529 2.6002994
 1.8432184 2.5969312
 1.8424401 2.5950911
 1.8418107 2.5935628
 1.8390719 2.5915794
 1.8357036 2.5922191
 1.8345125 2.5935628
 0.9999999E-12    15
 2.4724562 2.5935628
 2.4723055 2.5937989
 2.4711530 2.5969312
 2.4723055 2.5995944
 2.4729397 2.6002994
 2.4756737 2.6015809
 2.4790421 2.6021008
 2.4824102 2.6011550
 2.4841394 2.6002994
 2.4857411 2.5969312
 2.4846890 2.5935628
 2.4824102 2.5923226
 2.4790421 2.5914752
 2.4756737 2.5919566
 2.4724562 2.5935628
 0.9999999E-12    33
 2.0841422 2.6036677
 2.0815868 2.6043565
 2.0782187 2.6038640
 2.0762355 2.6070359
 2.0758469 2.6104043
 2.0759408 2.6137724
 2.0774660 2.6171408
 2.0782187 2.6178935
 2.0800092 2.6171408
 2.0815868 2.6170228
 2.0818939 2.6171408
 2.0828121 2.6205089
 2.0826352 2.6238773
 2.0829306 2.6272454
 2.0837300 2.6306138
 2.0849552 2.6318388
 2.0883234 2.6325560
 2.0916917 2.6324217
 2.0945168 2.6306138
 2.0946324 2.6272454
 2.0950599 2.6243787
 2.0953865 2.6238773
 2.0950599 2.6222179
 2.0949576 2.6205089
 2.0944564 2.6171408
 2.0946324 2.6137724
 2.0932777 2.6104043
 2.0916917 2.6074908
 2.0913868 2.6070359
 2.0883234 2.6050417
 2.0857580 2.6036677
 2.0849552 2.6029327
 2.0841422 2.6036677
 0.9999999E-12    65
 1.8981603 2.6137724
 1.8963324 2.6153405
 1.8952159 2.6171408
 1.8953853 2.6205089
 1.8963324 2.6218147
 1.8997006 2.6236489
 1.9001291 2.6238773
 1.9019048 2.6272454
 1.8997006 2.6276169
 1.8976728 2.6272454
 1.8963324 2.6257730
 1.8951455 2.6272454
 1.8929641 2.6282599
 1.8895959 2.6301534
 1.8891810 2.6306138
 1.8883097 2.6339822
 1.8895959 2.6366570
 1.8900362 2.6373503
 1.8929641 2.6391006
 1.8961068 2.6407187
 1.8963324 2.6409345
 1.8965591 2.6407187
 1.8997006 2.6398747
 1.9029963 2.6407187
 1.9030689 2.6409321
 1.9040118 2.6440868
 1.9030689 2.6454365
 1.9019521 2.6474552
 1.9023570 2.6508234
 1.9030689 2.6517308
 1.9064372 2.6539559
 1.9066616 2.6541917
 1.9088818 2.6575599
 1.9098054 2.6590035
 1.9131737 2.6602075
 1.9164908 2.6575599
 1.9165419 2.6575041
 1.9185658 2.6541917
 1.9190859 2.6508234
 1.9190794 2.6474552
 1.9184699 2.6440868
 1.9165419 2.6421590
 1.9131737 2.6417174
 1.9098054 2.6415451
 1.9064372 2.6425869
 1.9031385 2.6407187
 1.9064372 2.6378787
 1.9076439 2.6373503
 1.9098054 2.6341016
 1.9098457 2.6339822
 1.9098054 2.6337707
 1.9092008 2.6306138
 1.9064372 2.6289854
 1.9039445 2.6272454
 1.9064372 2.6246057
 1.9098054 2.6251123
 1.9107562 2.6238773
 1.9120526 2.6205089
 1.9121046 2.6171408
 1.9111767 2.6137724
 1.9098054 2.6124012
 1.9064372 2.6120000
 1.9030689 2.6117563
 1.8997006 2.6129527
 1.8981603 2.6137724
 0.9999999E-12    47
 1.9318410 2.6137724
 1.9300150 2.6154368
 1.9290097 2.6171408
 1.9291751 2.6205089
 1.9300150 2.6217065
 1.9333832 2.6236093
 1.9339172 2.6238773
 1.9367515 2.6259017
 1.9401197 2.6255496
 1.9410861 2.6272454
 1.9401197 2.6279213
 1.9367571 2.6306138
 1.9367515 2.6306481
 1.9358165 2.6339822
 1.9367515 2.6361098
 1.9371226 2.6373503
 1.9401197 2.6395259
 1.9418457 2.6407187
 1.9434880 2.6423409
 1.9451421 2.6407187
 1.9468563 2.6403029
 1.9483893 2.6407187
 1.9502245 2.6425221
 1.9520359 2.6407187
 1.9535928 2.6392865
 1.9569612 2.6389294
 1.9582061 2.6373503
 1.9588997 2.6339822
 1.9584409 2.6306138
 1.9569612 2.6282470
 1.9535928 2.6280143
 1.9525585 2.6272454
 1.9535928 2.6244128
 1.9569612 2.6257160
 1.9579211 2.6238773
 1.9592865 2.6205089
 1.9593551 2.6171408
 1.9583620 2.6137724
 1.9569612 2.6123717
 1.9535928 2.6120722
 1.9502245 2.6113682
 1.9468563 2.6116819
 1.9434880 2.6113560
 1.9401197 2.6116631
 1.9367515 2.6117914
 1.9333832 2.6129680
 1.9318410 2.6137724
 0.9999999E-12    27
 1.9950057 2.6137724
 1.9945190 2.6171408
 1.9943362 2.6205089
 1.9940120 2.6215365
 1.9906437 2.6235328
 1.9904470 2.6238773
 1.9901664 2.6272454
 1.9906437 2.6282442
 1.9940120 2.6302722
 1.9955987 2.6306138
 1.9973803 2.6312904
 2.0006969 2.6306138
 2.0007486 2.6306074
 2.0041168 2.6290092
 2.0051076 2.6272454
 2.0074852 2.6240160
 2.0076122 2.6238773
 2.0080726 2.6205089
 2.0074852 2.6192994
 2.0073135 2.6171408
 2.0074852 2.6150630
 2.0081241 2.6137724
 2.0074852 2.6131334
 2.0041168 2.6113200
 2.0007486 2.6112289
 1.9973803 2.6113980
 1.9950057 2.6137724
 0.9999999E-12     5
 1.9472418 2.6272454
 1.9468563 2.6273146
 1.9464093 2.6272454
 1.9468563 2.6262705
 1.9472418 2.6272454
 0.9999999E-12    45
 2.3510034 2.6272454
 2.3476796 2.6277535
 2.3443115 2.6279395
 2.3412836 2.6306138
 2.3414590 2.6339822
 2.3413215 2.6373503
 2.3443115 2.6398976
 2.3476796 2.6401374
 2.3510480 2.6406410
 2.3544161 2.6401300
 2.3577845 2.6406679
 2.3611526 2.6401129
 2.3645210 2.6406901
 2.3678892 2.6400993
 2.3712575 2.6407082
 2.3746257 2.6400864
 2.3779578 2.6407187
 2.3779941 2.6407411
 2.3780236 2.6407187
 2.3813622 2.6397812
 2.3847306 2.6382976
 2.3853354 2.6373503
 2.3854287 2.6339822
 2.3853652 2.6306138
 2.3847306 2.6296101
 2.3813622 2.6281738
 2.3781652 2.6272454
 2.3779941 2.6271126
 2.3777812 2.6272454
 2.3746257 2.6278517
 2.3714032 2.6272454
 2.3712575 2.6271551
 2.3711061 2.6272454
 2.3678892 2.6278248
 2.3646653 2.6272454
 2.3645210 2.6271594
 2.3643706 2.6272454
 2.3611526 2.6277974
 2.3578975 2.6272454
 2.3577845 2.6271813
 2.3576667 2.6272454
 2.3544161 2.6277740
 2.3510904 2.6272454
 2.3510480 2.6272225
 2.3510034 2.6272454
 0.9999999E-12   103
 2.1110005 2.6339822
 2.1085329 2.6346381
 2.1051648 2.6340208
 2.1017964 2.6364830
 2.1001749 2.6373503
 2.0987124 2.6407187
 2.0993207 2.6440868
 2.1017964 2.6456633
 2.1045661 2.6474552
 2.1051648 2.6479888
 2.1060493 2.6474552
 2.1085329 2.6471076
 2.1101239 2.6474552
 2.1119013 2.6487060
 2.1137004 2.6474552
 2.1152694 2.6470196
 2.1159701 2.6474552
 2.1167216 2.6508234
 2.1167893 2.6541917
 2.1175079 2.6575599
 2.1186378 2.6604156
 2.1194837 2.6609282
 2.1220059 2.6616442
 2.1235845 2.6642964
 2.1240542 2.6676648
 2.1253743 2.6689847
 2.1287425 2.6699378
 2.1295798 2.6710329
 2.1296549 2.6744013
 2.1312070 2.6777694
 2.1321108 2.6800978
 2.1336124 2.6811378
 2.1321108 2.6821859
 2.1312146 2.6845059
 2.1312070 2.6878743
 2.1321108 2.6898689
 2.1354790 2.6911631
 2.1356666 2.6912425
 2.1388474 2.6932724
 2.1422155 2.6930757
 2.1455839 2.6932409
 2.1489520 2.6918385
 2.1499999 2.6912425
 2.1523204 2.6897771
 2.1538291 2.6878743
 2.1539123 2.6845059
 2.1523204 2.6823366
 2.1512322 2.6811378
 2.1523204 2.6807852
 2.1556888 2.6789222
 2.1590569 2.6797171
 2.1617858 2.6777694
 2.1624253 2.6775341
 2.1657934 2.6768863
 2.1685224 2.6744013
 2.1684928 2.6710329
 2.1685121 2.6676648
 2.1657934 2.6652229
 2.1624253 2.6645441
 2.1617413 2.6642964
 2.1590569 2.6623819
 2.1556888 2.6633565
 2.1523204 2.6617045
 2.1489520 2.6631801
 2.1455839 2.6617298
 2.1422155 2.6635976
 2.1401253 2.6609282
 2.1388474 2.6595621
 2.1354790 2.6578603
 2.1351929 2.6575599
 2.1337383 2.6541917
 2.1321108 2.6521113
 2.1305144 2.6508234
 2.1321108 2.6495280
 2.1343529 2.6474552
 2.1354790 2.6472259
 2.1377120 2.6474552
 2.1388474 2.6479635
 2.1395915 2.6474552
 2.1422155 2.6464911
 2.1455839 2.6448565
 2.1463680 2.6440868
 2.1473079 2.6407187
 2.1455839 2.6375096
 2.1454494 2.6373503
 2.1422155 2.6353798
 2.1388474 2.6340897
 2.1354790 2.6345289
 2.1332490 2.6339822
 2.1321108 2.6331122
 2.1309810 2.6339822
 2.1287425 2.6345143
 2.1266630 2.6339822
 2.1253743 2.6329734
 2.1241360 2.6339822
 2.1220059 2.6345677
 2.1193683 2.6339822
 2.1186378 2.6334121
 2.1179371 2.6339822
 2.1152694 2.6347580
 2.1128161 2.6339822
 2.1119013 2.6332269
 2.1110005 2.6339822
 0.9999999E-12    47
 1.9645717 2.6373503
 1.9636977 2.6383407
 1.9627883 2.6407187
 1.9608822 2.6440868
 1.9613563 2.6474552
 1.9614065 2.6508234
 1.9636977 2.6538832
 1.9670659 2.6539032
 1.9689007 2.6541917
 1.9704342 2.6549904
 1.9716654 2.6541917
 1.9738024 2.6534145
 1.9753920 2.6541917
 1.9766380 2.6575599
 1.9771707 2.6585686
 1.9805390 2.6603270
 1.9813720 2.6609282
 1.9839072 2.6627889
 1.9872755 2.6625693
 1.9882172 2.6642964
 1.9889201 2.6676648
 1.9906437 2.6693883
 1.9940120 2.6699319
 1.9973803 2.6695116
 2.0002031 2.6676648
 2.0000303 2.6642964
 2.0003955 2.6609282
 1.9982250 2.6575599
 1.9973803 2.6568801
 1.9940120 2.6575305
 1.9934655 2.6541917
 1.9924979 2.6508234
 1.9906437 2.6495280
 1.9872755 2.6495049
 1.9839072 2.6490622
 1.9812385 2.6508234
 1.9805390 2.6512737
 1.9795026 2.6508234
 1.9780172 2.6474552
 1.9771707 2.6457806
 1.9760503 2.6440868
 1.9738024 2.6427662
 1.9713410 2.6407187
 1.9704342 2.6383452
 1.9695581 2.6373503
 1.9670659 2.6363139
 1.9645717 2.6373503
 0.9999999E-12    15
 2.1616728 2.6373503
 2.1597753 2.6407187
 2.1605017 2.6440868
 2.1624253 2.6454535
 2.1657934 2.6462045
 2.1691618 2.6459491
 2.1725299 2.6450014
 2.1734908 2.6440868
 2.1743624 2.6407187
 2.1725299 2.6374483
 2.1723197 2.6373503
 2.1691618 2.6361566
 2.1657934 2.6358666
 2.1624253 2.6369033
 2.1616728 2.6373503
 0.9999999E-12    17
 2.6066363 2.6373503
 2.6052110 2.6407187
 2.6049984 2.6440868
 2.6053743 2.6474552
 2.6066699 2.6508234
 2.6070359 2.6516120
 2.6104043 2.6538596
 2.6137724 2.6526573
 2.6147990 2.6508234
 2.6161931 2.6474552
 2.6164672 2.6440868
 2.6161368 2.6407187
 2.6148050 2.6373503
 2.6137724 2.6366615
 2.6104043 2.6364405
 2.6070359 2.6369507
 2.6066363 2.6373503
 0.9999999E-12  1333
 1.6201652 2.6440868
 1.6201602 2.6474552
 1.6201473 2.6508234
 1.6201460 2.6541917
 1.6201520 2.6575599
 1.6201533 2.6609282
 1.6203761 2.6642964
 1.6203264 2.6676648
 1.6207207 2.6710329
 1.6223199 2.6744013
 1.6235030 2.6761854
 1.6268712 2.6774695
 1.6269504 2.6777694
 1.6272424 2.6811378
 1.6273270 2.6845059
 1.6275588 2.6878743
 1.6276691 2.6912425
 1.6302395 2.6943538
 1.6304485 2.6946108
 1.6308724 2.6979790
 1.6336077 2.6994901
 1.6346041 2.7013474
 1.6341949 2.7047155
 1.6351157 2.7080839
 1.6360843 2.7114522
 1.6369761 2.7129133
 1.6403444 2.7146957
 1.6406004 2.7148204
 1.6417990 2.7181888
 1.6418587 2.7215569
 1.6435918 2.7249253
 1.6436261 2.7282934
 1.6437126 2.7283800
 1.6470809 2.7301245
 1.6504492 2.7303305
 1.6538174 2.7297833
 1.6564289 2.7316618
 1.6551720 2.7350299
 1.6571857 2.7381747
 1.6572584 2.7383983
 1.6573532 2.7417665
 1.6605539 2.7444370
 1.6617393 2.7451348
 1.6624434 2.7485030
 1.6631687 2.7518713
 1.6639222 2.7534497
 1.6642497 2.7552395
 1.6663406 2.7586079
 1.6672904 2.7591128
 1.6697971 2.7619760
 1.6688480 2.7653444
 1.6706587 2.7673457
 1.6719023 2.7687125
 1.6733075 2.7720809
 1.6740270 2.7726631
 1.6773952 2.7736354
 1.6807635 2.7737820
 1.6841317 2.7728646
 1.6852685 2.7720809
 1.6866144 2.7687125
 1.6875000 2.7679348
 1.6904314 2.7687125
 1.6883143 2.7720809
 1.6908683 2.7748556
 1.6912737 2.7754490
 1.6928835 2.7788174
 1.6942365 2.7800994
 1.6954536 2.7821856
 1.6961933 2.7855539
 1.6964691 2.7889221
 1.6976048 2.7910905
 1.6978643 2.7922904
 1.6976048 2.7929025
 1.6942365 2.7927778
 1.6908683 2.7927413
 1.6898795 2.7922904
 1.6875000 2.7899613
 1.6865660 2.7889221
 1.6841317 2.7866447
 1.6807635 2.7860060
 1.6773952 2.7861724
 1.6740270 2.7868054
 1.6720555 2.7889221
 1.6719009 2.7922904
 1.6740270 2.7951059
 1.6744311 2.7956588
 1.6772102 2.7990270
 1.6752409 2.8023953
 1.6773952 2.8055420
 1.6774540 2.8057635
 1.6773952 2.8069034
 1.6767342 2.8091319
 1.6773952 2.8100426
 1.6807635 2.8123624
 1.6841317 2.8122609
 1.6875000 2.8123245
 1.6892868 2.8125000
 1.6901577 2.8158684
 1.6908683 2.8176470
 1.6912315 2.8192365
 1.6924548 2.8226049
 1.6942365 2.8248265
 1.6951424 2.8259730
 1.6976048 2.8292649
 1.6976162 2.8293414
 1.6976048 2.8294089
 1.6956917 2.8327096
 1.6976048 2.8350108
 1.6979599 2.8360779
 1.6976048 2.8392310
 1.6974703 2.8394461
 1.6976048 2.8396132
 1.7009730 2.8423967
 1.7043413 2.8427880
 1.7043618 2.8428144
 1.7043413 2.8429701
 1.7028753 2.8461826
 1.7043413 2.8494899
 1.7043501 2.8495510
 1.7043413 2.8496146
 1.7026614 2.8529191
 1.7020516 2.8562875
 1.7009730 2.8594687
 1.6996595 2.8562875
 1.6976048 2.8544536
 1.6963550 2.8529191
 1.6942365 2.8497758
 1.6941550 2.8495510
 1.6919719 2.8461826
 1.6908683 2.8457212
 1.6875000 2.8431630
 1.6873523 2.8428144
 1.6868571 2.8394461
 1.6841317 2.8378122
 1.6807635 2.8378010
 1.6786808 2.8394461
 1.6780472 2.8428144
 1.6775441 2.8461826
 1.6783780 2.8495510
 1.6793108 2.8529191
 1.6807635 2.8545909
 1.6823813 2.8562875
 1.6841317 2.8582690
 1.6844394 2.8596556
 1.6848407 2.8630240
 1.6875000 2.8646011
 1.6908683 2.8657360
 1.6911888 2.8663921
 1.6908683 2.8680773
 1.6897277 2.8697605
 1.6908683 2.8712769
 1.6914194 2.8731289
 1.6917068 2.8764970
 1.6942365 2.8788385
 1.6976048 2.8797309
 1.6976893 2.8798654
 1.6976225 2.8832335
 1.6983173 2.8866019
 1.6996889 2.8899701
 1.7009730 2.8916371
 1.7021661 2.8933384
 1.7043413 2.8954971
 1.7046337 2.8967066
 1.7043413 2.9000092
 1.7043070 2.9000750
 1.7043413 2.9001093
 1.7077096 2.9021864
 1.7110778 2.9024711
 1.7130187 2.9034431
 1.7144461 2.9062996
 1.7147756 2.9068115
 1.7178144 2.9090958
 1.7181084 2.9101796
 1.7178144 2.9124253
 1.7167710 2.9135480
 1.7178144 2.9147236
 1.7186116 2.9169161
 1.7202851 2.9202845
 1.7211827 2.9213822
 1.7231681 2.9236526
 1.7245510 2.9250095
 1.7250879 2.9270210
 1.7258139 2.9303892
 1.7279192 2.9316988
 1.7312875 2.9326758
 1.7319134 2.9337575
 1.7319123 2.9371257
 1.7346557 2.9395642
 1.7380240 2.9399102
 1.7383506 2.9404941
 1.7380240 2.9438083
 1.7379913 2.9438622
 1.7380240 2.9439032
 1.7413923 2.9471934
 1.7447605 2.9470489
 1.7449725 2.9472306
 1.7452372 2.9505990
 1.7481288 2.9539344
 1.7483126 2.9539671
 1.7514970 2.9555194
 1.7518460 2.9573355
 1.7526214 2.9607036
 1.7548653 2.9638162
 1.7582335 2.9622772
 1.7616018 2.9622610
 1.7633823 2.9607036
 1.7649701 2.9592969
 1.7671217 2.9573355
 1.7670662 2.9539671
 1.7649701 2.9521222
 1.7637284 2.9505990
 1.7616018 2.9482458
 1.7605554 2.9472306
 1.7582335 2.9447396
 1.7574197 2.9438622
 1.7548653 2.9414816
 1.7539011 2.9404941
 1.7514970 2.9372175
 1.7514400 2.9371257
 1.7490336 2.9337575
 1.7481288 2.9323814
 1.7460896 2.9303892
 1.7447605 2.9294672
 1.7423729 2.9270210
 1.7413923 2.9255960
 1.7399809 2.9236526
 1.7380240 2.9220209
 1.7370086 2.9202845
 1.7369274 2.9169161
 1.7380240 2.9162896
 1.7413923 2.9148011
 1.7421204 2.9135480
 1.7429844 2.9101796
 1.7435606 2.9068115
 1.7432815 2.9034431
 1.7437525 2.9000750
 1.7434647 2.8967066
 1.7430530 2.8933384
 1.7413923 2.8903086
 1.7380240 2.8900919
 1.7377567 2.8899701
 1.7368581 2.8866019
 1.7369492 2.8832335
 1.7362223 2.8798654
 1.7357104 2.8764970
 1.7346557 2.8754425
 1.7312875 2.8743997
 1.7291615 2.8731289
 1.7290801 2.8697605
 1.7279192 2.8679740
 1.7245510 2.8671610
 1.7238322 2.8663921
 1.7232025 2.8630240
 1.7221037 2.8596556
 1.7236490 2.8562875
 1.7245510 2.8561056
 1.7279192 2.8540967
 1.7284619 2.8529191
 1.7293153 2.8495510
 1.7299114 2.8461826
 1.7282526 2.8428144
 1.7312875 2.8404400
 1.7323170 2.8428144
 1.7336925 2.8461826
 1.7346557 2.8471577
 1.7380240 2.8481288
 1.7413923 2.8484063
 1.7447605 2.8477001
 1.7468460 2.8461826
 1.7474341 2.8428144
 1.7448950 2.8394461
 1.7447605 2.8393724
 1.7431792 2.8360779
 1.7447605 2.8351543
 1.7481288 2.8353138
 1.7514970 2.8354933
 1.7517762 2.8360779
 1.7514970 2.8382206
 1.7500738 2.8394461
 1.7514970 2.8404982
 1.7545966 2.8428144
 1.7548653 2.8430357
 1.7570642 2.8461826
 1.7582335 2.8479676
 1.7588407 2.8495510
 1.7602133 2.8529191
 1.7616018 2.8546076
 1.7649701 2.8551388
 1.7676141 2.8529191
 1.7683383 2.8518698
 1.7698333 2.8495510
 1.7708641 2.8461826
 1.7705864 2.8428144
 1.7717066 2.8404121
 1.7727581 2.8428144
 1.7740954 2.8461826
 1.7750748 2.8472006
 1.7784431 2.8487701
 1.7792140 2.8495510
 1.7804763 2.8529191
 1.7818114 2.8545632
 1.7851796 2.8561411
 1.7853345 2.8562875
 1.7870933 2.8596556
 1.7885479 2.8618314
 1.7895925 2.8630240
 1.7919161 2.8647079
 1.7924409 2.8663921
 1.7921669 2.8697605
 1.7952845 2.8726420
 1.7986528 2.8724482
 1.7992820 2.8731289
 1.7995316 2.8764970
 1.8020210 2.8789949
 1.8053893 2.8793778
 1.8057313 2.8798654
 1.8053893 2.8805625
 1.8020210 2.8805814
 1.7989990 2.8832335
 1.7987828 2.8866019
 1.7986528 2.8897750
 1.7985861 2.8899701
 1.7967600 2.8933384
 1.7986528 2.8944013
 1.7994521 2.8967066
 1.8001037 2.9000750
 1.8020210 2.9013081
 1.8053893 2.9026506
 1.8057595 2.9034431
 1.8053893 2.9054370
 1.8041736 2.9068115
 1.8053893 2.9081757
 1.8063915 2.9101796
 1.8079263 2.9135480
 1.8087575 2.9144523
 1.8121258 2.9152877
 1.8147790 2.9135480
 1.8154941 2.9127800
 1.8170305 2.9101796
 1.8180484 2.9068115
 1.8179425 2.9034431
 1.8188623 2.9026933
 1.8209502 2.9034431
 1.8222306 2.9062176
 1.8224885 2.9068115
 1.8255988 2.9089673
 1.8277740 2.9101796
 1.8289671 2.9112613
 1.8303668 2.9101796
 1.8323354 2.9098454
 1.8326790 2.9101796
 1.8324018 2.9135480
 1.8349588 2.9169161
 1.8357036 2.9175277
 1.8384539 2.9169161
 1.8390719 2.9168921
 1.8391111 2.9169161
 1.8402792 2.9202845
 1.8424401 2.9231343
 1.8429750 2.9236526
 1.8458084 2.9257746
 1.8463645 2.9270210
 1.8467940 2.9303892
 1.8491766 2.9319534
 1.8525449 2.9329641
 1.8530383 2.9337575
 1.8525449 2.9353313
 1.8509216 2.9371257
 1.8525449 2.9388309
 1.8529880 2.9404941
 1.8525449 2.9434943
 1.8522075 2.9438622
 1.8525449 2.9442468
 1.8551379 2.9472306
 1.8559132 2.9479222
 1.8584424 2.9505990
 1.8592814 2.9521255
 1.8597782 2.9539671
 1.8617916 2.9573355
 1.8626497 2.9586134
 1.8635699 2.9607036
 1.8660179 2.9628744
 1.8663677 2.9640720
 1.8660179 2.9667785
 1.8647802 2.9674401
 1.8626497 2.9683502
 1.8614142 2.9674401
 1.8592814 2.9662490
 1.8580366 2.9640720
 1.8572984 2.9607036
 1.8559132 2.9585283
 1.8525449 2.9578607
 1.8491766 2.9577975
 1.8467969 2.9607036
 1.8466272 2.9640720
 1.8458084 2.9673810
 1.8457603 2.9674401
 1.8458084 2.9674914
 1.8466448 2.9708085
 1.8458084 2.9731791
 1.8448555 2.9741766
 1.8458084 2.9752440
 1.8463509 2.9775450
 1.8458084 2.9800839
 1.8450763 2.9809132
 1.8458084 2.9820173
 1.8463262 2.9842815
 1.8458084 2.9865177
 1.8424401 2.9870634
 1.8416263 2.9876497
 1.8396428 2.9910181
 1.8397781 2.9943862
 1.8404378 2.9977546
 1.8424401 2.9990654
 1.8458084 3.0000792
 1.8462666 3.0011227
 1.8458084 3.0039876
 1.8453621 3.0044911
 1.8458084 3.0049522
 1.8487973 3.0078592
 1.8491766 3.0082262
 1.8495812 3.0078592
 1.8525449 3.0073538
 1.8534832 3.0078592
 1.8559132 3.0109923
 1.8566418 3.0112276
 1.8592814 3.0126143
 1.8626497 3.0131941
 1.8660179 3.0125806
 1.8684398 3.0112276
 1.8693862 3.0104570
 1.8707688 3.0112276
 1.8727545 3.0122750
 1.8734535 3.0145957
 1.8736959 3.0179641
 1.8761228 3.0210273
 1.8775668 3.0213323
 1.8794911 3.0223320
 1.8797988 3.0247006
 1.8801219 3.0280688
 1.8828593 3.0299354
 1.8862276 3.0302303
 1.8873248 3.0314372
 1.8880317 3.0348055
 1.8895959 3.0358281
 1.8929641 3.0363948
 1.8963324 3.0354931
 1.8997006 3.0352664
 1.9030689 3.0371726
 1.9064372 3.0375326
 1.9076592 3.0381737
 1.9078425 3.0415421
 1.9098054 3.0435891
 1.9131737 3.0437214
 1.9165419 3.0432711
 1.9176365 3.0415421
 1.9183817 3.0381737
 1.9183732 3.0348055
 1.9178519 3.0314372
 1.9165419 3.0285211
 1.9162574 3.0280688
 1.9131737 3.0261328
 1.9122862 3.0247006
 1.9098054 3.0213618
 1.9097625 3.0213323
 1.9064372 3.0188317
 1.9061450 3.0179641
 1.9060138 3.0145957
 1.9059485 3.0112276
 1.9056388 3.0078592
 1.9064372 3.0045428
 1.9065657 3.0044911
 1.9097520 3.0011227
 1.9089789 2.9977546
 1.9064372 2.9962833
 1.9054263 2.9943862
 1.9051226 2.9910181
 1.9034899 2.9876497
 1.9030689 2.9872286
 1.9008147 2.9876497
 1.8997006 2.9876935
 1.8996434 2.9876497
 1.8984634 2.9842815
 1.8973930 2.9809132
 1.8963324 2.9798527
 1.8929641 2.9793496
 1.8917648 2.9775450
 1.8911099 2.9741766
 1.8895959 2.9717546
 1.8862276 2.9718757
 1.8857837 2.9708085
 1.8862276 2.9690113
 1.8895959 2.9697840
 1.8922898 2.9674401
 1.8929641 2.9671054
 1.8962229 2.9640720
 1.8958342 2.9607036
 1.8929641 2.9588342
 1.8914436 2.9573355
 1.8908906 2.9539671
 1.8914340 2.9505990
 1.8919623 2.9472306
 1.8929641 2.9452057
 1.8954724 2.9438622
 1.8963324 2.9431536
 1.8978292 2.9404941
 1.8984619 2.9371257
 1.8987054 2.9337575
 1.8983865 2.9303892
 1.8963860 2.9270210
 1.8963324 2.9269674
 1.8962393 2.9270210
 1.8929641 2.9273784
 1.8923726 2.9270210
 1.8911477 2.9236526
 1.8895959 2.9207761
 1.8862276 2.9204962
 1.8849088 2.9202845
 1.8828593 2.9171174
 1.8810755 2.9202845
 1.8794911 2.9208367
 1.8789535 2.9202845
 1.8765309 2.9169161
 1.8794911 2.9165123
 1.8828593 2.9168591
 1.8848668 2.9135480
 1.8850998 2.9101796
 1.8845352 2.9068115
 1.8828593 2.9041309
 1.8794911 2.9043751
 1.8783303 2.9034431
 1.8773489 2.9000750
 1.8761228 2.8980954
 1.8727545 2.8975799
 1.8693862 2.8975008
 1.8669845 2.9000750
 1.8670479 2.9034431
 1.8671781 2.9068115
 1.8693862 2.9090338
 1.8727545 2.9093239
 1.8733388 2.9101796
 1.8730247 2.9135480
 1.8758066 2.9169161
 1.8727545 2.9182744
 1.8719227 2.9169161
 1.8722068 2.9135480
 1.8693862 2.9111660
 1.8660179 2.9114003
 1.8649107 2.9101796
 1.8652992 2.9068115
 1.8640124 2.9034431
 1.8626497 2.9009705
 1.8617758 2.9000750
 1.8592814 2.8986421
 1.8579438 2.8967066
 1.8559132 2.8936863
 1.8555144 2.8933384
 1.8525449 2.8912632
 1.8521264 2.8899701
 1.8518313 2.8866019
 1.8514744 2.8832335
 1.8510442 2.8798654
 1.8518991 2.8764970
 1.8519212 2.8731289
 1.8525449 2.8723021
 1.8537667 2.8731289
 1.8558601 2.8764970
 1.8559132 2.8765521
 1.8592814 2.8777914
 1.8615969 2.8764970
 1.8626497 2.8744726
 1.8631526 2.8731289
 1.8634778 2.8697605
 1.8631865 2.8663921
 1.8626497 2.8647418
 1.8620657 2.8630240
 1.8592814 2.8612423
 1.8585473 2.8596556
 1.8579694 2.8562875
 1.8565736 2.8529191
 1.8559132 2.8522589
 1.8525449 2.8523865
 1.8515041 2.8495510
 1.8514354 2.8461826
 1.8512706 2.8428144
 1.8525449 2.8416240
 1.8559132 2.8409173
 1.8568307 2.8394461
 1.8574660 2.8360779
 1.8575940 2.8327096
 1.8559132 2.8307848
 1.8525449 2.8301556
 1.8518895 2.8293414
 1.8517269 2.8259730
 1.8504258 2.8226049
 1.8491766 2.8204079
 1.8458084 2.8223960
 1.8436780 2.8192365
 1.8424401 2.8168151
 1.8391650 2.8158684
 1.8390719 2.8158484
 1.8374952 2.8125000
 1.8390719 2.8107584
 1.8424401 2.8112302
 1.8458084 2.8112619
 1.8465475 2.8125000
 1.8466747 2.8158684
 1.8491766 2.8188026
 1.8525449 2.8191245
 1.8526779 2.8192365
 1.8534889 2.8226049
 1.8557750 2.8259730
 1.8559132 2.8261983
 1.8592814 2.8274357
 1.8603233 2.8293414
 1.8613878 2.8327096
 1.8626497 2.8335304
 1.8660179 2.8349559
 1.8671693 2.8360779
 1.8660179 2.8383517
 1.8649738 2.8394461
 1.8660179 2.8405979
 1.8664559 2.8428144
 1.8660179 2.8457556
 1.8656422 2.8461826
 1.8660179 2.8466513
 1.8681408 2.8495510
 1.8693862 2.8506052
 1.8717006 2.8529191
 1.8727545 2.8555238
 1.8729436 2.8562875
 1.8761228 2.8592854
 1.8794911 2.8591762
 1.8797820 2.8596556
 1.8794911 2.8599834
 1.8761228 2.8603117
 1.8737829 2.8630240
 1.8738476 2.8663921
 1.8744321 2.8697605
 1.8761228 2.8714356
 1.8794911 2.8719862
 1.8801539 2.8731289
 1.8798438 2.8764970
 1.8828593 2.8796794
 1.8862276 2.8792620
 1.8891929 2.8798654
 1.8895959 2.8801997
 1.8899472 2.8798654
 1.8929641 2.8776262
 1.8950939 2.8764970
 1.8962867 2.8731289
 1.8947625 2.8697605
 1.8929641 2.8688633
 1.8897699 2.8663921
 1.8924857 2.8630240
 1.8929641 2.8627052
 1.8952863 2.8630240
 1.8963324 2.8633621
 1.8997006 2.8645413
 1.9004331 2.8663921
 1.9002202 2.8697605
 1.9030689 2.8726325
 1.9064372 2.8725266
 1.9068041 2.8731289
 1.9064372 2.8740852
 1.9030689 2.8741248
 1.9013140 2.8764970
 1.9007477 2.8798654
 1.8998585 2.8832335
 1.9002838 2.8866019
 1.9006629 2.8899701
 1.9025846 2.8933384
 1.9030689 2.8936744
 1.9064372 2.8951459
 1.9076706 2.8967066
 1.9087870 2.9000750
 1.9098054 2.9007409
 1.9131737 2.9019260
 1.9165419 2.9023006
 1.9199102 2.9024434
 1.9205613 2.9034431
 1.9199598 2.9068115
 1.9231691 2.9101796
 1.9232785 2.9102857
 1.9233946 2.9101796
 1.9266467 2.9095902
 1.9275686 2.9101796
 1.9280546 2.9135480
 1.9300150 2.9158194
 1.9333832 2.9160557
 1.9367515 2.9155598
 1.9384675 2.9135480
 1.9384829 2.9101796
 1.9374708 2.9068115
 1.9367515 2.9056728
 1.9333832 2.9050241
 1.9326565 2.9034431
 1.9322743 2.9000750
 1.9304161 2.8967066
 1.9300150 2.8963056
 1.9294915 2.8967066
 1.9266467 2.8971269
 1.9260099 2.8967066
 1.9253508 2.8933384
 1.9235387 2.8899701
 1.9232785 2.8897097
 1.9225737 2.8899701
 1.9199102 2.8901670
 1.9197056 2.8899701
 1.9190817 2.8866019
 1.9182172 2.8832335
 1.9180373 2.8798654
 1.9199102 2.8776741
 1.9222215 2.8764970
 1.9232785 2.8739452
 1.9235128 2.8731289
 1.9232785 2.8723819
 1.9219327 2.8697605
 1.9199102 2.8687866
 1.9192433 2.8663921
 1.9186500 2.8630240
 1.9167303 2.8596556
 1.9165419 2.8594675
 1.9162034 2.8596556
 1.9131737 2.8599794
 1.9126852 2.8596556
 1.9113656 2.8562875
 1.9098054 2.8533969
 1.9064372 2.8531187
 1.9051445 2.8529191
 1.9030689 2.8519933
 1.9013054 2.8529191
 1.8997006 2.8534839
 1.8987325 2.8529191
 1.8964362 2.8495510
 1.8963324 2.8493156
 1.8929641 2.8465261
 1.8928359 2.8461826
 1.8923703 2.8428144
 1.8922662 2.8394461
 1.8919296 2.8360779
 1.8907729 2.8327096
 1.8895959 2.8308022
 1.8862276 2.8302243
 1.8856180 2.8293414
 1.8849239 2.8259730
 1.8832422 2.8226049
 1.8828593 2.8222218
 1.8815494 2.8226049
 1.8794911 2.8227229
 1.8793706 2.8226049
 1.8785673 2.8192365
 1.8777360 2.8158684
 1.8761228 2.8142550
 1.8727545 2.8139904
 1.8717519 2.8125000
 1.8717202 2.8091319
 1.8709742 2.8057635
 1.8704064 2.8023953
 1.8693862 2.8007605
 1.8660179 2.8000884
 1.8642294 2.7990270
 1.8626497 2.7963104
 1.8621144 2.7956588
 1.8592814 2.7937989
 1.8559132 2.7947705
 1.8551365 2.7956588
 1.8539374 2.7990270
 1.8525449 2.8005822
 1.8502420 2.7990270
 1.8491766 2.7969377
 1.8484664 2.7956588
 1.8458084 2.7938831
 1.8443983 2.7922904
 1.8458084 2.7892909
 1.8491766 2.7905016
 1.8507619 2.7889221
 1.8525449 2.7877595
 1.8555193 2.7855539
 1.8559132 2.7852430
 1.8582330 2.7821856
 1.8592814 2.7810476
 1.8623742 2.7821856
 1.8626497 2.7823992
 1.8629456 2.7821856
 1.8660179 2.7815578
 1.8693862 2.7821748
 1.8727545 2.7806735
 1.8761228 2.7811813
 1.8794911 2.7803655
 1.8820876 2.7788174
 1.8828593 2.7783778
 1.8849713 2.7754490
 1.8862276 2.7748191
 1.8879380 2.7754490
 1.8895959 2.7778642
 1.8912514 2.7754490
 1.8929641 2.7749164
 1.8947200 2.7754490
 1.8963324 2.7776294
 1.8979106 2.7754490
 1.8997006 2.7746873
 1.9022677 2.7754490
 1.9030689 2.7762089
 1.9038466 2.7754490
 1.9064372 2.7740877
 1.9098054 2.7734740
 1.9106802 2.7720809
 1.9115082 2.7687125
 1.9112570 2.7653444
 1.9098054 2.7633312
 1.9064372 2.7628295
 1.9044567 2.7619760
 1.9030689 2.7601173
 1.9014713 2.7619760
 1.8997006 2.7623813
 1.8989468 2.7619760
 1.8963324 2.7587614
 1.8960758 2.7586079
 1.8929641 2.7564468
 1.8921416 2.7552395
 1.8918357 2.7518713
 1.8909599 2.7485030
 1.8895959 2.7473817
 1.8862276 2.7470016
 1.8828593 2.7451942
 1.8827959 2.7451348
 1.8797196 2.7417665
 1.8794911 2.7416749
 1.8791089 2.7417665
 1.8761228 2.7426705
 1.8748348 2.7451348
 1.8741089 2.7485030
 1.8743597 2.7518713
 1.8727545 2.7535286
 1.8693862 2.7527916
 1.8660179 2.7538185
 1.8626497 2.7534149
 1.8598188 2.7552395
 1.8592814 2.7555482
 1.8559132 2.7572749
 1.8548440 2.7586079
 1.8531841 2.7619760
 1.8525449 2.7626326
 1.8516258 2.7619760
 1.8504467 2.7586079
 1.8491766 2.7566566
 1.8458084 2.7556787
 1.8451909 2.7552395
 1.8445513 2.7518713
 1.8443446 2.7485030
 1.8445381 2.7451348
 1.8458084 2.7439799
 1.8468908 2.7451348
 1.8486060 2.7485030
 1.8491766 2.7491598
 1.8525449 2.7502415
 1.8551071 2.7485030
 1.8559132 2.7473681
 1.8570908 2.7451348
 1.8579277 2.7417665
 1.8583298 2.7383983
 1.8592814 2.7368023
 1.8626497 2.7359774
 1.8632364 2.7350299
 1.8641237 2.7316618
 1.8660179 2.7296355
 1.8693862 2.7307243
 1.8727545 2.7307508
 1.8748353 2.7316618
 1.8761228 2.7340991
 1.8771044 2.7350299
 1.8794911 2.7362280
 1.8828593 2.7370498
 1.8862276 2.7367249
 1.8895959 2.7356594
 1.8902253 2.7350299
 1.8912007 2.7316618
 1.8921572 2.7282934
 1.8923416 2.7249253
 1.8924180 2.7215569
 1.8921455 2.7181888
 1.8924514 2.7148204
 1.8929641 2.7147601
 1.8930578 2.7148204
 1.8934621 2.7181888
 1.8955624 2.7215569
 1.8963324 2.7221353
 1.8978938 2.7215569
 1.8997006 2.7214067
 1.9023664 2.7215569
 1.9030689 2.7217572
 1.9032907 2.7215569
 1.9052417 2.7181888
 1.9061860 2.7148204
 1.9064372 2.7146857
 1.9069515 2.7148204
 1.9092691 2.7181888
 1.9098054 2.7188876
 1.9131737 2.7213917
 1.9133799 2.7215569
 1.9165419 2.7237668
 1.9199102 2.7236242
 1.9226710 2.7249253
 1.9232785 2.7259080
 1.9251449 2.7282934
 1.9266467 2.7292247
 1.9300150 2.7305658
 1.9333832 2.7304065
 1.9367515 2.7302554
 1.9389262 2.7282934
 1.9394674 2.7249253
 1.9394056 2.7215569
 1.9385670 2.7181888
 1.9367515 2.7163732
 1.9333832 2.7164810
 1.9329337 2.7148204
 1.9326874 2.7114522
 1.9314253 2.7080839
 1.9333832 2.7058902
 1.9367515 2.7065639
 1.9401197 2.7064826
 1.9411107 2.7080839
 1.9412404 2.7114522
 1.9434880 2.7139823
 1.9468563 2.7140052
 1.9502245 2.7138188
 1.9517115 2.7114522
 1.9525793 2.7080839
 1.9535928 2.7070105
 1.9565744 2.7080839
 1.9569612 2.7084637
 1.9573454 2.7080839
 1.9603294 2.7067807
 1.9636977 2.7065928
 1.9670659 2.7068963
 1.9673052 2.7080839
 1.9670659 2.7090690
 1.9647263 2.7114522
 1.9670659 2.7142460
 1.9673136 2.7148204
 1.9676939 2.7181888
 1.9697393 2.7215569
 1.9704342 2.7223577
 1.9719096 2.7215569
 1.9738024 2.7214146
 1.9743047 2.7215569
 1.9771707 2.7235079
 1.9805390 2.7216749
 1.9833963 2.7249253
 1.9816550 2.7282934
 1.9813051 2.7316618
 1.9805390 2.7328336
 1.9784786 2.7316618
 1.9771707 2.7304509
 1.9757444 2.7316618
 1.9738024 2.7320342
 1.9729213 2.7316618
 1.9705840 2.7282934
 1.9704342 2.7281051
 1.9670659 2.7263055
 1.9636977 2.7280610
 1.9635122 2.7282934
 1.9620117 2.7316618
 1.9607471 2.7350299
 1.9615850 2.7383983
 1.9616116 2.7417665
 1.9636977 2.7440047
 1.9670659 2.7444186
 1.9687665 2.7451348
 1.9704342 2.7466803
 1.9721403 2.7451348
 1.9738024 2.7447121
 1.9748747 2.7451348
 1.9771707 2.7484796
 1.9772083 2.7485030
 1.9805390 2.7504160
 1.9839072 2.7486815
 1.9840519 2.7485030
 1.9852388 2.7451348
 1.9857802 2.7417665
 1.9852053 2.7383983
 1.9872755 2.7374187
 1.9881874 2.7383983
 1.9880923 2.7417665
 1.9906437 2.7449501
 1.9940120 2.7444799
 1.9973803 2.7450290
 2.0004456 2.7417665
 1.9999669 2.7383983
 2.0007486 2.7352917
 2.0010087 2.7350299
 2.0007486 2.7347445
 1.9993882 2.7316618
 1.9977293 2.7282934
 1.9973803 2.7278619
 1.9940120 2.7257318
 1.9923453 2.7249253
 1.9906437 2.7236600
 1.9886919 2.7249253
 1.9872755 2.7251720
 1.9848858 2.7249253
 1.9846487 2.7215569
 1.9866899 2.7181888
 1.9864564 2.7148204
 1.9861995 2.7114522
 1.9839072 2.7099476
 1.9805390 2.7086496
 1.9803097 2.7080839
 1.9805390 2.7069101
 1.9826834 2.7047155
 1.9805390 2.7025256
 1.9794514 2.7013474
 1.9771707 2.6991105
 1.9748393 2.7013474
 1.9738024 2.7015622
 1.9727566 2.7013474
 1.9704342 2.6991196
 1.9681629 2.7013474
 1.9670659 2.7025375
 1.9657940 2.7013474
 1.9652957 2.6979790
 1.9636977 2.6954420
 1.9603294 2.6953502
 1.9581177 2.6946108
 1.9569612 2.6936247
 1.9557128 2.6946108
 1.9535928 2.6951981
 1.9523706 2.6946108
 1.9513254 2.6912425
 1.9512291 2.6878743
 1.9503448 2.6845059
 1.9502245 2.6842682
 1.9468563 2.6818287
 1.9463134 2.6811378
 1.9434880 2.6788499
 1.9401197 2.6788287
 1.9367515 2.6783919
 1.9333832 2.6786046
 1.9323314 2.6777694
 1.9316527 2.6744013
 1.9300150 2.6717763
 1.9266467 2.6721046
 1.9247167 2.6710329
 1.9232785 2.6696036
 1.9218279 2.6710329
 1.9199102 2.6717064
 1.9189960 2.6710329
 1.9177279 2.6676648
 1.9165419 2.6657679
 1.9131737 2.6652973
 1.9098054 2.6644576
 1.9064372 2.6657917
 1.9031762 2.6676648
 1.9030689 2.6678746
 1.9018579 2.6710329
 1.9030689 2.6740148
 1.9032196 2.6744013
 1.9064372 2.6765645
 1.9072297 2.6777694
 1.9074521 2.6811378
 1.9098054 2.6839221
 1.9131737 2.6841774
 1.9140612 2.6845059
 1.9165419 2.6863270
 1.9197136 2.6845059
 1.9199102 2.6844745
 1.9199941 2.6845059
 1.9224148 2.6878743
 1.9232785 2.6891201
 1.9248989 2.6912425
 1.9266467 2.6926911
 1.9273869 2.6946108
 1.9266467 2.6956351
 1.9232785 2.6978340
 1.9231504 2.6979790
 1.9213176 2.7013474
 1.9199102 2.7023358
 1.9165419 2.7025208
 1.9143872 2.7047155
 1.9142516 2.7080839
 1.9131737 2.7093251
 1.9126337 2.7080839
 1.9127699 2.7047155
 1.9109946 2.7013474
 1.9098054 2.7001717
 1.9085414 2.7013474
 1.9064372 2.7017512
 1.9052656 2.7013474
 1.9030689 2.6992388
 1.9008473 2.7013474
 1.8997006 2.7017949
 1.8983723 2.7013474
 1.8963324 2.6994267
 1.8942838 2.7013474
 1.8929641 2.7017560
 1.8925613 2.7013474
 1.8922437 2.6979790
 1.8911142 2.6946108
 1.8895959 2.6930923
 1.8872290 2.6946108
 1.8862276 2.6947289
 1.8859882 2.6946108
 1.8850298 2.6912425
 1.8844997 2.6878743
 1.8828593 2.6848681
 1.8826416 2.6845059
 1.8794911 2.6817727
 1.8789402 2.6811378
 1.8785526 2.6777694
 1.8794911 2.6767578
 1.8828593 2.6762109
 1.8839871 2.6744013
 1.8845360 2.6710329
 1.8862276 2.6701708
 1.8895959 2.6696339
 1.8915651 2.6676648
 1.8920729 2.6642964
 1.8919563 2.6609282
 1.8905658 2.6575599
 1.8895959 2.6565900
 1.8872741 2.6575599
 1.8862276 2.6576424
 1.8854672 2.6575599
 1.8828593 2.6562641
 1.8812109 2.6575599
 1.8794911 2.6608114
 1.8785365 2.6575599
 1.8782030 2.6541917
 1.8769475 2.6508234
 1.8761228 2.6499987
 1.8727545 2.6498435
 1.8693862 2.6476247
 1.8691798 2.6474552
 1.8660179 2.6443381
 1.8648216 2.6440868
 1.8626497 2.6433587
 1.8592814 2.6437607
 1.8583121 2.6440868
 1.8559132 2.6450393
 1.8544718 2.6474552
 1.8548113 2.6508234
 1.8559132 2.6521695
 1.8592814 2.6538417
 1.8595240 2.6541917
 1.8601292 2.6575599
 1.8618046 2.6609282
 1.8626497 2.6614852
 1.8660179 2.6623862
 1.8693862 2.6630614
 1.8727545 2.6624084
 1.8761228 2.6628158
 1.8794911 2.6610465
 1.8798245 2.6642964
 1.8794911 2.6648424
 1.8761228 2.6650741
 1.8736024 2.6676648
 1.8734940 2.6710329
 1.8727545 2.6718702
 1.8705024 2.6710329
 1.8693862 2.6699922
 1.8682733 2.6710329
 1.8660179 2.6718266
 1.8633041 2.6710329
 1.8626497 2.6704290
 1.8620013 2.6710329
 1.8592814 2.6721261
 1.8582551 2.6710329
 1.8576763 2.6676648
 1.8559132 2.6648231
 1.8525449 2.6648955
 1.8498573 2.6642964
 1.8491766 2.6637418
 1.8485155 2.6642964
 1.8458084 2.6654832
 1.8424401 2.6673346
 1.8421067 2.6676648
 1.8408611 2.6710329
 1.8422319 2.6744013
 1.8424401 2.6746056
 1.8458084 2.6765282
 1.8485975 2.6777694
 1.8458084 2.6791816
 1.8424401 2.6786726
 1.8390719 2.6794522
 1.8378963 2.6777694
 1.8382136 2.6744013
 1.8375510 2.6710329
 1.8382136 2.6676648
 1.8379065 2.6642964
 1.8379862 2.6609282
 1.8377247 2.6575599
 1.8375734 2.6541917
 1.8376200 2.6508234
 1.8368868 2.6474552
 1.8358257 2.6440868
 1.8357036 2.6439648
 1.8323354 2.6427250
 1.8289671 2.6429622
 1.8272042 2.6440868
 1.8263605 2.6474552
 1.8256857 2.6508234
 1.8259004 2.6541917
 1.8258982 2.6575599
 1.8255988 2.6592920
 1.8247769 2.6609282
 1.8255988 2.6620481
 1.8259836 2.6642964
 1.8255988 2.6661670
 1.8244483 2.6676648
 1.8255988 2.6689577
 1.8262483 2.6710329
 1.8255988 2.6731184
 1.8244579 2.6744013
 1.8255988 2.6758592
 1.8260055 2.6777694
 1.8255988 2.6785283
 1.8222306 2.6790040
 1.8188623 2.6791520
 1.8154941 2.6794593
 1.8128626 2.6811378
 1.8124326 2.6845059
 1.8123478 2.6878743
 1.8133985 2.6912425
 1.8152876 2.6946108
 1.8121287 2.6979790
 1.8124294 2.7013474
 1.8121258 2.7019975
 1.8087575 2.7014625
 1.8053893 2.7020173
 1.8042512 2.7013474
 1.8020210 2.6993105
 1.7993140 2.7013474
 1.7986528 2.7014687
 1.7984219 2.7013474
 1.7979823 2.6979790
 1.7978805 2.6946108
 1.7976519 2.6912425
 1.7965801 2.6878743
 1.7952845 2.6865788
 1.7919161 2.6865642
 1.7909205 2.6845059
 1.7903459 2.6811378
 1.7885479 2.6793396
 1.7851796 2.6788318
 1.7818114 2.6780050
 1.7813032 2.6777694
 1.7787328 2.6744013
 1.7784431 2.6742599
 1.7750748 2.6733646
 1.7717066 2.6734853
 1.7689335 2.6744013
 1.7683383 2.6746180
 1.7663887 2.6777694
 1.7649701 2.6791146
 1.7616018 2.6791792
 1.7582335 2.6801457
 1.7563782 2.6811378
 1.7548653 2.6820135
 1.7529585 2.6845059
 1.7515311 2.6878743
 1.7514970 2.6878891
 1.7514749 2.6878743
 1.7498293 2.6845059
 1.7487504 2.6811378
 1.7481288 2.6806560
 1.7447605 2.6795697
 1.7413923 2.6787081
 1.7380240 2.6789110
 1.7346557 2.6783214
 1.7312875 2.6789739
 1.7285573 2.6777694
 1.7312875 2.6771207
 1.7346557 2.6771448
 1.7380240 2.6756697
 1.7398570 2.6744013
 1.7407192 2.6710329
 1.7396984 2.6676648
 1.7380240 2.6665378
 1.7346557 2.6650150
 1.7312875 2.6650181
 1.7282081 2.6642964
 1.7279192 2.6641135
 1.7274499 2.6642964
 1.7245510 2.6645668
 1.7219508 2.6642964
 1.7211827 2.6639769
 1.7204878 2.6642964
 1.7178144 2.6646945
 1.7166927 2.6642964
 1.7157688 2.6609282
 1.7144461 2.6586907
 1.7110778 2.6576765
 1.7104568 2.6575599
 1.7077096 2.6561756
 1.7043413 2.6567056
 1.7009730 2.6569014
 1.6991884 2.6575599
 1.6976048 2.6578732
 1.6942365 2.6592507
 1.6924049 2.6609282
 1.6917341 2.6642964
 1.6908683 2.6658034
 1.6875802 2.6642964
 1.6875000 2.6642029
 1.6861496 2.6609282
 1.6841317 2.6592133
 1.6807635 2.6576838
 1.6789277 2.6575599
 1.6773952 2.6573427
 1.6740270 2.6571295
 1.6723938 2.6575599
 1.6706587 2.6577895
 1.6672904 2.6580868
 1.6639222 2.6577780
 1.6626798 2.6575599
 1.6605539 2.6567056
 1.6571857 2.6562786
 1.6538174 2.6542737
 1.6536726 2.6541917
 1.6504492 2.6508334
 1.6504385 2.6508234
 1.6470809 2.6483178
 1.6437126 2.6479809
 1.6403444 2.6475186
 1.6369761 2.6474888
 1.6369389 2.6474552
 1.6369401 2.6440868
 1.6336077 2.6407545
 1.6302395 2.6407347
 1.6268712 2.6407347
 1.6235030 2.6407492
 1.6201652 2.6440868
 0.9999999E-12    45
 2.0714524 2.6440868
 2.0702376 2.6474552
 2.0703640 2.6508234
 2.0714819 2.6528666
 2.0748503 2.6537526
 2.0764732 2.6541917
 2.0753798 2.6575599
 2.0748503 2.6576972
 2.0737307 2.6575599
 2.0714819 2.6555352
 2.0701888 2.6575599
 2.0681138 2.6589074
 2.0651400 2.6609282
 2.0648487 2.6642964
 2.0678084 2.6676648
 2.0681138 2.6677878
 2.0714819 2.6697607
 2.0748503 2.6700351
 2.0782187 2.6702418
 2.0815868 2.6701739
 2.0849552 2.6699300
 2.0883234 2.6692417
 2.0911484 2.6676648
 2.0916917 2.6670742
 2.0932534 2.6642964
 2.0927684 2.6609282
 2.0916917 2.6597052
 2.0883234 2.6582263
 2.0868154 2.6575599
 2.0849552 2.6549273
 2.0818334 2.6575599
 2.0815868 2.6575851
 2.0814698 2.6575599
 2.0805151 2.6541917
 2.0815868 2.6539824
 2.0849552 2.6538622
 2.0874548 2.6508234
 2.0873866 2.6474552
 2.0863054 2.6440868
 2.0849552 2.6432166
 2.0815868 2.6423821
 2.0782187 2.6421573
 2.0748503 2.6428697
 2.0714819 2.6440573
 2.0714524 2.6440868
 0.9999999E-12     5
 2.1289959 2.6474552
 2.1287425 2.6478083
 2.1287019 2.6474552
 2.1287425 2.6474211
 2.1289959 2.6474552
 0.9999999E-12    27
 2.1724067 2.6508234
 2.1710336 2.6541917
 2.1710594 2.6575599
 2.1719449 2.6609282
 2.1725299 2.6615133
 2.1758983 2.6625683
 2.1792665 2.6632335
 2.1826348 2.6630690
 2.1860030 2.6632254
 2.1893713 2.6630747
 2.1927395 2.6632152
 2.1961079 2.6630750
 2.1994760 2.6625867
 2.2023373 2.6609282
 2.2027011 2.6575599
 2.2028036 2.6541917
 2.2015476 2.6508234
 2.1994760 2.6496279
 2.1961079 2.6490943
 2.1927395 2.6487823
 2.1893713 2.6490862
 2.1860030 2.6487596
 2.1826348 2.6490786
 2.1792665 2.6487381
 2.1758983 2.6497252
 2.1725299 2.6506493
 2.1724067 2.6508234
 0.9999999E-12    53
 2.0244081 2.6541917
 2.0243707 2.6575599
 2.0276947 2.6602223
 2.0282605 2.6609282
 2.0285676 2.6642964
 2.0285108 2.6676648
 2.0284369 2.6710329
 2.0282485 2.6744013
 2.0281818 2.6777694
 2.0280113 2.6811378
 2.0282457 2.6845059
 2.0279806 2.6878743
 2.0277576 2.6912425
 2.0286369 2.6946108
 2.0287640 2.6979790
 2.0310628 2.6996005
 2.0344312 2.6998816
 2.0377994 2.7000151
 2.0411677 2.6990583
 2.0445359 2.6986530
 2.0479043 2.6980875
 2.0482297 2.6979790
 2.0512724 2.6967373
 2.0525191 2.6946108
 2.0522313 2.6912425
 2.0512724 2.6899993
 2.0479043 2.6887527
 2.0445359 2.6881816
 2.0432377 2.6878743
 2.0411677 2.6863189
 2.0410330 2.6845059
 2.0411677 2.6839504
 2.0429578 2.6811378
 2.0411677 2.6790557
 2.0409253 2.6777694
 2.0411677 2.6766810
 2.0431714 2.6744013
 2.0411677 2.6723342
 2.0406642 2.6710329
 2.0411677 2.6690266
 2.0424662 2.6676648
 2.0411677 2.6661468
 2.0406711 2.6642964
 2.0408516 2.6609282
 2.0385475 2.6575599
 2.0377994 2.6569679
 2.0362880 2.6575599
 2.0344312 2.6577153
 2.0339088 2.6575599
 2.0319672 2.6541917
 2.0310628 2.6528606
 2.0276947 2.6516888
 2.0244081 2.6541917
 0.9999999E-12    23
 1.9476566 2.6575599
 1.9468563 2.6580892
 1.9434880 2.6605868
 1.9432164 2.6609282
 1.9426246 2.6642964
 1.9434880 2.6660748
 1.9441655 2.6676648
 1.9468563 2.6694846
 1.9502245 2.6702123
 1.9535928 2.6703997
 1.9569612 2.6703074
 1.9603294 2.6692705
 1.9636977 2.6684630
 1.9644959 2.6676648
 1.9656402 2.6642964
 1.9653320 2.6609282
 1.9636977 2.6582491
 1.9603294 2.6581109
 1.9594249 2.6575599
 1.9569612 2.6554472
 1.9535928 2.6571939
 1.9502245 2.6556249
 1.9476566 2.6575599
 0.9999999E-12    29
 2.4380560 2.6575599
 2.4352546 2.6582098
 2.4318862 2.6577580
 2.4285181 2.6588485
 2.4251497 2.6603150
 2.4245331 2.6609282
 2.4234843 2.6642964
 2.4251497 2.6676013
 2.4252133 2.6676648
 2.4285181 2.6693943
 2.4318862 2.6705606
 2.4352546 2.6701219
 2.4386227 2.6709921
 2.4419911 2.6701162
 2.4453592 2.6710126
 2.4487276 2.6698325
 2.4520957 2.6686361
 2.4527071 2.6676648
 2.4532351 2.6642964
 2.4529102 2.6609282
 2.4520957 2.6595955
 2.4487276 2.6584899
 2.4458437 2.6575599
 2.4453592 2.6571584
 2.4448030 2.6575599
 2.4419911 2.6582329
 2.4391758 2.6575599
 2.4386227 2.6571608
 2.4380560 2.6575599
 0.9999999E-12    37
 2.7671854 2.6676648
 2.7653444 2.6684382
 2.7626019 2.6710329
 2.7625928 2.6744013
 2.7653444 2.6769552
 2.7672331 2.6777694
 2.7687125 2.6786706
 2.7720809 2.6785638
 2.7754490 2.6789904
 2.7788174 2.6777837
 2.7821856 2.6786594
 2.7855539 2.6786573
 2.7889221 2.6790016
 2.7922904 2.6779201
 2.7956588 2.6788037
 2.7963617 2.6811378
 2.7990270 2.6843863
 2.8023953 2.6840792
 2.8042476 2.6811378
 2.8037741 2.6777694
 2.8023953 2.6763508
 2.7990270 2.6754463
 2.7979639 2.6744013
 2.7973728 2.6710329
 2.7956588 2.6689274
 2.7922904 2.6677697
 2.7919178 2.6676648
 2.7889221 2.6665864
 2.7855539 2.6669831
 2.7821856 2.6668916
 2.7790916 2.6676648
 2.7788174 2.6677113
 2.7786603 2.6676648
 2.7754490 2.6664832
 2.7720809 2.6668639
 2.7687125 2.6667609
 2.7671854 2.6676648
 0.9999999E-12    17
 1.7076054 2.6710329
 1.7077096 2.6715028
 1.7079870 2.6744013
 1.7077096 2.6745720
 1.7055312 2.6777694
 1.7043413 2.6786032
 1.7009730 2.6791077
 1.6976048 2.6789403
 1.6942365 2.6782539
 1.6935687 2.6777694
 1.6940461 2.6744013
 1.6935773 2.6710329
 1.6942365 2.6694980
 1.6976048 2.6699448
 1.7009730 2.6706953
 1.7043413 2.6706970
 1.7076054 2.6710329
 0.9999999E-12     5
 1.7112554 2.6710329
 1.7110778 2.6717982
 1.7078685 2.6710329
 1.7110778 2.6707828
 1.7112554 2.6710329
 0.9999999E-12    51
 2.0947809 2.6744013
 2.0919967 2.6777694
 2.0923774 2.6811378
 2.0950599 2.6829932
 2.0964799 2.6845059
 2.0980480 2.6878743
 2.0979381 2.6912425
 2.0984282 2.6928291
 2.0987449 2.6946108
 2.1017964 2.6976640
 2.1024725 2.6979790
 2.1051648 2.6994298
 2.1085329 2.6995540
 2.1119013 2.7002120
 2.1152694 2.7001987
 2.1163230 2.7013474
 2.1163743 2.7047155
 2.1173143 2.7080839
 2.1186378 2.7103975
 2.1195560 2.7114522
 2.1220059 2.7130680
 2.1253743 2.7124143
 2.1263151 2.7114522
 2.1280153 2.7080839
 2.1287425 2.7074742
 2.1321108 2.7069299
 2.1345413 2.7047155
 2.1346993 2.7013474
 2.1348157 2.6979790
 2.1321108 2.6952634
 2.1287425 2.6949668
 2.1276309 2.6946108
 2.1253743 2.6930332
 2.1221778 2.6946108
 2.1220059 2.6946344
 2.1219766 2.6946108
 2.1218200 2.6912425
 2.1199756 2.6878743
 2.1186378 2.6869447
 2.1152694 2.6861708
 2.1145005 2.6845059
 2.1128914 2.6811378
 2.1119013 2.6805010
 2.1085329 2.6790042
 2.1080325 2.6777694
 2.1082733 2.6744013
 2.1051648 2.6715312
 2.1017964 2.6719460
 2.0984282 2.6712744
 2.0950599 2.6742740
 2.0947809 2.6744013
 0.9999999E-12    35
 2.3725934 2.6744013
 2.3712575 2.6750572
 2.3693788 2.6777694
 2.3678892 2.6797996
 2.3645210 2.6796792
 2.3611526 2.6800871
 2.3577845 2.6808262
 2.3572445 2.6811378
 2.3548279 2.6845059
 2.3548605 2.6878743
 2.3564789 2.6912425
 2.3577845 2.6919975
 2.3611526 2.6927335
 2.3645210 2.6929588
 2.3678892 2.6923969
 2.3712575 2.6922081
 2.3730125 2.6912425
 2.3746257 2.6905608
 2.3772151 2.6878743
 2.3779941 2.6866481
 2.3813622 2.6846669
 2.3847306 2.6856236
 2.3868656 2.6845059
 2.3880987 2.6842258
 2.3914671 2.6823235
 2.3920541 2.6811378
 2.3919129 2.6777694
 2.3914671 2.6759212
 2.3908241 2.6744013
 2.3880987 2.6732318
 2.3847306 2.6724799
 2.3813622 2.6726184
 2.3779941 2.6727872
 2.3746257 2.6734891
 2.3725934 2.6744013
 0.9999999E-12     5
 1.7199436 2.6777694
 1.7178144 2.6797006
 1.7144759 2.6777694
 1.7178144 2.6774457
 1.7199436 2.6777694
 0.9999999E-12    11
 1.7268482 2.6777694
 1.7266337 2.6811378
 1.7249600 2.6845059
 1.7245510 2.6855977
 1.7216356 2.6845059
 1.7211827 2.6838233
 1.7194905 2.6811378
 1.7211827 2.6792395
 1.7225561 2.6777694
 1.7245510 2.6775599
 1.7268482 2.6777694
 0.9999999E-12     5
 1.8531518 2.6777694
 1.8525449 2.6803918
 1.8498511 2.6777694
 1.8525449 2.6772723
 1.8531518 2.6777694
 0.9999999E-12     5
 2.1358917 2.6777694
 2.1354790 2.6800246
 2.1336963 2.6777694
 2.1354790 2.6775982
 2.1358917 2.6777694
 0.9999999E-12    31
 2.8238723 2.6777694
 2.8231559 2.6811378
 2.8226335 2.6845059
 2.8231590 2.6878743
 2.8243902 2.6912425
 2.8259730 2.6923347
 2.8293414 2.6931715
 2.8327096 2.6929545
 2.8360779 2.6938510
 2.8394461 2.6938958
 2.8428144 2.6944637
 2.8461826 2.6940837
 2.8495510 2.6941695
 2.8529191 2.6934447
 2.8562875 2.6921353
 2.8573112 2.6912425
 2.8583310 2.6878743
 2.8567288 2.6845059
 2.8562875 2.6841507
 2.8529191 2.6825526
 2.8495510 2.6818159
 2.8461826 2.6818187
 2.8428144 2.6814702
 2.8394461 2.6819937
 2.8360779 2.6820867
 2.8327096 2.6823940
 2.8317738 2.6811378
 2.8307717 2.6777694
 2.8293414 2.6763849
 2.8259730 2.6760876
 2.8238723 2.6777694
 0.9999999E-12    15
 1.9954967 2.6811378
 1.9947605 2.6845059
 1.9947983 2.6878743
 1.9957607 2.6912425
 1.9973803 2.6928620
 2.0007486 2.6926105
 2.0041168 2.6929812
 2.0065489 2.6912425
 2.0072584 2.6878743
 2.0071118 2.6845059
 2.0071015 2.6811378
 2.0041168 2.6791391
 2.0007486 2.6790338
 1.9973803 2.6792543
 1.9954967 2.6811378
 0.9999999E-12    19
 2.0172818 2.6811378
 2.0158112 2.6845059
 2.0152388 2.6878743
 2.0150924 2.6912425
 2.0152740 2.6946108
 2.0161254 2.6979790
 2.0175898 2.6994433
 2.0209582 2.6999431
 2.0243263 2.6999526
 2.0269258 2.6979790
 2.0270815 2.6946108
 2.0276456 2.6912425
 2.0274231 2.6878743
 2.0267096 2.6845059
 2.0253320 2.6811378
 2.0243263 2.6804662
 2.0209582 2.6803124
 2.0175898 2.6808295
 2.0172818 2.6811378
 0.9999999E-12    65
 1.8603567 2.6845059
 1.8626497 2.6860199
 1.8653083 2.6845059
 1.8660179 2.6843822
 1.8665601 2.6845059
 1.8693862 2.6867559
 1.8719795 2.6845059
 1.8727545 2.6842945
 1.8733999 2.6845059
 1.8730220 2.6878743
 1.8727545 2.6881511
 1.8693862 2.6902277
 1.8685883 2.6912425
 1.8682395 2.6946108
 1.8693862 2.6965258
 1.8701366 2.6979790
 1.8727545 2.6999187
 1.8734001 2.7013474
 1.8730296 2.7047155
 1.8761228 2.7077577
 1.8794911 2.7075634
 1.8802581 2.7080839
 1.8794911 2.7111022
 1.8761228 2.7093246
 1.8727545 2.7111163
 1.8693862 2.7082193
 1.8693157 2.7080839
 1.8677845 2.7047155
 1.8660179 2.7038479
 1.8630482 2.7047155
 1.8626497 2.7049003
 1.8611475 2.7080839
 1.8603647 2.7114522
 1.8607861 2.7148204
 1.8596014 2.7181888
 1.8592814 2.7184391
 1.8590072 2.7181888
 1.8559132 2.7151189
 1.8556443 2.7148204
 1.8525449 2.7117913
 1.8522154 2.7114522
 1.8491766 2.7087147
 1.8458084 2.7090034
 1.8424401 2.7082093
 1.8421260 2.7080839
 1.8403730 2.7047155
 1.8390719 2.7040412
 1.8383934 2.7013474
 1.8390719 2.6981673
 1.8424401 2.7003975
 1.8458084 2.7007484
 1.8466737 2.7013474
 1.8468096 2.7047155
 1.8491766 2.7069886
 1.8525449 2.7068267
 1.8559132 2.7060068
 1.8569695 2.7047155
 1.8573774 2.7013474
 1.8584872 2.6979790
 1.8586022 2.6946108
 1.8585471 2.6912425
 1.8580683 2.6878743
 1.8580126 2.6845059
 1.8592814 2.6841950
 1.8603567 2.6845059
 0.9999999E-12    81
 2.0574844 2.6878743
 2.0557642 2.6912425
 2.0558050 2.6946108
 2.0565021 2.6979790
 2.0580089 2.6995070
 2.0613773 2.6999266
 2.0647454 2.7008510
 2.0681138 2.7002697
 2.0707014 2.7013474
 2.0681138 2.7033966
 2.0647454 2.7027881
 2.0613773 2.7038879
 2.0596733 2.7047155
 2.0580702 2.7080839
 2.0586989 2.7114522
 2.0613773 2.7130513
 2.0647454 2.7139137
 2.0681138 2.7133691
 2.0693550 2.7148204
 2.0714819 2.7178175
 2.0718994 2.7181888
 2.0748503 2.7203493
 2.0774851 2.7215569
 2.0782187 2.7221072
 2.0796113 2.7215569
 2.0815868 2.7213225
 2.0818560 2.7215569
 2.0849552 2.7241209
 2.0883234 2.7237952
 2.0894234 2.7249253
 2.0902328 2.7282934
 2.0916917 2.7297523
 2.0950599 2.7302167
 2.0984282 2.7306168
 2.1017964 2.7299616
 2.1051648 2.7308681
 2.1056106 2.7316618
 2.1085329 2.7349551
 2.1119013 2.7342045
 2.1133215 2.7316618
 2.1126773 2.7282934
 2.1119013 2.7274330
 2.1085329 2.7259026
 2.1079247 2.7249253
 2.1077039 2.7215569
 2.1051648 2.7181933
 2.1051617 2.7181888
 2.1021736 2.7148204
 2.1039956 2.7114522
 2.1017964 2.7091722
 2.1009648 2.7080839
 2.1008604 2.7047155
 2.0984282 2.7024083
 2.0950599 2.7021127
 2.0930901 2.7013474
 2.0916917 2.7001002
 2.0898647 2.7013474
 2.0883234 2.7015371
 2.0881367 2.7013474
 2.0882342 2.6979790
 2.0852773 2.6946108
 2.0849552 2.6943433
 2.0845423 2.6946108
 2.0815868 2.6950183
 2.0782187 2.6948175
 2.0754528 2.6979790
 2.0753005 2.7013474
 2.0748503 2.7018833
 2.0723338 2.7013474
 2.0741239 2.6979790
 2.0743053 2.6946108
 2.0745275 2.6912425
 2.0727394 2.6878743
 2.0714819 2.6869628
 2.0681138 2.6870873
 2.0647454 2.6858428
 2.0615175 2.6878743
 2.0613773 2.6879120
 2.0603993 2.6878743
 2.0580089 2.6874061
 2.0574844 2.6878743
 0.9999999E-12    27
 2.2494383 2.6878743
 2.2466319 2.6891332
 2.2455268 2.6912425
 2.2460630 2.6946108
 2.2460415 2.6979790
 2.2466319 2.6985693
 2.2500000 2.7000389
 2.2533684 2.7005255
 2.2567365 2.7005942
 2.2601049 2.7006016
 2.2634730 2.7005033
 2.2668414 2.7000120
 2.2702096 2.6982582
 2.2704885 2.6979790
 2.2702096 2.6965528
 2.2701409 2.6946108
 2.2702096 2.6935740
 2.2709394 2.6912425
 2.2702096 2.6898823
 2.2675090 2.6878743
 2.2668414 2.6875656
 2.2634730 2.6863487
 2.2601049 2.6860716
 2.2567365 2.6862049
 2.2533684 2.6861353
 2.2500000 2.6876886
 2.2494383 2.6878743
 0.9999999E-12    89
 2.4510255 2.6878743
 2.4487276 2.6883569
 2.4453592 2.6879137
 2.4419911 2.6889715
 2.4386227 2.6903110
 2.4377377 2.6912425
 2.4370134 2.6946108
 2.4386227 2.6975310
 2.4391685 2.6979790
 2.4419911 2.6994164
 2.4453592 2.7006664
 2.4487276 2.7002368
 2.4520957 2.7011421
 2.4554641 2.7000661
 2.4588323 2.7004397
 2.4622006 2.6990061
 2.4637794 2.7013474
 2.4622006 2.7027318
 2.4588323 2.7022109
 2.4554641 2.7036426
 2.4520957 2.7017863
 2.4487276 2.7028661
 2.4453592 2.7025921
 2.4434712 2.7047155
 2.4427447 2.7080839
 2.4419911 2.7099135
 2.4386227 2.7097886
 2.4352546 2.7103043
 2.4318862 2.7097685
 2.4285181 2.7102442
 2.4251497 2.7108679
 2.4242148 2.7114522
 2.4223716 2.7148204
 2.4223611 2.7181888
 2.4243410 2.7215569
 2.4251497 2.7220619
 2.4285181 2.7227066
 2.4318862 2.7232153
 2.4352546 2.7226992
 2.4386227 2.7232187
 2.4419911 2.7218163
 2.4430244 2.7215569
 2.4453592 2.7204459
 2.4462922 2.7181888
 2.4480252 2.7148204
 2.4487276 2.7145286
 2.4515877 2.7148204
 2.4520957 2.7150033
 2.4524553 2.7148204
 2.4554641 2.7140539
 2.4579203 2.7148204
 2.4588323 2.7153304
 2.4600308 2.7148204
 2.4622006 2.7145331
 2.4648492 2.7148204
 2.4655688 2.7150922
 2.4659348 2.7148204
 2.4689372 2.7135007
 2.4716597 2.7114522
 2.4723055 2.7104936
 2.4739764 2.7080839
 2.4756737 2.7074389
 2.4783223 2.7080839
 2.4790421 2.7086072
 2.4797187 2.7080839
 2.4824102 2.7073355
 2.4857786 2.7078047
 2.4891467 2.7061324
 2.4914534 2.7047155
 2.4922206 2.7013474
 2.4904811 2.6979790
 2.4891467 2.6972961
 2.4857786 2.6952400
 2.4824102 2.6957285
 2.4790745 2.6946108
 2.4790421 2.6945815
 2.4790080 2.6946108
 2.4756737 2.6955743
 2.4723055 2.6950409
 2.4689372 2.6962876
 2.4655936 2.6946108
 2.4655688 2.6945426
 2.4645371 2.6912425
 2.4622006 2.6896901
 2.4588323 2.6880996
 2.4554641 2.6884878
 2.4530461 2.6878743
 2.4520957 2.6872184
 2.4510255 2.6878743
 0.9999999E-12   103
 1.7720468 2.6912425
 1.7750748 2.6931276
 1.7784431 2.6940720
 1.7788666 2.6946108
 1.7784431 2.6967132
 1.7776582 2.6979790
 1.7784431 2.6990693
 1.7789024 2.7013474
 1.7784431 2.7022879
 1.7750748 2.7046669
 1.7750192 2.7047155
 1.7732059 2.7080839
 1.7717066 2.7107954
 1.7711090 2.7114522
 1.7717066 2.7126617
 1.7719389 2.7148204
 1.7717977 2.7181888
 1.7734879 2.7215569
 1.7750748 2.7225916
 1.7784431 2.7241542
 1.7787234 2.7249253
 1.7791152 2.7282934
 1.7818114 2.7311852
 1.7851796 2.7304211
 1.7885479 2.7306395
 1.7919161 2.7309694
 1.7926540 2.7316618
 1.7930434 2.7350299
 1.7952845 2.7370257
 1.7986528 2.7374260
 1.8014891 2.7383983
 1.8020210 2.7388470
 1.8025730 2.7383983
 1.8053893 2.7376609
 1.8064525 2.7383983
 1.8086027 2.7417665
 1.8087575 2.7419167
 1.8121258 2.7439349
 1.8127824 2.7451348
 1.8121258 2.7476966
 1.8111960 2.7485030
 1.8121258 2.7500648
 1.8122956 2.7518713
 1.8121258 2.7527225
 1.8087575 2.7525313
 1.8081981 2.7518713
 1.8053893 2.7492604
 1.8042499 2.7485030
 1.8020210 2.7469633
 1.7986528 2.7468753
 1.7952845 2.7464180
 1.7919161 2.7469978
 1.7902039 2.7451348
 1.7897131 2.7417665
 1.7885479 2.7406013
 1.7851796 2.7395859
 1.7838134 2.7383983
 1.7837114 2.7350299
 1.7818114 2.7320395
 1.7784431 2.7320831
 1.7770686 2.7316618
 1.7750748 2.7300632
 1.7727166 2.7316618
 1.7717066 2.7318738
 1.7714013 2.7316618
 1.7706079 2.7282934
 1.7691191 2.7249253
 1.7683383 2.7241445
 1.7649701 2.7245998
 1.7639588 2.7215569
 1.7635156 2.7181888
 1.7616018 2.7151384
 1.7613796 2.7148204
 1.7616018 2.7127628
 1.7618724 2.7114522
 1.7616018 2.7108624
 1.7610161 2.7080839
 1.7593236 2.7047155
 1.7582335 2.7040765
 1.7548653 2.7045565
 1.7546778 2.7047155
 1.7528950 2.7080839
 1.7522297 2.7114522
 1.7526169 2.7148204
 1.7514970 2.7152510
 1.7510906 2.7148204
 1.7512686 2.7114522
 1.7495160 2.7080839
 1.7505629 2.7047155
 1.7498170 2.7013474
 1.7514970 2.6994121
 1.7545362 2.6979790
 1.7548653 2.6968062
 1.7553661 2.6946108
 1.7582335 2.6925809
 1.7596860 2.6946108
 1.7616018 2.6974704
 1.7649701 2.6977432
 1.7677656 2.6946108
 1.7683383 2.6935303
 1.7711877 2.6912425
 1.7717066 2.6889696
 1.7720468 2.6912425
 0.9999999E-12     5
 1.8188916 2.6946108
 1.8188623 2.6946414
 1.8171601 2.6946108
 1.8188623 2.6945055
 1.8188916 2.6946108
 0.9999999E-12     5
 1.8393455 2.6946108
 1.8390719 2.6976523
 1.8383994 2.6946108
 1.8390719 2.6937196
 1.8393455 2.6946108
 0.9999999E-12    19
 2.1988287 2.6946108
 2.1961079 2.6949778
 2.1927395 2.6957088
 2.1913085 2.6979790
 2.1915367 2.7013474
 2.1914654 2.7047155
 2.1927395 2.7066321
 2.1961079 2.7074335
 2.1994760 2.7079651
 2.2028444 2.7069814
 2.2062125 2.7051141
 2.2066915 2.7047155
 2.2082448 2.7013474
 2.2074237 2.6979790
 2.2062125 2.6968815
 2.2028444 2.6953802
 2.2000704 2.6946108
 2.1994760 2.6942739
 2.1988287 2.6946108
 0.9999999E-12     9
 2.8910685 2.6946108
 2.8912706 2.6979790
 2.8933384 2.6999450
 2.8967066 2.6998861
 2.8985786 2.6979790
 2.8988171 2.6946108
 2.8967066 2.6918714
 2.8933384 2.6917963
 2.8910685 2.6946108
 0.9999999E-12    25
 2.0257783 2.7047155
 2.0243263 2.7072310
 2.0240512 2.7080839
 2.0217855 2.7114522
 2.0218253 2.7148204
 2.0217526 2.7181888
 2.0235512 2.7215569
 2.0243263 2.7221980
 2.0264590 2.7215569
 2.0276947 2.7214832
 2.0280399 2.7215569
 2.0310628 2.7233889
 2.0342059 2.7215569
 2.0344312 2.7214921
 2.0377994 2.7213864
 2.0402756 2.7181888
 2.0401735 2.7148204
 2.0392697 2.7114522
 2.0377994 2.7104909
 2.0344312 2.7093213
 2.0323191 2.7080839
 2.0310628 2.7052383
 2.0302658 2.7047155
 2.0276947 2.7038364
 2.0257783 2.7047155
 0.9999999E-12    19
 2.0035222 2.7114522
 2.0022821 2.7148204
 2.0024695 2.7181888
 2.0041168 2.7210400
 2.0074852 2.7211916
 2.0087843 2.7215569
 2.0108533 2.7229521
 2.0133829 2.7215569
 2.0142217 2.7213721
 2.0175898 2.7213099
 2.0199676 2.7181888
 2.0198717 2.7148204
 2.0189137 2.7114522
 2.0175898 2.7105818
 2.0142217 2.7096679
 2.0108533 2.7094092
 2.0074852 2.7100866
 2.0041168 2.7108574
 2.0035222 2.7114522
 0.9999999E-12    23
 2.2478087 2.7114522
 2.2467172 2.7148204
 2.2466319 2.7179353
 2.2466042 2.7181888
 2.2466319 2.7182512
 2.2500000 2.7214465
 2.2504013 2.7215569
 2.2533684 2.7230518
 2.2567365 2.7230654
 2.2601049 2.7229583
 2.2634730 2.7220178
 2.2642591 2.7215569
 2.2668414 2.7203348
 2.2688668 2.7181888
 2.2690091 2.7148204
 2.2668414 2.7121024
 2.2658432 2.7114522
 2.2634730 2.7100809
 2.2601049 2.7094250
 2.2567365 2.7092829
 2.2533684 2.7094033
 2.2500000 2.7103925
 2.2478087 2.7114522
 0.9999999E-12    17
 2.2953656 2.7114522
 2.2940388 2.7148204
 2.2939541 2.7181888
 2.2971556 2.7215245
 2.2973497 2.7215569
 2.3005240 2.7226396
 2.3038921 2.7226932
 2.3070235 2.7215569
 2.3072605 2.7215152
 2.3105185 2.7181888
 2.3104548 2.7148204
 2.3090510 2.7114522
 2.3072605 2.7105625
 2.3038921 2.7097301
 2.3005240 2.7097476
 2.2971556 2.7105186
 2.2953656 2.7114522
 0.9999999E-12     5
 1.8055465 2.7148204
 1.8053893 2.7152255
 1.8052505 2.7148204
 1.8053893 2.7147048
 1.8055465 2.7148204
 0.9999999E-12     5
 1.8876809 2.7148204
 1.8862276 2.7160249
 1.8838125 2.7148204
 1.8862276 2.7139344
 1.8876809 2.7148204
 0.9999999E-12    17
 2.1394112 2.7215569
 2.1388474 2.7248743
 2.1388326 2.7249253
 2.1384354 2.7282934
 2.1388474 2.7293763
 2.1392887 2.7316618
 2.1417844 2.7350299
 2.1422155 2.7352467
 2.1435201 2.7350299
 2.1455839 2.7347095
 2.1473453 2.7316618
 2.1479926 2.7282934
 2.1477139 2.7249253
 2.1471786 2.7215569
 2.1455839 2.7195532
 2.1422155 2.7191133
 2.1394112 2.7215569
 0.9999999E-12     9
 2.2815297 2.7215569
 2.2813776 2.7249253
 2.2836826 2.7277436
 2.2870510 2.7277286
 2.2892928 2.7249253
 2.2891383 2.7215569
 2.2870510 2.7194347
 2.2836826 2.7194076
 2.2815297 2.7215569
 0.9999999E-12    11
 1.8193041 2.7249253
 1.8188623 2.7278812
 1.8181839 2.7282934
 1.8154941 2.7298861
 1.8148197 2.7282934
 1.8121258 2.7263715
 1.8114781 2.7249253
 1.8121258 2.7219641
 1.8154941 2.7236531
 1.8188623 2.7234025
 1.8193041 2.7249253
 0.9999999E-12    17
 1.9432551 2.7282934
 1.9426162 2.7316618
 1.9434880 2.7334926
 1.9452238 2.7350299
 1.9468563 2.7357380
 1.9502245 2.7359672
 1.9535928 2.7351015
 1.9538072 2.7350299
 1.9569612 2.7329552
 1.9575548 2.7316618
 1.9569612 2.7286246
 1.9568962 2.7282934
 1.9535928 2.7263598
 1.9502245 2.7255521
 1.9468563 2.7261343
 1.9434880 2.7280047
 1.9432551 2.7282934
 0.9999999E-12    21
 2.0653350 2.7282934
 2.0647454 2.7293990
 2.0637321 2.7316618
 2.0630569 2.7350299
 2.0632155 2.7383983
 2.0637631 2.7417665
 2.0647454 2.7433455
 2.0681138 2.7440889
 2.0714819 2.7448995
 2.0748503 2.7436166
 2.0782015 2.7417665
 2.0782187 2.7417407
 2.0796275 2.7383983
 2.0782187 2.7350781
 2.0781932 2.7350299
 2.0748503 2.7329500
 2.0736382 2.7316618
 2.0722005 2.7282934
 2.0714819 2.7274606
 2.0681138 2.7264414
 2.0653350 2.7282934
 0.9999999E-12     5
 1.8195492 2.7316618
 1.8188623 2.7331207
 1.8164259 2.7316618
 1.8188623 2.7285616
 1.8195492 2.7316618
 0.9999999E-12    19
 2.1538787 2.7350299
 2.1528022 2.7383983
 2.1536927 2.7417665
 2.1556888 2.7430377
 2.1584351 2.7451348
 2.1590569 2.7464252
 2.1598628 2.7485030
 2.1624253 2.7504649
 2.1657934 2.7500222
 2.1672003 2.7485030
 2.1678972 2.7451348
 2.1683853 2.7417665
 2.1676733 2.7383983
 2.1663880 2.7350299
 2.1657934 2.7344890
 2.1624253 2.7333977
 2.1590569 2.7330067
 2.1556888 2.7339180
 2.1538787 2.7350299
 0.9999999E-12    13
 1.7387357 2.7383983
 1.7405812 2.7417665
 1.7413923 2.7425017
 1.7447605 2.7446978
 1.7457695 2.7451348
 1.7447605 2.7464914
 1.7413923 2.7455559
 1.7380240 2.7455292
 1.7371757 2.7451348
 1.7373772 2.7417665
 1.7354962 2.7383983
 1.7380240 2.7375450
 1.7387357 2.7383983
 0.9999999E-12     5
 1.8258774 2.7383983
 1.8255988 2.7388866
 1.8231138 2.7383983
 1.8255988 2.7378149
 1.8258774 2.7383983
 0.9999999E-12    39
 1.8971184 2.7417665
 1.8963324 2.7426069
 1.8950533 2.7451348
 1.8956056 2.7485030
 1.8963324 2.7493696
 1.8997006 2.7511368
 1.9005263 2.7518713
 1.9020770 2.7552395
 1.9030689 2.7566721
 1.9064372 2.7584801
 1.9066865 2.7586079
 1.9098054 2.7610662
 1.9131737 2.7602162
 1.9155146 2.7619760
 1.9165419 2.7638428
 1.9194361 2.7653444
 1.9199102 2.7655153
 1.9232785 2.7660615
 1.9253207 2.7653444
 1.9266467 2.7650661
 1.9300150 2.7627356
 1.9303610 2.7619760
 1.9300150 2.7586234
 1.9300138 2.7586079
 1.9266467 2.7563841
 1.9257456 2.7552395
 1.9250642 2.7518713
 1.9235140 2.7485030
 1.9232785 2.7482674
 1.9199102 2.7478426
 1.9165419 2.7463374
 1.9131737 2.7466185
 1.9116386 2.7451348
 1.9106842 2.7417665
 1.9098054 2.7403479
 1.9064372 2.7399375
 1.9030689 2.7388449
 1.8997006 2.7404399
 1.8971184 2.7417665
 0.9999999E-12    15
 1.8327527 2.7451348
 1.8326044 2.7485030
 1.8327159 2.7518713
 1.8327618 2.7552395
 1.8340698 2.7586079
 1.8331375 2.7619760
 1.8323354 2.7621078
 1.8321890 2.7619760
 1.8320142 2.7586079
 1.8317835 2.7552395
 1.8312455 2.7518713
 1.8321141 2.7485030
 1.8319359 2.7451348
 1.8323354 2.7449329
 1.8327527 2.7451348
 0.9999999E-12    23
 2.1730926 2.7451348
 2.1725299 2.7458904
 2.1703169 2.7485030
 2.1702232 2.7518713
 2.1704497 2.7552395
 2.1713569 2.7586079
 2.1725299 2.7600853
 2.1758983 2.7604458
 2.1792665 2.7615449
 2.1798933 2.7619760
 2.1826348 2.7651091
 2.1860030 2.7647910
 2.1878521 2.7619760
 2.1889846 2.7586079
 2.1890435 2.7552395
 2.1888328 2.7518713
 2.1870389 2.7485030
 2.1860030 2.7478716
 2.1826348 2.7463591
 2.1811526 2.7451348
 2.1792665 2.7421253
 2.1758983 2.7418153
 2.1730926 2.7451348
 0.9999999E-12    59
 2.0358238 2.7485030
 2.0344312 2.7491596
 2.0311277 2.7518713
 2.0311978 2.7552395
 2.0344312 2.7576663
 2.0364377 2.7586079
 2.0377994 2.7595525
 2.0411677 2.7586195
 2.0418930 2.7619760
 2.0424020 2.7653444
 2.0445359 2.7674782
 2.0479043 2.7678492
 2.0512724 2.7680936
 2.0546408 2.7679222
 2.0558765 2.7687125
 2.0563889 2.7720809
 2.0580089 2.7746694
 2.0613773 2.7745700
 2.0635455 2.7754490
 2.0647454 2.7765927
 2.0659850 2.7754490
 2.0681138 2.7747600
 2.0707078 2.7754490
 2.0714819 2.7761517
 2.0722449 2.7754490
 2.0748503 2.7744763
 2.0768974 2.7754490
 2.0782187 2.7776792
 2.0792627 2.7788174
 2.0815868 2.7802556
 2.0849552 2.7790685
 2.0851882 2.7788174
 2.0865450 2.7754490
 2.0869858 2.7720809
 2.0865421 2.7687125
 2.0851002 2.7653444
 2.0849552 2.7651901
 2.0815868 2.7633514
 2.0782187 2.7621214
 2.0748503 2.7625649
 2.0730023 2.7619760
 2.0714819 2.7607987
 2.0696905 2.7619760
 2.0681138 2.7622671
 2.0675414 2.7619760
 2.0655141 2.7586079
 2.0647454 2.7576323
 2.0613773 2.7556319
 2.0607188 2.7552395
 2.0580089 2.7534666
 2.0546408 2.7535753
 2.0523114 2.7518713
 2.0512724 2.7502491
 2.0479043 2.7485502
 2.0477719 2.7485030
 2.0445359 2.7471712
 2.0411677 2.7475798
 2.0377994 2.7472737
 2.0358238 2.7485030
 0.9999999E-12     9
 2.0852947 2.7518713
 2.0853314 2.7552395
 2.0883234 2.7576737
 2.0916917 2.7568562
 2.0928726 2.7552395
 2.0929625 2.7518713
 2.0916917 2.7499833
 2.0883234 2.7491925
 2.0852947 2.7518713
 0.9999999E-12    31
 1.7586560 2.7552395
 1.7587479 2.7586079
 1.7598315 2.7619760
 1.7616018 2.7647023
 1.7627940 2.7653444
 1.7649701 2.7663643
 1.7683383 2.7671673
 1.7717066 2.7676044
 1.7750748 2.7684824
 1.7784431 2.7685678
 1.7785012 2.7687125
 1.7784431 2.7688448
 1.7750748 2.7690620
 1.7717066 2.7719777
 1.7715008 2.7720809
 1.7717066 2.7722082
 1.7721123 2.7754490
 1.7717066 2.7770157
 1.7683383 2.7761505
 1.7678432 2.7754490
 1.7660304 2.7720809
 1.7649701 2.7714918
 1.7616018 2.7695873
 1.7582335 2.7698448
 1.7572476 2.7687125
 1.7570029 2.7653444
 1.7556272 2.7619760
 1.7567382 2.7586079
 1.7568440 2.7552395
 1.7582335 2.7545142
 1.7586560 2.7552395
 0.9999999E-12    25
 1.9615974 2.7586079
 1.9616638 2.7619760
 1.9628718 2.7653444
 1.9636977 2.7660363
 1.9670659 2.7668240
 1.9698622 2.7687125
 1.9704342 2.7701728
 1.9722538 2.7720809
 1.9738024 2.7727056
 1.9771707 2.7737682
 1.9805390 2.7731707
 1.9827508 2.7720809
 1.9839072 2.7704456
 1.9846103 2.7687125
 1.9839072 2.7662423
 1.9836067 2.7653444
 1.9805390 2.7635729
 1.9771707 2.7630453
 1.9738024 2.7633531
 1.9727039 2.7619760
 1.9725171 2.7586079
 1.9704342 2.7557352
 1.9670659 2.7556279
 1.9636977 2.7557199
 1.9615974 2.7586079
 0.9999999E-12    53
 1.7994572 2.7619760
 1.8004098 2.7653444
 1.8020210 2.7665491
 1.8053893 2.7673981
 1.8070228 2.7687125
 1.8086152 2.7720809
 1.8087575 2.7722137
 1.8121258 2.7729990
 1.8138218 2.7720809
 1.8152114 2.7687125
 1.8154941 2.7685378
 1.8188623 2.7682226
 1.8194377 2.7687125
 1.8190808 2.7720809
 1.8222306 2.7750614
 1.8255988 2.7749896
 1.8262657 2.7754490
 1.8282226 2.7788174
 1.8289671 2.7796054
 1.8323354 2.7817297
 1.8326353 2.7821856
 1.8327868 2.7855539
 1.8332516 2.7889221
 1.8326424 2.7922904
 1.8323354 2.7924793
 1.8310574 2.7922904
 1.8289671 2.7913573
 1.8274451 2.7922904
 1.8255988 2.7926972
 1.8248489 2.7922904
 1.8241138 2.7889221
 1.8241394 2.7855539
 1.8234661 2.7821856
 1.8222306 2.7788732
 1.8221728 2.7788174
 1.8188623 2.7776048
 1.8154941 2.7776682
 1.8140060 2.7788174
 1.8129306 2.7821856
 1.8121258 2.7835364
 1.8108987 2.7821856
 1.8104243 2.7788174
 1.8087575 2.7774470
 1.8053893 2.7768736
 1.8020210 2.7757423
 1.8016185 2.7754490
 1.7997830 2.7720809
 1.7986528 2.7714820
 1.7966216 2.7687125
 1.7976363 2.7653444
 1.7973925 2.7619760
 1.7986528 2.7606175
 1.7994572 2.7619760
 0.9999999E-12     5
 1.8395005 2.7619760
 1.8390719 2.7623837
 1.8380051 2.7619760
 1.8390719 2.7606227
 1.8395005 2.7619760
 0.9999999E-12     5
 1.8866932 2.7619760
 1.8862276 2.7622223
 1.8857672 2.7619760
 1.8862276 2.7604387
 1.8866932 2.7619760
 0.9999999E-12    95
 2.1670556 2.7653444
 2.1657934 2.7685168
 2.1657169 2.7687125
 2.1644299 2.7720809
 2.1647203 2.7754490
 2.1624253 2.7775576
 2.1590569 2.7762387
 2.1556888 2.7760918
 2.1541495 2.7754490
 2.1523390 2.7720809
 2.1523204 2.7720640
 2.1489520 2.7700498
 2.1457050 2.7687125
 2.1455839 2.7686110
 2.1454566 2.7687125
 2.1422155 2.7693999
 2.1388474 2.7688191
 2.1354790 2.7713554
 2.1341109 2.7720809
 2.1324327 2.7754490
 2.1329024 2.7788174
 2.1354790 2.7805481
 2.1380904 2.7821856
 2.1388474 2.7828424
 2.1401048 2.7821856
 2.1422155 2.7819316
 2.1439016 2.7821856
 2.1455839 2.7831576
 2.1469922 2.7821856
 2.1489520 2.7814186
 2.1494231 2.7821856
 2.1495984 2.7855539
 2.1497641 2.7889221
 2.1505229 2.7922904
 2.1512961 2.7956588
 2.1523204 2.7964647
 2.1556888 2.7973266
 2.1582949 2.7990270
 2.1571541 2.8023953
 2.1572661 2.8057635
 2.1568708 2.8091319
 2.1573620 2.8125000
 2.1582396 2.8158684
 2.1590569 2.8173537
 2.1624253 2.8187559
 2.1629491 2.8192365
 2.1639121 2.8226049
 2.1643121 2.8259730
 2.1657934 2.8282850
 2.1663942 2.8293414
 2.1691618 2.8324201
 2.1725299 2.8319285
 2.1741526 2.8293414
 2.1757402 2.8259730
 2.1757286 2.8226049
 2.1758983 2.8219066
 2.1792665 2.8199332
 2.1802857 2.8192365
 2.1825933 2.8158684
 2.1822813 2.8125000
 2.1824596 2.8091319
 2.1792665 2.8071256
 2.1758983 2.8066776
 2.1725299 2.8066137
 2.1691618 2.8063679
 2.1687448 2.8057635
 2.1691618 2.8033998
 2.1699631 2.8023953
 2.1691618 2.8014073
 2.1681466 2.7990270
 2.1668720 2.7956588
 2.1657934 2.7945364
 2.1624253 2.7928002
 2.1622303 2.7922904
 2.1624253 2.7913597
 2.1638403 2.7889221
 2.1642482 2.7855539
 2.1624253 2.7822094
 2.1624222 2.7821856
 2.1624253 2.7821391
 2.1657934 2.7800560
 2.1691618 2.7815056
 2.1725299 2.7821186
 2.1758983 2.7811687
 2.1792665 2.7799382
 2.1803887 2.7788174
 2.1810985 2.7754490
 2.1792665 2.7722058
 2.1791523 2.7720809
 2.1758983 2.7700317
 2.1748943 2.7687125
 2.1734648 2.7653444
 2.1725299 2.7644467
 2.1691618 2.7639170
 2.1670556 2.7653444
 0.9999999E-12    21
 1.9568030 2.7687125
 1.9535928 2.7695575
 1.9502245 2.7691841
 1.9474182 2.7720809
 1.9477324 2.7754490
 1.9473135 2.7788174
 1.9502245 2.7821383
 1.9535928 2.7817242
 1.9560002 2.7821856
 1.9569612 2.7829211
 1.9577500 2.7821856
 1.9603294 2.7802894
 1.9631438 2.7788174
 1.9636977 2.7773044
 1.9641912 2.7754490
 1.9636977 2.7741725
 1.9617624 2.7720809
 1.9603294 2.7714982
 1.9571159 2.7687125
 1.9569612 2.7685590
 1.9568030 2.7687125
 0.9999999E-12    19
 1.9892684 2.7720809
 1.9886701 2.7754490
 1.9891413 2.7788174
 1.9906437 2.7812195
 1.9940120 2.7814047
 1.9972292 2.7821856
 1.9973803 2.7823093
 1.9975295 2.7821856
 2.0007486 2.7809196
 2.0041158 2.7788174
 2.0041168 2.7788143
 2.0051227 2.7754490
 2.0041168 2.7730770
 2.0035272 2.7720809
 2.0007486 2.7705328
 1.9973803 2.7690489
 1.9940120 2.7699926
 1.9906437 2.7702706
 1.9892684 2.7720809
 0.9999999E-12    47
 2.2523000 2.7788174
 2.2518437 2.7821856
 2.2516692 2.7855539
 2.2529101 2.7889221
 2.2533684 2.7893803
 2.2567365 2.7903976
 2.2601049 2.7918196
 2.2634730 2.7917969
 2.2642243 2.7922904
 2.2634730 2.7923255
 2.2601049 2.7928181
 2.2583601 2.7956588
 2.2587879 2.7990270
 2.2585554 2.8023953
 2.2601049 2.8046262
 2.2634730 2.8053098
 2.2644320 2.8057635
 2.2651570 2.8091319
 2.2668414 2.8117406
 2.2702096 2.8123579
 2.2728939 2.8125000
 2.2735779 2.8126743
 2.2738929 2.8125000
 2.2769461 2.8109345
 2.2782209 2.8091319
 2.2769461 2.8065772
 2.2768681 2.8057635
 2.2769461 2.8048837
 2.2781394 2.8023953
 2.2769461 2.8008480
 2.2735779 2.7992146
 2.2724445 2.7990270
 2.2715018 2.7956588
 2.2702096 2.7937191
 2.2678664 2.7922904
 2.2668414 2.7913487
 2.2647982 2.7889221
 2.2668414 2.7876248
 2.2687263 2.7855539
 2.2688570 2.7821856
 2.2668414 2.7796221
 2.2658923 2.7788174
 2.2634730 2.7772732
 2.2601049 2.7765477
 2.2567365 2.7766871
 2.2533684 2.7777493
 2.2523000 2.7788174
 0.9999999E-12    15
 1.8885106 2.7821856
 1.8878050 2.7855539
 1.8878745 2.7889221
 1.8885764 2.7922904
 1.8895959 2.7939091
 1.8929641 2.7950165
 1.8962251 2.7922904
 1.8963324 2.7917767
 1.8971220 2.7889221
 1.8971502 2.7855539
 1.8963324 2.7825420
 1.8962626 2.7821856
 1.8929641 2.7791946
 1.8895959 2.7802975
 1.8885106 2.7821856
 0.9999999E-12    29
 2.0107915 2.7821856
 2.0099649 2.7855539
 2.0099816 2.7889221
 2.0108364 2.7922904
 2.0108533 2.7923243
 2.0142217 2.7949679
 2.0156610 2.7956588
 2.0175898 2.7968631
 2.0209582 2.7965400
 2.0243263 2.7977281
 2.0276947 2.7974336
 2.0310628 2.7974656
 2.0344312 2.7960503
 2.0352039 2.7956588
 2.0377994 2.7936256
 2.0386291 2.7922904
 2.0384815 2.7889221
 2.0377994 2.7879474
 2.0344312 2.7858593
 2.0338390 2.7855539
 2.0310628 2.7839956
 2.0276947 2.7844701
 2.0243263 2.7836812
 2.0209582 2.7851214
 2.0184264 2.7821856
 2.0175898 2.7806728
 2.0142217 2.7792246
 2.0108533 2.7820547
 2.0107915 2.7821856
 0.9999999E-12    39
 1.7790333 2.7855539
 1.7818114 2.7888861
 1.7819748 2.7889221
 1.7851796 2.7901130
 1.7869561 2.7922904
 1.7885479 2.7945976
 1.7919161 2.7950869
 1.7947904 2.7922904
 1.7952845 2.7918227
 1.7986528 2.7894199
 1.8020210 2.7907448
 1.8053893 2.7914660
 1.8055383 2.7922904
 1.8053893 2.7932141
 1.8040751 2.7956588
 1.8053893 2.7974977
 1.8056737 2.7990270
 1.8053893 2.7994688
 1.8020210 2.7998884
 1.7993937 2.8023953
 1.7994288 2.8057635
 1.7986528 2.8071146
 1.7952845 2.8072019
 1.7919161 2.8073163
 1.7908747 2.8057635
 1.7907331 2.8023953
 1.7886643 2.7990270
 1.7885479 2.7987072
 1.7883676 2.7990270
 1.7851796 2.7993801
 1.7845687 2.7990270
 1.7836314 2.7956588
 1.7818114 2.7929223
 1.7784431 2.7925978
 1.7776815 2.7922904
 1.7751043 2.7889221
 1.7753904 2.7855539
 1.7784431 2.7823749
 1.7790333 2.7855539
 0.9999999E-12    21
 2.1024268 2.7855539
 2.1017964 2.7857723
 2.0984282 2.7867734
 2.0973556 2.7889221
 2.0973136 2.7922904
 2.0984282 2.7949452
 2.0999296 2.7956588
 2.1017964 2.7961364
 2.1051648 2.7986405
 2.1056440 2.7990270
 2.1085329 2.8023024
 2.1119013 2.8014011
 2.1131964 2.7990270
 2.1150482 2.7956588
 2.1148572 2.7922904
 2.1148620 2.7889221
 2.1133182 2.7855539
 2.1119013 2.7845888
 2.1085329 2.7845395
 2.1051648 2.7838464
 2.1024268 2.7855539
 0.9999999E-12    17
 1.4549400 2.7889221
 1.4545234 2.7922904
 1.4543366 2.7956588
 1.4550898 2.7968924
 1.4560360 2.7990270
 1.4578640 2.8023953
 1.4584581 2.8027654
 1.4599881 2.8023953
 1.4618263 2.8017662
 1.4631337 2.7990270
 1.4646045 2.7956588
 1.4643301 2.7922904
 1.4641720 2.7889221
 1.4618263 2.7863874
 1.4584581 2.7863526
 1.4550898 2.7886569
 1.4549400 2.7889221
 0.9999999E-12    11
 2.2803805 2.7889221
 2.2804778 2.7922904
 2.2815435 2.7956588
 2.2836826 2.7967343
 2.2870510 2.7967176
 2.2889578 2.7956588
 2.2900476 2.7922904
 2.2901444 2.7889221
 2.2870510 2.7857270
 2.2836826 2.7857585
 2.2803805 2.7889221
 0.9999999E-12     5
 1.7313993 2.7922904
 1.7312875 2.7926297
 1.7311581 2.7922904
 1.7312875 2.7920783
 1.7313993 2.7922904
 0.9999999E-12     5
 1.7582803 2.7922904
 1.7582335 2.7923620
 1.7580185 2.7922904
 1.7582335 2.7921183
 1.7582803 2.7922904
 0.9999999E-12    41
 1.9833968 2.7922904
 1.9816468 2.7956588
 1.9814345 2.7990270
 1.9820896 2.8023953
 1.9839072 2.8052943
 1.9872755 2.8047521
 1.9884686 2.8057635
 1.9906437 2.8088408
 1.9914225 2.8091319
 1.9940120 2.8103907
 1.9962192 2.8125000
 1.9973803 2.8136284
 1.9986727 2.8125000
 2.0007486 2.8120666
 2.0033414 2.8125000
 2.0041168 2.8131564
 2.0048187 2.8125000
 2.0074852 2.8094096
 2.0077422 2.8091319
 2.0074852 2.8088720
 2.0068884 2.8057635
 2.0074852 2.8026612
 2.0077481 2.8023953
 2.0074852 2.8021142
 2.0047660 2.7990270
 2.0041168 2.7984142
 2.0033426 2.7990270
 2.0007486 2.7993946
 2.0002809 2.7990270
 2.0003870 2.7956588
 1.9980192 2.7922904
 1.9973803 2.7917643
 1.9960135 2.7922904
 1.9940120 2.7924345
 1.9934491 2.7922904
 1.9906437 2.7903547
 1.9881438 2.7922904
 1.9872755 2.7925544
 1.9848356 2.7922904
 1.9839072 2.7917800
 1.9833968 2.7922904
 0.9999999E-12    27
 2.0709043 2.7922904
 2.0681138 2.7928720
 2.0647454 2.7933924
 2.0634155 2.7956588
 2.0631640 2.7990270
 2.0640662 2.8023953
 2.0647454 2.8034909
 2.0681138 2.8042164
 2.0700476 2.8057635
 2.0714819 2.8082378
 2.0725272 2.8091319
 2.0748503 2.8104181
 2.0782187 2.8113389
 2.0815868 2.8107972
 2.0849552 2.8093336
 2.0851529 2.8091319
 2.0864198 2.8057635
 2.0849793 2.8023953
 2.0849552 2.8023708
 2.0815868 2.8005323
 2.0801976 2.7990270
 2.0790083 2.7956588
 2.0782187 2.7947531
 2.0748503 2.7932904
 2.0720429 2.7922904
 2.0714819 2.7918971
 2.0709043 2.7922904
 0.9999999E-12    31
 2.1248693 2.7922904
 2.1220059 2.7940869
 2.1197357 2.7956588
 2.1191599 2.7990270
 2.1220059 2.8023043
 2.1221189 2.8023953
 2.1253743 2.8053064
 2.1287425 2.8047817
 2.1314020 2.8057635
 2.1321108 2.8064015
 2.1328557 2.8057635
 2.1354790 2.8049703
 2.1388474 2.8055120
 2.1422155 2.8039641
 2.1448503 2.8023953
 2.1455839 2.8015883
 2.1470206 2.7990270
 2.1462262 2.7956588
 2.1455839 2.7949731
 2.1422155 2.7932148
 2.1399450 2.7922904
 2.1388474 2.7915587
 2.1370089 2.7922904
 2.1354790 2.7924418
 2.1347322 2.7922904
 2.1321108 2.7907825
 2.1298594 2.7922904
 2.1287425 2.7925725
 2.1262727 2.7922904
 2.1253743 2.7918606
 2.1248693 2.7922904
 0.9999999E-12    19
 1.6371925 2.7956588
 1.6372786 2.7990270
 1.6369761 2.8011796
 1.6363618 2.8023953
 1.6369761 2.8033435
 1.6377932 2.8057635
 1.6389443 2.8091319
 1.6403444 2.8103261
 1.6437126 2.8104286
 1.6453583 2.8091319
 1.6465049 2.8057635
 1.6470809 2.8040037
 1.6479626 2.8023953
 1.6470809 2.8001101
 1.6469538 2.7990270
 1.6470401 2.7956588
 1.6437126 2.7929494
 1.6403444 2.7929199
 1.6371925 2.7956588
 0.9999999E-12    53
 1.9005661 2.7956588
 1.9002596 2.7990270
 1.8997006 2.8003175
 1.8978022 2.8023953
 1.8997006 2.8043396
 1.9000193 2.8057635
 1.8997006 2.8076556
 1.8982704 2.8091319
 1.8997006 2.8106906
 1.9012970 2.8125000
 1.9030689 2.8141415
 1.9052197 2.8125000
 1.9064372 2.8123224
 1.9066886 2.8125000
 1.9064531 2.8158684
 1.9081966 2.8192365
 1.9098054 2.8205333
 1.9124893 2.8192365
 1.9131737 2.8191686
 1.9136856 2.8192365
 1.9165419 2.8208234
 1.9185823 2.8192365
 1.9199102 2.8182778
 1.9207001 2.8192365
 1.9210148 2.8226049
 1.9232478 2.8259730
 1.9232785 2.8259947
 1.9266467 2.8270357
 1.9300150 2.8281798
 1.9333832 2.8273897
 1.9367515 2.8275170
 1.9382955 2.8259730
 1.9392838 2.8226049
 1.9393077 2.8192365
 1.9384581 2.8158684
 1.9367515 2.8128607
 1.9333832 2.8138921
 1.9300150 2.8126235
 1.9266467 2.8142803
 1.9235827 2.8125000
 1.9232785 2.8117890
 1.9199982 2.8091319
 1.9199102 2.8091006
 1.9165419 2.8067687
 1.9131737 2.8065405
 1.9127038 2.8057635
 1.9126221 2.8023953
 1.9123269 2.7990270
 1.9113656 2.7956588
 1.9098054 2.7930450
 1.9064372 2.7928374
 1.9030689 2.7926719
 1.9005661 2.7956588
 0.9999999E-12    21
 1.9230727 2.7956588
 1.9223552 2.7990270
 1.9232785 2.8009472
 1.9241230 2.8023953
 1.9266467 2.8039258
 1.9274023 2.8057635
 1.9270127 2.8091319
 1.9300150 2.8123386
 1.9333832 2.8118384
 1.9367515 2.8122249
 1.9387081 2.8091319
 1.9391412 2.8057635
 1.9386888 2.8023953
 1.9367515 2.7993371
 1.9333832 2.7997203
 1.9317851 2.7990270
 1.9300150 2.7959723
 1.9297040 2.7956588
 1.9266467 2.7938242
 1.9232785 2.7954097
 1.9230727 2.7956588
 0.9999999E-12    47
 1.7048821 2.7990270
 1.7050574 2.8023953
 1.7077096 2.8045499
 1.7110778 2.8056977
 1.7111342 2.8057635
 1.7115171 2.8091319
 1.7144461 2.8118055
 1.7176173 2.8125000
 1.7177032 2.8158684
 1.7178144 2.8160040
 1.7200979 2.8192365
 1.7211827 2.8199241
 1.7239256 2.8226049
 1.7241484 2.8259730
 1.7245510 2.8263757
 1.7279192 2.8281698
 1.7309092 2.8293414
 1.7291365 2.8327096
 1.7312875 2.8351595
 1.7316731 2.8360779
 1.7312875 2.8383889
 1.7280924 2.8394461
 1.7279192 2.8400226
 1.7278680 2.8394461
 1.7245510 2.8375683
 1.7231283 2.8360779
 1.7215749 2.8327096
 1.7211827 2.8320906
 1.7178144 2.8302333
 1.7172284 2.8293414
 1.7169400 2.8259730
 1.7162484 2.8226049
 1.7144461 2.8202076
 1.7135072 2.8192365
 1.7110778 2.8168440
 1.7077096 2.8161707
 1.7043413 2.8163848
 1.7038333 2.8158684
 1.7026775 2.8125000
 1.7031690 2.8091319
 1.7022122 2.8057635
 1.7036194 2.8023953
 1.7009730 2.7991681
 1.7009038 2.7990270
 1.7009730 2.7988877
 1.7043413 2.7984056
 1.7048821 2.7990270
 0.9999999E-12    19
 1.7382530 2.7990270
 1.7380240 2.8011885
 1.7368281 2.8023953
 1.7380240 2.8032472
 1.7413923 2.8056159
 1.7447605 2.8056872
 1.7448037 2.8057635
 1.7447605 2.8059011
 1.7413923 2.8060720
 1.7380240 2.8077822
 1.7346557 2.8075025
 1.7312875 2.8072968
 1.7293016 2.8057635
 1.7312875 2.8025453
 1.7315502 2.8023953
 1.7339259 2.7990270
 1.7346557 2.7982681
 1.7380240 2.7986457
 1.7382530 2.7990270
 0.9999999E-12     5
 1.7652984 2.7990270
 1.7649701 2.7996497
 1.7638073 2.7990270
 1.7649701 2.7983532
 1.7652984 2.7990270
 0.9999999E-12     5
 1.7719868 2.8057635
 1.7717066 2.8065786
 1.7704067 2.8057635
 1.7717066 2.8053620
 1.7719868 2.8057635
 0.9999999E-12     5
 1.8333659 2.8057635
 1.8323354 2.8071165
 1.8305612 2.8057635
 1.8323354 2.8048306
 1.8333659 2.8057635
 0.9999999E-12     5
 1.8061943 2.8125000
 1.8053893 2.8138337
 1.8040518 2.8125000
 1.8053893 2.8119466
 1.8061943 2.8125000
 0.9999999E-12    91
 1.6333271 2.8158684
 1.6305186 2.8192365
 1.6302395 2.8211730
 1.6296918 2.8226049
 1.6287125 2.8259730
 1.6302086 2.8293414
 1.6286094 2.8327096
 1.6302395 2.8348329
 1.6306634 2.8360779
 1.6305894 2.8394461
 1.6336077 2.8418806
 1.6366493 2.8428144
 1.6355067 2.8461826
 1.6367484 2.8495510
 1.6362814 2.8529191
 1.6357551 2.8562875
 1.6369761 2.8591025
 1.6370428 2.8596556
 1.6369761 2.8605108
 1.6361433 2.8630240
 1.6369761 2.8640039
 1.6383138 2.8663921
 1.6402966 2.8697605
 1.6403444 2.8697977
 1.6437126 2.8725030
 1.6439948 2.8731289
 1.6437126 2.8743217
 1.6424021 2.8764970
 1.6437126 2.8794847
 1.6437620 2.8798654
 1.6437126 2.8803885
 1.6426812 2.8832335
 1.6433462 2.8866019
 1.6437126 2.8872845
 1.6442299 2.8899701
 1.6462533 2.8933384
 1.6470809 2.8938055
 1.6504492 2.8942788
 1.6538174 2.8939700
 1.6549822 2.8933384
 1.6571857 2.8924139
 1.6594750 2.8899701
 1.6593933 2.8866019
 1.6571857 2.8844256
 1.6562885 2.8832335
 1.6551281 2.8798654
 1.6555836 2.8764970
 1.6539881 2.8731289
 1.6553062 2.8697605
 1.6539528 2.8663921
 1.6571857 2.8641415
 1.6605539 2.8654478
 1.6639222 2.8654683
 1.6672904 2.8646319
 1.6688982 2.8630240
 1.6691823 2.8596556
 1.6695746 2.8562875
 1.6692054 2.8529191
 1.6672904 2.8496933
 1.6672370 2.8495510
 1.6655228 2.8461826
 1.6639222 2.8454738
 1.6624461 2.8428144
 1.6630198 2.8394461
 1.6623412 2.8360779
 1.6627482 2.8327096
 1.6616601 2.8293414
 1.6606389 2.8259730
 1.6605539 2.8258204
 1.6571857 2.8230488
 1.6538174 2.8226843
 1.6504492 2.8232346
 1.6470809 2.8243494
 1.6453788 2.8259730
 1.6449678 2.8293414
 1.6470809 2.8324513
 1.6472305 2.8327096
 1.6499720 2.8360779
 1.6470809 2.8384430
 1.6437126 2.8369391
 1.6411848 2.8360779
 1.6425409 2.8327096
 1.6415584 2.8293414
 1.6425474 2.8259730
 1.6415653 2.8226049
 1.6403444 2.8198621
 1.6402342 2.8192365
 1.6371144 2.8158684
 1.6369761 2.8158002
 1.6336077 2.8157248
 1.6333271 2.8158684
 0.9999999E-12    25
 2.0824933 2.8158684
 2.0815868 2.8164859
 2.0783708 2.8192365
 2.0783813 2.8226049
 2.0815868 2.8251886
 2.0827584 2.8259730
 2.0849552 2.8276086
 2.0883234 2.8273232
 2.0895774 2.8293414
 2.0902977 2.8327096
 2.0916917 2.8341033
 2.0950599 2.8348136
 2.0984282 2.8345988
 2.1013510 2.8327096
 2.1012995 2.8293414
 2.1015792 2.8259730
 2.0996952 2.8226049
 2.0984282 2.8216710
 2.0950599 2.8210583
 2.0946524 2.8192365
 2.0940366 2.8158684
 2.0916917 2.8143163
 2.0883234 2.8141572
 2.0849552 2.8137970
 2.0824933 2.8158684
 0.9999999E-12     5
 1.7795192 2.8192365
 1.7784431 2.8197100
 1.7782160 2.8192365
 1.7784431 2.8191540
 1.7795192 2.8192365
 0.9999999E-12     5
 1.7884899 2.8192365
 1.7851796 2.8225770
 1.7829258 2.8192365
 1.7851796 2.8182294
 1.7884899 2.8192365
 0.9999999E-12     7
 1.7919226 2.8192365
 1.7923348 2.8226049
 1.7919161 2.8231795
 1.7905172 2.8226049
 1.7906109 2.8192365
 1.7919161 2.8192306
 1.7919226 2.8192365
 0.9999999E-12    49
 1.9480014 2.8259730
 1.9479116 2.8293414
 1.9475296 2.8327096
 1.9480479 2.8360779
 1.9468563 2.8367655
 1.9434880 2.8363271
 1.9404577 2.8394461
 1.9408849 2.8428144
 1.9403995 2.8461826
 1.9431009 2.8495510
 1.9434880 2.8498893
 1.9441003 2.8495510
 1.9468563 2.8492754
 1.9474969 2.8495510
 1.9496323 2.8529191
 1.9502245 2.8537405
 1.9535928 2.8560727
 1.9538262 2.8562875
 1.9561960 2.8596556
 1.9569612 2.8609931
 1.9584434 2.8630240
 1.9603294 2.8641794
 1.9629036 2.8663921
 1.9636977 2.8681998
 1.9659443 2.8697605
 1.9670659 2.8701470
 1.9681865 2.8697605
 1.9704342 2.8681953
 1.9712255 2.8663921
 1.9735093 2.8630240
 1.9732294 2.8596556
 1.9735428 2.8562875
 1.9735593 2.8529191
 1.9727393 2.8495510
 1.9730636 2.8461826
 1.9711649 2.8428144
 1.9704342 2.8409986
 1.9688158 2.8394461
 1.9670659 2.8387616
 1.9662822 2.8360779
 1.9658118 2.8327096
 1.9636977 2.8293753
 1.9603294 2.8298507
 1.9595869 2.8293414
 1.9586889 2.8259730
 1.9569612 2.8230603
 1.9535928 2.8229921
 1.9502245 2.8229828
 1.9480014 2.8259730
 0.9999999E-12    24
 2.1462502 2.8259730
 2.1455839 2.8277900
 2.1448271 2.8293414
 2.1423855 2.8327096
 2.1443753 2.8360779
 2.1428592 2.8394461
 2.1455839 2.8404636
 2.1489520 2.8416595
 2.1516416 2.8428144
 2.1523204 2.8434200
 2.1531098 2.8428144
 2.1556888 2.8422582
 2.1590569 2.8425446
 2.1624138 2.8394461
 2.1619565 2.8360779
 2.1624253 2.8327103
 2.1624253 2.8327091
 2.1590569 2.8294008
 2.1556888 2.8295903
 2.1552005 2.8293414
 2.1536381 2.8259730
 2.1523204 2.8244643
 2.1489520 2.8239005
 2.1462502 2.8259730
 0.9999999E-12     9
 2.1936467 2.8259730
 2.1933751 2.8293414
 2.1961079 2.8325145
 2.1994760 2.8321664
 2.2012835 2.8293414
 2.2009227 2.8259730
 2.1994760 2.8244078
 2.1961079 2.8239958
 2.1936467 2.8259730
 0.9999999E-12    17
 1.7666926 2.8293414
 1.7683383 2.8319659
 1.7686560 2.8327096
 1.7717066 2.8352394
 1.7721348 2.8360779
 1.7717066 2.8384452
 1.7683383 2.8366246
 1.7649701 2.8367031
 1.7641819 2.8360779
 1.7638708 2.8327096
 1.7616018 2.8294613
 1.7582335 2.8296247
 1.7576133 2.8293414
 1.7582335 2.8265712
 1.7616018 2.8291683
 1.7649701 2.8279054
 1.7666926 2.8293414
 0.9999999E-12    13
 1.8059551 2.8293414
 1.8061643 2.8327096
 1.8085749 2.8360779
 1.8053893 2.8365877
 1.8048130 2.8360779
 1.8039399 2.8327096
 1.8020210 2.8311760
 1.7986528 2.8301690
 1.7977936 2.8293414
 1.7986528 2.8271832
 1.8020210 2.8284214
 1.8053893 2.8280714
 1.8059551 2.8293414
 0.9999999E-12     5
 1.8266683 2.8293414
 1.8255988 2.8321254
 1.8233466 2.8293414
 1.8255988 2.8280764
 1.8266683 2.8293414
 0.9999999E-12    37
 2.0240929 2.8293414
 2.0209582 2.8298213
 2.0175898 2.8293750
 2.0155215 2.8327096
 2.0151384 2.8360779
 2.0153518 2.8394461
 2.0159459 2.8428144
 2.0175898 2.8457944
 2.0180073 2.8461826
 2.0209582 2.8478558
 2.0219605 2.8495510
 2.0223932 2.8529191
 2.0228276 2.8562875
 2.0242431 2.8596556
 2.0243263 2.8598285
 2.0276947 2.8624485
 2.0288978 2.8630240
 2.0310628 2.8643482
 2.0344312 2.8641205
 2.0377994 2.8635864
 2.0386448 2.8630240
 2.0401204 2.8596556
 2.0401669 2.8562875
 2.0377994 2.8529365
 2.0377223 2.8529191
 2.0344312 2.8518622
 2.0336630 2.8495510
 2.0344048 2.8461826
 2.0333383 2.8428144
 2.0330741 2.8394461
 2.0310628 2.8374107
 2.0276947 2.8369682
 2.0270982 2.8360779
 2.0274501 2.8327096
 2.0245233 2.8293414
 2.0243263 2.8291669
 2.0240929 2.8293414
 0.9999999E-12    29
 2.5862281 2.8293414
 2.5834582 2.8302016
 2.5800898 2.8297913
 2.5770514 2.8327096
 2.5772913 2.8360779
 2.5769126 2.8394461
 2.5794451 2.8428144
 2.5800898 2.8433216
 2.5814407 2.8428144
 2.5834582 2.8426604
 2.5843227 2.8428144
 2.5868263 2.8442762
 2.5889411 2.8428144
 2.5901947 2.8424287
 2.5918982 2.8428144
 2.5935628 2.8438504
 2.5949748 2.8428144
 2.5969312 2.8422401
 2.6002994 2.8415999
 2.6015477 2.8394461
 2.6018002 2.8360779
 2.6008244 2.8327096
 2.6002994 2.8321848
 2.5969312 2.8310308
 2.5935628 2.8294086
 2.5901947 2.8306062
 2.5874095 2.8293414
 2.5868263 2.8287845
 2.5862281 2.8293414
 0.9999999E-12    21
 1.8234246 2.8327096
 1.8255988 2.8332496
 1.8260784 2.8360779
 1.8255988 2.8378153
 1.8241242 2.8394461
 1.8255988 2.8411252
 1.8260611 2.8428144
 1.8255988 2.8446877
 1.8222306 2.8440979
 1.8188623 2.8439078
 1.8154941 2.8436489
 1.8121258 2.8439269
 1.8112088 2.8428144
 1.8109373 2.8394461
 1.8089057 2.8360779
 1.8121258 2.8348455
 1.8154941 2.8348186
 1.8188623 2.8338008
 1.8217131 2.8327096
 1.8222306 2.8320742
 1.8234246 2.8327096
 0.9999999E-12    13
 2.1304283 2.8327096
 2.1302564 2.8360779
 2.1305642 2.8394461
 2.1321108 2.8418982
 2.1354790 2.8420615
 2.1388474 2.8425305
 2.1421201 2.8394461
 2.1416955 2.8360779
 2.1421528 2.8327096
 2.1388474 2.8293953
 2.1354790 2.8298388
 2.1321108 2.8299582
 2.1304283 2.8327096
 0.9999999E-12    11
 2.3276646 2.8327096
 2.3277647 2.8360779
 2.3276320 2.8394461
 2.3308384 2.8419187
 2.3342066 2.8419361
 2.3373775 2.8394461
 2.3372471 2.8360779
 2.3373511 2.8327096
 2.3342066 2.8302891
 2.3308384 2.8302822
 2.3276646 2.8327096
 0.9999999E-12     5
 1.8402133 2.8360779
 1.8390719 2.8370709
 1.8382405 2.8360779
 1.8390719 2.8354304
 1.8402133 2.8360779
 0.9999999E-12    27
 2.0597987 2.8394461
 2.0580089 2.8426573
 2.0579598 2.8428144
 2.0563354 2.8461826
 2.0560868 2.8495510
 2.0564468 2.8529191
 2.0580089 2.8557737
 2.0613773 2.8560321
 2.0616865 2.8562875
 2.0625546 2.8596556
 2.0635147 2.8630240
 2.0647454 2.8642547
 2.0681138 2.8647246
 2.0714819 2.8646412
 2.0739279 2.8630240
 2.0743451 2.8596556
 2.0746226 2.8562875
 2.0743704 2.8529191
 2.0727785 2.8495510
 2.0714819 2.8473818
 2.0702665 2.8461826
 2.0681138 2.8449659
 2.0661113 2.8428144
 2.0647454 2.8399303
 2.0637550 2.8394461
 2.0613773 2.8387256
 2.0597987 2.8394461
 0.9999999E-12    19
 2.1626401 2.8394461
 2.1648958 2.8428144
 2.1649761 2.8461826
 2.1657934 2.8475683
 2.1691618 2.8488863
 2.1716008 2.8495510
 2.1725299 2.8502088
 2.1737199 2.8495510
 2.1758983 2.8491409
 2.1792665 2.8490276
 2.1820393 2.8461826
 2.1819086 2.8428144
 2.1816075 2.8394461
 2.1792665 2.8373904
 2.1758983 2.8371098
 2.1725299 2.8362904
 2.1691618 2.8374846
 2.1657934 2.8389609
 2.1626401 2.8394461
 0.9999999E-12    21
 2.1926181 2.8394461
 2.1922307 2.8428144
 2.1920853 2.8461826
 2.1927395 2.8472962
 2.1961079 2.8489048
 2.1972532 2.8495510
 2.1988082 2.8529191
 2.1994760 2.8543520
 2.2028444 2.8561146
 2.2062125 2.8562701
 2.2090273 2.8529191
 2.2091157 2.8495510
 2.2093365 2.8461826
 2.2080345 2.8428144
 2.2062125 2.8397014
 2.2058599 2.8394461
 2.2028444 2.8378863
 2.1994760 2.8367980
 2.1961079 2.8375206
 2.1927395 2.8392594
 2.1926181 2.8394461
 0.9999999E-12     5
 1.7583544 2.8428144
 1.7582335 2.8439732
 1.7555435 2.8428144
 1.7582335 2.8426523
 1.7583544 2.8428144
 0.9999999E-12     5
 1.8797642 2.8428144
 1.8794911 2.8431730
 1.8789948 2.8428144
 1.8794911 2.8424566
 1.8797642 2.8428144
 0.9999999E-12    15
 1.6505978 2.8495510
 1.6519674 2.8529191
 1.6538174 2.8550079
 1.6546037 2.8562875
 1.6564330 2.8596556
 1.6539767 2.8630240
 1.6538174 2.8642712
 1.6537758 2.8630240
 1.6504492 2.8604305
 1.6491731 2.8596556
 1.6489972 2.8562875
 1.6487976 2.8529191
 1.6498692 2.8495510
 1.6504492 2.8491714
 1.6505978 2.8495510
 0.9999999E-12     5
 1.7179308 2.8529191
 1.7178144 2.8531384
 1.7177041 2.8529191
 1.7178144 2.8523934
 1.7179308 2.8529191
 0.9999999E-12     5
 1.8061748 2.8596556
 1.8053893 2.8604620
 1.8041999 2.8596556
 1.8053893 2.8582160
 1.8061748 2.8596556
 0.9999999E-12    57
 2.0981932 2.8596556
 2.0950599 2.8603153
 2.0916917 2.8610647
 2.0905383 2.8630240
 2.0902841 2.8663921
 2.0911400 2.8697605
 2.0916917 2.8706455
 2.0950599 2.8715889
 2.0964067 2.8731289
 2.0974989 2.8764970
 2.0984282 2.8780015
 2.1017964 2.8788846
 2.1029024 2.8798654
 2.1040668 2.8832335
 2.1051648 2.8851819
 2.1085329 2.8860722
 2.1094363 2.8866019
 2.1119013 2.8895082
 2.1124082 2.8899701
 2.1152694 2.8923926
 2.1163568 2.8933384
 2.1186378 2.8951120
 2.1220059 2.8950672
 2.1235290 2.8967066
 2.1242757 2.9000750
 2.1253743 2.9011736
 2.1287425 2.9020672
 2.1321108 2.9023454
 2.1354790 2.9020305
 2.1388474 2.9010401
 2.1403451 2.9000750
 2.1412945 2.8967066
 2.1413631 2.8933384
 2.1388474 2.8904076
 2.1354790 2.8901615
 2.1347561 2.8899701
 2.1321108 2.8884821
 2.1287425 2.8881750
 2.1285119 2.8866019
 2.1280787 2.8832335
 2.1253743 2.8814473
 2.1220059 2.8808317
 2.1214337 2.8798654
 2.1214314 2.8764970
 2.1186378 2.8746858
 2.1152694 2.8739948
 2.1143234 2.8731289
 2.1141989 2.8697605
 2.1119013 2.8675096
 2.1085329 2.8671935
 2.1074579 2.8663921
 2.1057978 2.8630240
 2.1051648 2.8623180
 2.1017964 2.8607571
 2.0986586 2.8596556
 2.0984282 2.8594935
 2.0981932 2.8596556
 0.9999999E-12     5
 1.8461877 2.8663921
 1.8458084 2.8666973
 1.8453850 2.8663921
 1.8458084 2.8658023
 1.8461877 2.8663921
 0.9999999E-12     5
 1.8894050 2.8663921
 1.8862276 2.8670959
 1.8850813 2.8663921
 1.8862276 2.8648934
 1.8894050 2.8663921
 0.9999999E-12   145
 1.6631840 2.8764970
 1.6639222 2.8790882
 1.6639596 2.8798654
 1.6639222 2.8800638
 1.6617173 2.8832335
 1.6617658 2.8866019
 1.6635303 2.8899701
 1.6636695 2.8933384
 1.6639222 2.8935130
 1.6672904 2.8953588
 1.6705270 2.8967066
 1.6690499 2.9000750
 1.6706587 2.9016838
 1.6740270 2.9027693
 1.6773952 2.9031966
 1.6776780 2.9034431
 1.6773952 2.9046650
 1.6758193 2.9068115
 1.6773952 2.9091809
 1.6776173 2.9101796
 1.6774621 2.9135480
 1.6807635 2.9168677
 1.6810279 2.9169161
 1.6830590 2.9202845
 1.6829479 2.9236526
 1.6841317 2.9255478
 1.6844323 2.9270210
 1.6841317 2.9300323
 1.6839715 2.9303892
 1.6841317 2.9305675
 1.6859165 2.9337575
 1.6875000 2.9365842
 1.6876580 2.9371257
 1.6908683 2.9402387
 1.6909755 2.9404941
 1.6908683 2.9416876
 1.6898043 2.9438622
 1.6908683 2.9453995
 1.6916988 2.9472306
 1.6933075 2.9505990
 1.6942365 2.9516399
 1.6956615 2.9539671
 1.6976048 2.9561465
 1.6980228 2.9573355
 1.6991485 2.9607036
 1.7009730 2.9618263
 1.7043413 2.9631696
 1.7046459 2.9640720
 1.7043413 2.9663665
 1.7036613 2.9674401
 1.7043413 2.9681606
 1.7063690 2.9708085
 1.7077096 2.9735987
 1.7094996 2.9741766
 1.7110778 2.9745429
 1.7116637 2.9741766
 1.7134767 2.9708085
 1.7144461 2.9703658
 1.7178144 2.9701676
 1.7182033 2.9708085
 1.7178144 2.9723535
 1.7157876 2.9741766
 1.7178144 2.9761856
 1.7181395 2.9775450
 1.7178144 2.9805598
 1.7176121 2.9809132
 1.7178144 2.9812608
 1.7187587 2.9842815
 1.7203454 2.9876497
 1.7211827 2.9887056
 1.7241992 2.9910181
 1.7245510 2.9912922
 1.7255486 2.9943862
 1.7273055 2.9977546
 1.7279192 2.9981418
 1.7312875 2.9983506
 1.7328367 2.9977546
 1.7346557 2.9953072
 1.7349478 2.9943862
 1.7360053 2.9910181
 1.7359468 2.9876497
 1.7349231 2.9842815
 1.7346557 2.9835591
 1.7312889 2.9809132
 1.7312875 2.9809127
 1.7301114 2.9775450
 1.7312875 2.9750729
 1.7327604 2.9741766
 1.7340698 2.9708085
 1.7346557 2.9679914
 1.7348833 2.9674401
 1.7346557 2.9663410
 1.7343903 2.9640720
 1.7336469 2.9607036
 1.7312875 2.9589279
 1.7297627 2.9573355
 1.7286595 2.9539671
 1.7279192 2.9522727
 1.7245510 2.9506578
 1.7244619 2.9505990
 1.7225226 2.9472306
 1.7229068 2.9438622
 1.7216316 2.9404941
 1.7213619 2.9371257
 1.7211827 2.9368501
 1.7178144 2.9350648
 1.7172481 2.9337575
 1.7171391 2.9303892
 1.7166164 2.9270210
 1.7158104 2.9236526
 1.7152532 2.9202845
 1.7144461 2.9189739
 1.7137518 2.9169161
 1.7110778 2.9141855
 1.7096168 2.9135480
 1.7077096 2.9124863
 1.7043413 2.9123535
 1.7009730 2.9121683
 1.6976048 2.9131260
 1.6942365 2.9114704
 1.6908683 2.9113083
 1.6896253 2.9101796
 1.6908683 2.9090133
 1.6942294 2.9068115
 1.6941999 2.9034431
 1.6942365 2.9032776
 1.6958075 2.9000750
 1.6950606 2.8967066
 1.6944928 2.8933384
 1.6942365 2.8929622
 1.6908683 2.8905478
 1.6896622 2.8899701
 1.6875000 2.8877742
 1.6864811 2.8866019
 1.6841317 2.8843300
 1.6831406 2.8832335
 1.6807635 2.8808608
 1.6798213 2.8798654
 1.6773952 2.8770046
 1.6769023 2.8764970
 1.6740270 2.8745139
 1.6706587 2.8740690
 1.6672904 2.8741982
 1.6639222 2.8757589
 1.6631840 2.8764970
 0.9999999E-12    21
 1.9475752 2.8764970
 1.9476603 2.8798654
 1.9470503 2.8832335
 1.9479496 2.8866019
 1.9497086 2.8899701
 1.9502245 2.8907726
 1.9535928 2.8927162
 1.9569612 2.8933122
 1.9603294 2.8924787
 1.9636977 2.8905656
 1.9640276 2.8899701
 1.9640913 2.8866019
 1.9636977 2.8858662
 1.9603294 2.8839517
 1.9598906 2.8832335
 1.9593875 2.8798654
 1.9586405 2.8764970
 1.9569612 2.8748176
 1.9535928 2.8742824
 1.9502245 2.8747656
 1.9475752 2.8764970
 0.9999999E-12     5
 1.8197278 2.8798654
 1.8188623 2.8810458
 1.8180821 2.8798654
 1.8188623 2.8792799
 1.8197278 2.8798654
 0.9999999E-12     5
 1.9148114 2.8798654
 1.9131737 2.8811440
 1.9124845 2.8798654
 1.9131737 2.8795533
 1.9148114 2.8798654
 0.9999999E-12    17
 2.0310068 2.8832335
 2.0293531 2.8866019
 2.0290976 2.8899701
 2.0294518 2.8933384
 2.0308430 2.8967066
 2.0310628 2.8972211
 2.0344312 2.8998871
 2.0377994 2.8987224
 2.0388839 2.8967066
 2.0403042 2.8933384
 2.0404265 2.8899701
 2.0401566 2.8866019
 2.0384321 2.8832335
 2.0377994 2.8828039
 2.0344312 2.8828652
 2.0310628 2.8831775
 2.0310068 2.8832335
 0.9999999E-12     5
 1.8259882 2.8866019
 1.8255988 2.8891337
 1.8252399 2.8866019
 1.8255988 2.8862083
 1.8259882 2.8866019
 0.9999999E-12    23
 1.7247672 2.8899701
 1.7254400 2.8933384
 1.7279192 2.8948736
 1.7312875 2.8960483
 1.7315125 2.8967066
 1.7312875 2.8977253
 1.7296509 2.9000750
 1.7312875 2.9020512
 1.7316487 2.9034431
 1.7312875 2.9051402
 1.7279192 2.9047794
 1.7245510 2.9043000
 1.7218212 2.9034431
 1.7211827 2.9025745
 1.7186718 2.9000750
 1.7178144 2.8995073
 1.7162637 2.8967066
 1.7165031 2.8933384
 1.7159880 2.8899701
 1.7178144 2.8875675
 1.7211827 2.8881156
 1.7245510 2.8889768
 1.7247672 2.8899701
 0.9999999E-12     9
 1.7875274 2.8933384
 1.7870733 2.8967066
 1.7885479 2.8991766
 1.7919161 2.8998296
 1.7948416 2.8967066
 1.7945390 2.8933384
 1.7919161 2.8913972
 1.7885479 2.8921592
 1.7875274 2.8933384
 0.9999999E-12    37
 2.2545252 2.8933384
 2.2541552 2.8967066
 2.2567365 2.8999553
 2.2569799 2.9000750
 2.2601049 2.9015462
 2.2634730 2.9019239
 2.2668414 2.9033024
 2.2668991 2.9034431
 2.2668414 2.9055135
 2.2666845 2.9068115
 2.2668414 2.9070504
 2.2702096 2.9091740
 2.2735779 2.9099774
 2.2769461 2.9095604
 2.2803144 2.9099634
 2.2836826 2.9095612
 2.2870510 2.9099398
 2.2904191 2.9095778
 2.2937875 2.9092467
 2.2966602 2.9068115
 2.2966199 2.9034431
 2.2966573 2.9000750
 2.2937875 2.8976734
 2.2904191 2.8973176
 2.2870510 2.8969688
 2.2836826 2.8973229
 2.2803144 2.8969467
 2.2769461 2.8973100
 2.2735779 2.8969078
 2.2702096 2.8971283
 2.2699149 2.8967066
 2.2698002 2.8933384
 2.2668414 2.8903770
 2.2634730 2.8902903
 2.2601049 2.8902457
 2.2567365 2.8915441
 2.2545252 2.8933384
 0.9999999E-12     5
 1.8329686 2.8967066
 1.8323354 2.8969386
 1.8319424 2.8967066
 1.8323354 2.8940437
 1.8329686 2.8967066
 0.9999999E-12    29
 1.9763796 2.8967066
 1.9738024 2.8986063
 1.9708862 2.9000750
 1.9704342 2.9011095
 1.9697566 2.9034431
 1.9704342 2.9052477
 1.9717382 2.9068115
 1.9738024 2.9076831
 1.9768171 2.9101796
 1.9771707 2.9105287
 1.9775362 2.9101796
 1.9805390 2.9094212
 1.9815508 2.9101796
 1.9824128 2.9135480
 1.9839072 2.9159367
 1.9872755 2.9161539
 1.9906437 2.9160457
 1.9927845 2.9135480
 1.9927241 2.9101796
 1.9923172 2.9068115
 1.9906437 2.9050896
 1.9872755 2.9045057
 1.9865220 2.9034431
 1.9868705 2.9000750
 1.9839072 2.8967588
 1.9805390 2.8972015
 1.9780948 2.8967066
 1.9771707 2.8959599
 1.9763796 2.8967066
 0.9999999E-12    29
 2.4019201 2.9000750
 2.4019608 2.9034431
 2.4015720 2.9057233
 2.4009025 2.9068115
 2.4015720 2.9080274
 2.4022169 2.9101796
 2.4029827 2.9135480
 2.4049401 2.9154680
 2.4069786 2.9169161
 2.4083085 2.9178629
 2.4116766 2.9187918
 2.4150450 2.9192376
 2.4162955 2.9202845
 2.4184132 2.9228072
 2.4217815 2.9228964
 2.4241521 2.9202845
 2.4246447 2.9169161
 2.4247622 2.9135480
 2.4242115 2.9101796
 2.4217815 2.9071419
 2.4215012 2.9068115
 2.4184132 2.9046373
 2.4150450 2.9041815
 2.4116766 2.9036355
 2.4114761 2.9034431
 2.4115624 2.9000750
 2.4083085 2.8977890
 2.4049401 2.8977392
 2.4019201 2.9000750
 0.9999999E-12    95
 1.7883941 2.9034431
 1.7851796 2.9061346
 1.7845534 2.9068115
 1.7851796 2.9076211
 1.7855220 2.9101796
 1.7851796 2.9122112
 1.7825085 2.9135480
 1.7818114 2.9143591
 1.7808123 2.9135480
 1.7784431 2.9127831
 1.7750748 2.9128728
 1.7740179 2.9135480
 1.7725333 2.9169161
 1.7724856 2.9202845
 1.7750748 2.9235513
 1.7753518 2.9236526
 1.7784431 2.9258511
 1.7786252 2.9270210
 1.7784431 2.9284306
 1.7773669 2.9303892
 1.7784431 2.9315634
 1.7793623 2.9337575
 1.7798376 2.9371257
 1.7818114 2.9389603
 1.7851796 2.9398019
 1.7855166 2.9404941
 1.7851796 2.9433608
 1.7848061 2.9438622
 1.7851796 2.9443095
 1.7879820 2.9472306
 1.7885479 2.9477065
 1.7916249 2.9505990
 1.7919161 2.9511986
 1.7925661 2.9539671
 1.7943338 2.9573355
 1.7952845 2.9586902
 1.7970847 2.9607036
 1.7986528 2.9618278
 1.7997267 2.9640720
 1.8008274 2.9674401
 1.8020210 2.9686291
 1.8053893 2.9693055
 1.8087575 2.9696324
 1.8121258 2.9695220
 1.8144188 2.9708085
 1.8154941 2.9732015
 1.8162438 2.9741766
 1.8188623 2.9756072
 1.8198900 2.9775450
 1.8200456 2.9809132
 1.8222306 2.9833608
 1.8255988 2.9834406
 1.8289671 2.9822443
 1.8297548 2.9809132
 1.8300709 2.9775450
 1.8290945 2.9741766
 1.8289671 2.9739723
 1.8255988 2.9725797
 1.8227501 2.9708085
 1.8222306 2.9697785
 1.8204311 2.9674401
 1.8188623 2.9665258
 1.8175242 2.9640720
 1.8171502 2.9607036
 1.8154941 2.9577525
 1.8121258 2.9576218
 1.8116965 2.9573355
 1.8105165 2.9539671
 1.8091017 2.9505990
 1.8087575 2.9502547
 1.8053893 2.9498053
 1.8041991 2.9472306
 1.8036069 2.9438622
 1.8020210 2.9422765
 1.7986528 2.9415829
 1.7976110 2.9404941
 1.7976490 2.9371257
 1.7971524 2.9337575
 1.7960492 2.9303892
 1.7952845 2.9290960
 1.7919161 2.9278133
 1.7912668 2.9270210
 1.7912022 2.9236526
 1.7919161 2.9226084
 1.7947989 2.9202845
 1.7952845 2.9196489
 1.7969558 2.9169161
 1.7976638 2.9135480
 1.7975885 2.9101796
 1.7972344 2.9068115
 1.7952845 2.9037182
 1.7919161 2.9040897
 1.7887138 2.9034431
 1.7885479 2.9029531
 1.7883941 2.9034431
 0.9999999E-12     5
 1.7317818 2.9101796
 1.7312875 2.9113510
 1.7299349 2.9101796
 1.7312875 2.9085195
 1.7317818 2.9101796
 0.9999999E-12    51
 1.9423759 2.9135480
 1.9412572 2.9169161
 1.9408146 2.9202845
 1.9412526 2.9236526
 1.9426653 2.9270210
 1.9434880 2.9284592
 1.9447166 2.9303892
 1.9468563 2.9317749
 1.9502245 2.9330192
 1.9535928 2.9329953
 1.9548818 2.9337575
 1.9553596 2.9371257
 1.9569612 2.9387758
 1.9603294 2.9394491
 1.9624856 2.9404941
 1.9636977 2.9417026
 1.9649124 2.9404941
 1.9670659 2.9398994
 1.9678582 2.9404941
 1.9685185 2.9438622
 1.9704342 2.9459727
 1.9738024 2.9462371
 1.9771707 2.9460118
 1.9791274 2.9438622
 1.9795102 2.9404941
 1.9805390 2.9377561
 1.9811670 2.9371257
 1.9805390 2.9364524
 1.9797996 2.9337575
 1.9800589 2.9303892
 1.9774005 2.9270210
 1.9771707 2.9268270
 1.9766929 2.9270210
 1.9738024 2.9272270
 1.9731303 2.9270210
 1.9704342 2.9250088
 1.9676062 2.9270210
 1.9670659 2.9271438
 1.9668140 2.9270210
 1.9655298 2.9236526
 1.9636977 2.9204581
 1.9603294 2.9204781
 1.9600086 2.9202845
 1.9569612 2.9179354
 1.9535928 2.9184637
 1.9521807 2.9169161
 1.9508415 2.9135480
 1.9502245 2.9129310
 1.9468563 2.9123645
 1.9434880 2.9128120
 1.9423759 2.9135480
 0.9999999E-12    27
 2.0837805 2.9135480
 2.0828581 2.9169161
 2.0829191 2.9202845
 2.0844040 2.9236526
 2.0849552 2.9242039
 2.0883234 2.9238024
 2.0903029 2.9270210
 2.0916917 2.9302862
 2.0919054 2.9303892
 2.0950599 2.9312196
 2.0984282 2.9326923
 2.1017964 2.9326556
 2.1051648 2.9323878
 2.1082301 2.9303892
 2.1081941 2.9270210
 2.1083860 2.9236526
 2.1073782 2.9202845
 2.1051648 2.9187200
 2.1017964 2.9180458
 2.1012602 2.9169161
 2.1008906 2.9135480
 2.0984282 2.9119401
 2.0950599 2.9114063
 2.0916917 2.9111598
 2.0883234 2.9117715
 2.0849552 2.9123733
 2.0837805 2.9135480
 0.9999999E-12     5
 1.7858291 2.9169161
 1.7851796 2.9184809
 1.7832521 2.9169161
 1.7851796 2.9151514
 1.7858291 2.9169161
 0.9999999E-12    43
 2.0109060 2.9236526
 2.0108533 2.9248369
 2.0107222 2.9270210
 2.0108533 2.9272902
 2.0142217 2.9298124
 2.0147665 2.9303892
 2.0157921 2.9337575
 2.0167797 2.9371257
 2.0175898 2.9384184
 2.0209582 2.9389319
 2.0221200 2.9404941
 2.0231321 2.9438622
 2.0243263 2.9457688
 2.0276947 2.9462371
 2.0287714 2.9472306
 2.0296538 2.9505990
 2.0310628 2.9530039
 2.0344312 2.9534245
 2.0371726 2.9539671
 2.0377994 2.9543655
 2.0383945 2.9539671
 2.0411677 2.9529552
 2.0445359 2.9509919
 2.0448508 2.9505990
 2.0454419 2.9472306
 2.0445359 2.9455023
 2.0433254 2.9438622
 2.0411677 2.9426057
 2.0388024 2.9404941
 2.0377994 2.9380341
 2.0373921 2.9371257
 2.0344312 2.9352686
 2.0329795 2.9337575
 2.0311515 2.9303892
 2.0310628 2.9302852
 2.0276947 2.9280155
 2.0265813 2.9270210
 2.0248857 2.9236526
 2.0243263 2.9228594
 2.0209582 2.9211218
 2.0175898 2.9205713
 2.0142217 2.9213462
 2.0109060 2.9236526
 0.9999999E-12    19
 2.1380157 2.9270210
 2.1354790 2.9277737
 2.1321108 2.9288549
 2.1311977 2.9303892
 2.1309590 2.9337575
 2.1317329 2.9371257
 2.1321108 2.9377277
 2.1354790 2.9389675
 2.1388474 2.9403098
 2.1422155 2.9393146
 2.1455839 2.9389884
 2.1475759 2.9371257
 2.1480222 2.9337575
 2.1480834 2.9303892
 2.1455839 2.9277129
 2.1422155 2.9275641
 2.1398187 2.9270210
 2.1388474 2.9263895
 2.1380157 2.9270210
 0.9999999E-12    11
 1.7607820 2.9303892
 1.7599962 2.9337575
 1.7616018 2.9367471
 1.7632143 2.9371257
 1.7649701 2.9374921
 1.7656751 2.9371257
 1.7678655 2.9337575
 1.7672956 2.9303892
 1.7649701 2.9288030
 1.7616018 2.9295363
 1.7607820 2.9303892
 0.9999999E-12    17
 2.0633745 2.9303892
 2.0628567 2.9337575
 2.0630155 2.9371257
 2.0636008 2.9404941
 2.0647454 2.9428661
 2.0655715 2.9438622
 2.0681138 2.9452672
 2.0714819 2.9440174
 2.0716286 2.9438622
 2.0733342 2.9404941
 2.0745676 2.9371257
 2.0739484 2.9337575
 2.0739808 2.9303892
 2.0714819 2.9275372
 2.0681138 2.9276714
 2.0647454 2.9280992
 2.0633745 2.9303892
 0.9999999E-12    23
 2.1871545 2.9303892
 2.1862504 2.9337575
 2.1860030 2.9356532
 2.1856565 2.9371257
 2.1860030 2.9386034
 2.1862488 2.9404941
 2.1873567 2.9438622
 2.1893713 2.9451830
 2.1926537 2.9472306
 2.1927395 2.9473059
 2.1928735 2.9472306
 2.1961079 2.9468191
 2.1994760 2.9471235
 2.2027910 2.9438622
 2.2023656 2.9404941
 2.2027674 2.9371257
 2.1994760 2.9341507
 2.1961079 2.9343309
 2.1951685 2.9337575
 2.1935911 2.9303892
 2.1927395 2.9295199
 2.1893713 2.9288502
 2.1871545 2.9303892
 0.9999999E-12    23
 1.8730119 2.9337575
 1.8727545 2.9351740
 1.8710122 2.9371257
 1.8727545 2.9389114
 1.8737276 2.9404941
 1.8761228 2.9438522
 1.8761349 2.9438622
 1.8794911 2.9463134
 1.8801262 2.9472306
 1.8794911 2.9491105
 1.8761228 2.9481404
 1.8727545 2.9486692
 1.8720467 2.9472306
 1.8718095 2.9438622
 1.8693862 2.9416795
 1.8660179 2.9412603
 1.8652575 2.9404941
 1.8652827 2.9371257
 1.8651298 2.9337575
 1.8660179 2.9325416
 1.8693862 2.9330440
 1.8727545 2.9332848
 1.8730119 2.9337575
 0.9999999E-12    13
 1.9445221 2.9371257
 1.9434880 2.9383621
 1.9426978 2.9404941
 1.9434880 2.9428909
 1.9440699 2.9438622
 1.9468563 2.9451606
 1.9494662 2.9438622
 1.9502245 2.9422266
 1.9507457 2.9404941
 1.9502245 2.9389842
 1.9490131 2.9371257
 1.9468563 2.9361455
 1.9445221 2.9371257
 0.9999999E-12     5
 1.7920772 2.9472306
 1.7919161 2.9497843
 1.7897491 2.9472306
 1.7919161 2.9470651
 1.7920772 2.9472306
 0.9999999E-12     5
 1.8594598 2.9472306
 1.8592814 2.9490998
 1.8572084 2.9472306
 1.8592814 2.9470284
 1.8594598 2.9472306
 0.9999999E-12     5
 1.7111030 2.9539671
 1.7110778 2.9541259
 1.7110313 2.9539671
 1.7110778 2.9532969
 1.7111030 2.9539671
 0.9999999E-12    87
 1.9431589 2.9573355
 1.9407797 2.9607036
 1.9409345 2.9640720
 1.9404503 2.9674401
 1.9430158 2.9708085
 1.9434880 2.9720352
 1.9441851 2.9741766
 1.9468563 2.9759898
 1.9476864 2.9775450
 1.9475201 2.9809132
 1.9502245 2.9841166
 1.9535928 2.9839592
 1.9540541 2.9842815
 1.9541752 2.9876497
 1.9547285 2.9910181
 1.9569278 2.9943862
 1.9569612 2.9944465
 1.9586656 2.9977546
 1.9603294 2.9989059
 1.9613887 3.0011227
 1.9614167 3.0044911
 1.9636977 3.0068462
 1.9670659 3.0069506
 1.9679160 3.0078592
 1.9679129 3.0112276
 1.9704342 3.0140285
 1.9738024 3.0138621
 1.9744477 3.0145957
 1.9748478 3.0179641
 1.9764441 3.0213323
 1.9771707 3.0220590
 1.9788408 3.0213323
 1.9805390 3.0211821
 1.9807713 3.0213323
 1.9815021 3.0247006
 1.9826174 3.0280688
 1.9839072 3.0293586
 1.9872755 3.0293856
 1.9882027 3.0314372
 1.9889438 3.0348055
 1.9906437 3.0365055
 1.9940120 3.0370162
 1.9973803 3.0365858
 2.0001054 3.0348055
 2.0000086 3.0314372
 2.0003467 3.0280688
 1.9982771 3.0247006
 1.9973803 3.0239887
 1.9940120 3.0242734
 1.9934218 3.0213323
 1.9925519 3.0179641
 1.9906437 3.0166421
 1.9872755 3.0159566
 1.9865284 3.0145957
 1.9866098 3.0112276
 1.9839072 3.0094640
 1.9805390 3.0088160
 1.9795297 3.0078592
 1.9802186 3.0044911
 1.9786175 3.0011227
 1.9771707 2.9985297
 1.9767443 2.9977546
 1.9738024 2.9953814
 1.9730375 2.9943862
 1.9722172 2.9910181
 1.9704342 2.9884286
 1.9670659 2.9880524
 1.9666412 2.9876497
 1.9659361 2.9842815
 1.9647903 2.9809132
 1.9636977 2.9798205
 1.9603294 2.9794240
 1.9593319 2.9775450
 1.9590076 2.9741766
 1.9584061 2.9708085
 1.9569612 2.9682636
 1.9558035 2.9674401
 1.9535928 2.9663296
 1.9526998 2.9640720
 1.9523046 2.9607036
 1.9503946 2.9573355
 1.9502245 2.9571652
 1.9498159 2.9573355
 1.9468563 2.9575846
 1.9440861 2.9573355
 1.9434880 2.9570773
 1.9431589 2.9573355
 0.9999999E-12    29
 2.1042652 2.9573355
 2.1028712 2.9607036
 2.1025994 2.9640720
 2.1025896 2.9674401
 2.1031129 2.9708085
 2.1035385 2.9741766
 2.1051648 2.9767787
 2.1085329 2.9767687
 2.1096706 2.9775450
 2.1108580 2.9809132
 2.1119013 2.9826787
 2.1152694 2.9835615
 2.1186378 2.9836280
 2.1210628 2.9809132
 2.1211100 2.9775450
 2.1216514 2.9741766
 2.1204863 2.9708085
 2.1207242 2.9674401
 2.1203251 2.9640720
 2.1194277 2.9607036
 2.1186378 2.9597650
 2.1152694 2.9578605
 2.1143327 2.9573355
 2.1119013 2.9556742
 2.1087794 2.9573355
 2.1085329 2.9573710
 2.1079462 2.9573355
 2.1051648 2.9564359
 2.1042652 2.9573355
 0.9999999E-12    29
 1.7449021 2.9674401
 1.7452979 2.9708085
 1.7449279 2.9741766
 1.7481288 2.9772112
 1.7514970 2.9772949
 1.7516400 2.9775450
 1.7514970 2.9792111
 1.7505876 2.9809132
 1.7514970 2.9822180
 1.7530264 2.9842815
 1.7548653 2.9856722
 1.7580329 2.9842815
 1.7582335 2.9842625
 1.7584463 2.9842815
 1.7616018 2.9856219
 1.7630939 2.9842815
 1.7649701 2.9824452
 1.7671633 2.9809132
 1.7677462 2.9775450
 1.7649701 2.9742889
 1.7649062 2.9741766
 1.7631258 2.9708085
 1.7616018 2.9685881
 1.7598678 2.9674401
 1.7582335 2.9664345
 1.7548653 2.9641855
 1.7514970 2.9646273
 1.7481288 2.9643245
 1.7449021 2.9674401
 0.9999999E-12    23
 2.0425766 2.9674401
 2.0420830 2.9708085
 2.0421202 2.9741766
 2.0423274 2.9775450
 2.0423784 2.9809132
 2.0424249 2.9842815
 2.0429533 2.9876497
 2.0445359 2.9905360
 2.0479043 2.9907801
 2.0512724 2.9909179
 2.0536413 2.9876497
 2.0539103 2.9842815
 2.0545502 2.9809132
 2.0538232 2.9775450
 2.0546408 2.9751565
 2.0555553 2.9741766
 2.0546408 2.9732330
 2.0539982 2.9708085
 2.0543697 2.9674401
 2.0512724 2.9641035
 2.0479043 2.9646337
 2.0445359 2.9642899
 2.0425766 2.9674401
 0.9999999E-12    27
 2.0723567 2.9674401
 2.0714967 2.9708085
 2.0728667 2.9741766
 2.0748503 2.9751625
 2.0757353 2.9775450
 2.0762329 2.9809132
 2.0782187 2.9842300
 2.0815868 2.9839211
 2.0824416 2.9842815
 2.0849552 2.9874127
 2.0852375 2.9876497
 2.0883234 2.9899566
 2.0916917 2.9889317
 2.0926428 2.9876497
 2.0937607 2.9842815
 2.0946698 2.9809132
 2.0940497 2.9775450
 2.0936489 2.9741766
 2.0916917 2.9722605
 2.0883234 2.9716742
 2.0876358 2.9708085
 2.0873737 2.9674401
 2.0849552 2.9648905
 2.0815868 2.9648798
 2.0782187 2.9642444
 2.0748503 2.9660482
 2.0723567 2.9674401
 0.9999999E-12    19
 1.8730767 2.9708085
 1.8727545 2.9720426
 1.8706967 2.9741766
 1.8727545 2.9764001
 1.8731441 2.9775450
 1.8727899 2.9809132
 1.8750677 2.9842815
 1.8727545 2.9874496
 1.8710492 2.9842815
 1.8693862 2.9810369
 1.8690559 2.9809132
 1.8660179 2.9802027
 1.8651317 2.9775450
 1.8649056 2.9741766
 1.8641447 2.9708085
 1.8660179 2.9679337
 1.8693862 2.9698105
 1.8727545 2.9703145
 1.8730767 2.9708085
 0.9999999E-12    23
 1.7931176 2.9741766
 1.7927752 2.9775450
 1.7926421 2.9809132
 1.7952845 2.9838355
 1.7986528 2.9839380
 1.7990481 2.9842815
 1.7994195 2.9876497
 1.8018849 2.9910181
 1.8020210 2.9911125
 1.8024455 2.9910181
 1.8053893 2.9908526
 1.8087575 2.9902802
 1.8100936 2.9876497
 1.8101462 2.9842815
 1.8087575 2.9809146
 1.8087548 2.9809132
 1.8053893 2.9800019
 1.8033850 2.9775450
 1.8026170 2.9741766
 1.8020210 2.9732242
 1.7986528 2.9722703
 1.7952845 2.9721315
 1.7931176 2.9741766
 0.9999999E-12    21
 2.1305475 2.9809132
 2.1298056 2.9842815
 2.1296260 2.9876497
 2.1298513 2.9910181
 2.1308930 2.9943862
 2.1321108 2.9975030
 2.1324639 2.9977546
 2.1354790 2.9986997
 2.1388474 2.9984844
 2.1399755 2.9977546
 2.1412854 2.9943862
 2.1422155 2.9911590
 2.1423261 2.9910181
 2.1424627 2.9876497
 2.1422155 2.9871724
 2.1419258 2.9842815
 2.1419301 2.9809132
 2.1388474 2.9789116
 2.1354790 2.9788630
 2.1321108 2.9793499
 2.1305475 2.9809132
 0.9999999E-12    83
 1.6386912 2.9876497
 1.6369761 2.9901516
 1.6365272 2.9910181
 1.6369761 2.9931016
 1.6370231 2.9943862
 1.6369761 2.9946821
 1.6353049 2.9977546
 1.6369761 2.9997780
 1.6374079 3.0011227
 1.6371449 3.0044911
 1.6403444 3.0072007
 1.6437126 3.0078008
 1.6437413 3.0078592
 1.6437126 3.0080593
 1.6419097 3.0112276
 1.6437126 3.0143909
 1.6437620 3.0145957
 1.6439962 3.0179641
 1.6465074 3.0213323
 1.6470809 3.0216863
 1.6502165 3.0247006
 1.6493750 3.0280688
 1.6504492 3.0292220
 1.6525322 3.0314372
 1.6538174 3.0335879
 1.6542711 3.0348055
 1.6571857 3.0374694
 1.6575276 3.0381737
 1.6576132 3.0415421
 1.6605539 3.0442662
 1.6639222 3.0447483
 1.6640671 3.0449102
 1.6643882 3.0482786
 1.6672904 3.0513952
 1.6683961 3.0516467
 1.6706587 3.0527627
 1.6718308 3.0550151
 1.6740270 3.0578277
 1.6752015 3.0583832
 1.6773952 3.0594602
 1.6807635 3.0605083
 1.6841317 3.0601337
 1.6875000 3.0599511
 1.6893923 3.0583832
 1.6908683 3.0565643
 1.6925888 3.0550151
 1.6926881 3.0516467
 1.6908683 3.0498979
 1.6896075 3.0482786
 1.6875000 3.0465755
 1.6841317 3.0462708
 1.6828091 3.0449102
 1.6824905 3.0415421
 1.6807635 3.0398149
 1.6773952 3.0390403
 1.6758027 3.0381737
 1.6757535 3.0348055
 1.6740270 3.0321112
 1.6706587 3.0319061
 1.6700714 3.0314372
 1.6694283 3.0280688
 1.6677512 3.0247006
 1.6672904 3.0242400
 1.6639222 3.0246789
 1.6629690 3.0213323
 1.6627847 3.0179641
 1.6614181 3.0145957
 1.6605952 3.0112276
 1.6605539 3.0111864
 1.6571857 3.0097682
 1.6558025 3.0078592
 1.6560427 3.0044911
 1.6550333 3.0011227
 1.6538174 2.9980521
 1.6537054 2.9977546
 1.6504492 2.9954343
 1.6494967 2.9943862
 1.6487225 2.9910181
 1.6470809 2.9878263
 1.6461161 2.9876497
 1.6437126 2.9872596
 1.6403444 2.9866400
 1.6386912 2.9876497
 0.9999999E-12     5
 1.8663774 2.9943862
 1.8660179 2.9961648
 1.8656241 2.9943862
 1.8660179 2.9921300
 1.8663774 2.9943862
 0.9999999E-12    13
 1.8798313 2.9943862
 1.8796080 2.9977546
 1.8828593 3.0008225
 1.8862276 3.0006747
 1.8864189 3.0011227
 1.8862276 3.0019073
 1.8828593 3.0015330
 1.8794911 3.0018690
 1.8787148 3.0011227
 1.8794261 2.9977546
 1.8789444 2.9943862
 1.8794911 2.9922380
 1.8798313 2.9943862
 0.9999999E-12   165
 1.8061603 2.9977546
 1.8063006 3.0011227
 1.8065434 3.0044911
 1.8087575 3.0066206
 1.8121258 3.0070424
 1.8125143 3.0078592
 1.8121258 3.0100455
 1.8110816 3.0112276
 1.8121258 3.0125065
 1.8130505 3.0145957
 1.8145776 3.0179641
 1.8154941 3.0190876
 1.8169792 3.0213323
 1.8188623 3.0234547
 1.8191458 3.0247006
 1.8194828 3.0280688
 1.8222306 3.0299060
 1.8255988 3.0310602
 1.8257444 3.0314372
 1.8255988 3.0319562
 1.8232152 3.0348055
 1.8255988 3.0372849
 1.8258588 3.0381737
 1.8255988 3.0397308
 1.8239071 3.0415421
 1.8255988 3.0433748
 1.8270961 3.0449102
 1.8289671 3.0466406
 1.8309839 3.0449102
 1.8323354 3.0446599
 1.8339030 3.0449102
 1.8357036 3.0464211
 1.8373657 3.0449102
 1.8390719 3.0434449
 1.8399485 3.0449102
 1.8421272 3.0482786
 1.8424401 3.0486393
 1.8458084 3.0510626
 1.8461159 3.0516467
 1.8460276 3.0550151
 1.8460563 3.0583832
 1.8469268 3.0617516
 1.8483268 3.0651197
 1.8491766 3.0656772
 1.8525449 3.0672026
 1.8533052 3.0684881
 1.8530978 3.0718563
 1.8559132 3.0746722
 1.8592814 3.0742176
 1.8626497 3.0743170
 1.8647879 3.0718563
 1.8648344 3.0684881
 1.8660179 3.0672307
 1.8671668 3.0684881
 1.8675895 3.0718563
 1.8693862 3.0736642
 1.8727545 3.0741622
 1.8740641 3.0752246
 1.8761228 3.0785494
 1.8761573 3.0785928
 1.8794911 3.0810893
 1.8799684 3.0819612
 1.8797159 3.0853293
 1.8804227 3.0886977
 1.8821033 3.0920658
 1.8828593 3.0932608
 1.8862276 3.0946612
 1.8895411 3.0920658
 1.8895959 3.0919881
 1.8923116 3.0886977
 1.8929641 3.0863693
 1.8931733 3.0886977
 1.8935792 3.0920658
 1.8943976 3.0954342
 1.8963324 3.0967534
 1.8997006 3.0967319
 1.9030689 3.0965581
 1.9041928 3.0954342
 1.9053397 3.0920658
 1.9056362 3.0886977
 1.9056413 3.0853293
 1.9053839 3.0819612
 1.9045738 3.0785928
 1.9030689 3.0770879
 1.8997006 3.0765293
 1.8988844 3.0752246
 1.8989303 3.0718563
 1.8988934 3.0684881
 1.8984320 3.0651197
 1.8964195 3.0617516
 1.8963324 3.0616643
 1.8961979 3.0617516
 1.8929641 3.0621493
 1.8909856 3.0617516
 1.8895959 3.0607095
 1.8883060 3.0617516
 1.8862276 3.0627415
 1.8855904 3.0617516
 1.8853245 3.0583832
 1.8851674 3.0550151
 1.8848050 3.0516467
 1.8844982 3.0482786
 1.8830231 3.0449102
 1.8828593 3.0444591
 1.8803993 3.0415421
 1.8794911 3.0411732
 1.8782458 3.0415421
 1.8761228 3.0425365
 1.8749812 3.0449102
 1.8734095 3.0482786
 1.8735948 3.0516467
 1.8730211 3.0550151
 1.8728577 3.0583832
 1.8730271 3.0617516
 1.8727545 3.0620790
 1.8722901 3.0617516
 1.8725282 3.0583832
 1.8707670 3.0550151
 1.8693862 3.0545101
 1.8668911 3.0550151
 1.8660179 3.0550511
 1.8658360 3.0550151
 1.8626497 3.0532658
 1.8594209 3.0550151
 1.8592814 3.0550554
 1.8592323 3.0550151
 1.8582591 3.0516467
 1.8581654 3.0482786
 1.8576477 3.0449102
 1.8574319 3.0415421
 1.8566973 3.0381737
 1.8559132 3.0366073
 1.8542867 3.0348055
 1.8525449 3.0338507
 1.8509743 3.0314372
 1.8491766 3.0296869
 1.8469574 3.0314372
 1.8458084 3.0316288
 1.8450372 3.0314372
 1.8442231 3.0280688
 1.8446550 3.0247006
 1.8447832 3.0213323
 1.8446618 3.0179641
 1.8439294 3.0145957
 1.8427317 3.0112276
 1.8424401 3.0109360
 1.8390719 3.0098605
 1.8357036 3.0092297
 1.8323354 3.0094368
 1.8315930 3.0078592
 1.8314438 3.0044911
 1.8306987 3.0011227
 1.8289671 2.9983900
 1.8281760 2.9977546
 1.8255988 2.9961355
 1.8222306 2.9972594
 1.8217818 2.9977546
 1.8195198 3.0011227
 1.8188623 3.0014820
 1.8179460 3.0011227
 1.8169434 2.9977546
 1.8154941 2.9957643
 1.8121258 2.9950826
 1.8087575 2.9949234
 1.8061603 2.9977546
 0.9999999E-12    31
 2.0450201 2.9977546
 2.0445359 2.9982586
 2.0429819 3.0011227
 2.0423453 3.0044911
 2.0421515 3.0078592
 2.0418100 3.0112276
 2.0419846 3.0145957
 2.0414484 3.0179641
 2.0417671 3.0213323
 2.0424473 3.0247006
 2.0445359 3.0279114
 2.0467310 3.0280688
 2.0479043 3.0281494
 2.0512724 3.0292642
 2.0516140 3.0280688
 2.0535650 3.0247006
 2.0541866 3.0213323
 2.0546343 3.0179641
 2.0541403 3.0145957
 2.0546408 3.0126507
 2.0558114 3.0112276
 2.0546408 3.0100298
 2.0539501 3.0078592
 2.0546408 3.0048022
 2.0549424 3.0044911
 2.0546408 3.0041714
 2.0532539 3.0011227
 2.0515406 2.9977546
 2.0512724 2.9974461
 2.0479043 2.9960442
 2.0450201 2.9977546
 0.9999999E-12     5
 1.8666298 3.0011227
 1.8660179 3.0025749
 1.8652853 3.0011227
 1.8660179 2.9989192
 1.8666298 3.0011227
 0.9999999E-12     5
 1.9011054 3.0011227
 1.8997006 3.0017107
 1.8994247 3.0011227
 1.8997006 2.9995923
 1.9011054 3.0011227
 0.9999999E-12     5
 1.8733337 3.0078592
 1.8727545 3.0103071
 1.8709655 3.0078592
 1.8727545 3.0071466
 1.8733337 3.0078592
 0.9999999E-12     5
 1.8865775 3.0078592
 1.8862276 3.0093634
 1.8852447 3.0078592
 1.8862276 3.0069425
 1.8865775 3.0078592
 0.9999999E-12    27
 1.7671633 3.0112276
 1.7659396 3.0145957
 1.7658999 3.0179641
 1.7683383 3.0208881
 1.7697875 3.0213323
 1.7717066 3.0222988
 1.7726960 3.0247006
 1.7748892 3.0280688
 1.7750748 3.0281906
 1.7784431 3.0294528
 1.7818114 3.0302458
 1.7851796 3.0297191
 1.7885479 3.0292645
 1.7897434 3.0280688
 1.7906996 3.0247006
 1.7906909 3.0213323
 1.7895933 3.0179641
 1.7885479 3.0169187
 1.7851796 3.0166473
 1.7839696 3.0145957
 1.7833477 3.0112276
 1.7818114 3.0096912
 1.7784431 3.0090048
 1.7750748 3.0088279
 1.7717066 3.0092735
 1.7683383 3.0104744
 1.7671633 3.0112276
 0.9999999E-12    75
 1.9224385 3.0112276
 1.9212667 3.0145957
 1.9212633 3.0179641
 1.9232785 3.0205617
 1.9266467 3.0210671
 1.9270402 3.0213323
 1.9280297 3.0247006
 1.9300150 3.0278575
 1.9305245 3.0280688
 1.9333832 3.0291185
 1.9348402 3.0314372
 1.9360478 3.0348055
 1.9367515 3.0352652
 1.9401197 3.0366476
 1.9431065 3.0381737
 1.9434880 3.0391865
 1.9442199 3.0415421
 1.9468563 3.0433362
 1.9484564 3.0449102
 1.9502245 3.0477560
 1.9506843 3.0482786
 1.9535928 3.0503497
 1.9562976 3.0516467
 1.9569612 3.0521724
 1.9580585 3.0516467
 1.9603294 3.0513790
 1.9606466 3.0516467
 1.9608527 3.0550151
 1.9621786 3.0583832
 1.9636977 3.0594878
 1.9670659 3.0597064
 1.9687617 3.0617516
 1.9704342 3.0648735
 1.9715116 3.0651197
 1.9738024 3.0655463
 1.9771707 3.0666771
 1.9805390 3.0661736
 1.9835060 3.0651197
 1.9839072 3.0649066
 1.9856250 3.0617516
 1.9855967 3.0583832
 1.9839072 3.0559814
 1.9805390 3.0551782
 1.9801652 3.0550151
 1.9771707 3.0517881
 1.9770496 3.0516467
 1.9745793 3.0482786
 1.9738024 3.0478084
 1.9704342 3.0463684
 1.9670659 3.0463514
 1.9659576 3.0449102
 1.9651610 3.0415421
 1.9636977 3.0392354
 1.9603294 3.0393860
 1.9594823 3.0381737
 1.9587694 3.0348055
 1.9569612 3.0319633
 1.9535928 3.0321617
 1.9526030 3.0314372
 1.9515911 3.0280688
 1.9502245 3.0258021
 1.9468563 3.0253441
 1.9457484 3.0247006
 1.9434880 3.0215001
 1.9433162 3.0213323
 1.9401197 3.0190134
 1.9390187 3.0179641
 1.9367534 3.0145957
 1.9367515 3.0145915
 1.9333832 3.0116293
 1.9325967 3.0112276
 1.9300150 3.0098479
 1.9266467 3.0097404
 1.9232785 3.0106769
 1.9224385 3.0112276
 0.9999999E-12    25
 2.0226672 3.0112276
 2.0219319 3.0145957
 2.0220792 3.0179641
 2.0236750 3.0213323
 2.0243263 3.0219839
 2.0259452 3.0213323
 2.0276947 3.0211928
 2.0279012 3.0213323
 2.0287361 3.0247006
 2.0298398 3.0280688
 2.0310628 3.0292921
 2.0344312 3.0294063
 2.0377994 3.0294921
 2.0398748 3.0280688
 2.0406370 3.0247006
 2.0407860 3.0213323
 2.0407953 3.0179641
 2.0389335 3.0145957
 2.0377994 3.0124309
 2.0368822 3.0112276
 2.0344312 3.0098302
 2.0310628 3.0090451
 2.0276947 3.0090344
 2.0243263 3.0095682
 2.0226672 3.0112276
 0.9999999E-12     5
 1.8930322 3.0145957
 1.8929641 3.0156989
 1.8925443 3.0145957
 1.8929641 3.0145166
 1.8930322 3.0145957
 0.9999999E-12    21
 2.1459279 3.0145957
 2.1455839 3.0164115
 2.1450894 3.0179641
 2.1452045 3.0213323
 2.1455839 3.0225906
 2.1459923 3.0247006
 2.1489520 3.0273168
 2.1506109 3.0280688
 2.1523204 3.0291250
 2.1556888 3.0288765
 2.1590569 3.0285389
 2.1597745 3.0280688
 2.1615779 3.0247006
 2.1615994 3.0213323
 2.1593468 3.0179641
 2.1590569 3.0177701
 2.1556888 3.0170317
 2.1537232 3.0145957
 2.1523204 3.0122552
 2.1489520 3.0115280
 2.1459279 3.0145957
 0.9999999E-12    11
 1.8936032 3.0213323
 1.8963324 3.0242956
 1.8997006 3.0233018
 1.9002829 3.0247006
 1.8997006 3.0268731
 1.8963324 3.0254250
 1.8929641 3.0251815
 1.8925349 3.0247006
 1.8926049 3.0213323
 1.8929641 3.0197384
 1.8936032 3.0213323
 0.9999999E-12    33
 2.1176682 3.0247006
 2.1152694 3.0249491
 2.1119013 3.0247684
 2.1100132 3.0280688
 2.1098731 3.0314372
 2.1105974 3.0348055
 2.1119013 3.0361092
 2.1152694 3.0369127
 2.1166162 3.0381737
 2.1170242 3.0415421
 2.1186378 3.0441275
 2.1220059 3.0441546
 2.1234803 3.0449102
 2.1253743 3.0475814
 2.1262910 3.0482786
 2.1287425 3.0498886
 2.1321108 3.0486925
 2.1324756 3.0482786
 2.1339276 3.0449102
 2.1350915 3.0415421
 2.1345251 3.0381737
 2.1343386 3.0348055
 2.1321108 3.0325339
 2.1287425 3.0321937
 2.1264648 3.0314372
 2.1253743 3.0305295
 2.1241236 3.0314372
 2.1220059 3.0318859
 2.1215744 3.0314372
 2.1216691 3.0280688
 2.1192234 3.0247006
 2.1186378 3.0242472
 2.1176682 3.0247006
 0.9999999E-12     5
 1.9001027 3.0314372
 1.8997006 3.0342278
 1.8983473 3.0314372
 1.8997006 3.0289035
 1.9001027 3.0314372
 0.9999999E-12    67
 2.0493610 3.0348055
 2.0487270 3.0381737
 2.0486126 3.0415421
 2.0485938 3.0449102
 2.0485940 3.0482786
 2.0487025 3.0516467
 2.0487630 3.0550151
 2.0487647 3.0583832
 2.0490766 3.0617516
 2.0500522 3.0651197
 2.0512724 3.0663402
 2.0546408 3.0668612
 2.0555091 3.0684881
 2.0553842 3.0718563
 2.0553787 3.0752246
 2.0553036 3.0785928
 2.0553422 3.0819612
 2.0553854 3.0853293
 2.0554883 3.0886977
 2.0559285 3.0920658
 2.0571816 3.0954342
 2.0580089 3.0962617
 2.0613773 3.0965250
 2.0623243 3.0988023
 2.0629356 3.1021707
 2.0647454 3.1039805
 2.0681138 3.1045437
 2.0714819 3.1042178
 2.0746078 3.1021707
 2.0742748 3.0988023
 2.0748503 3.0954411
 2.0748560 3.0954342
 2.0748503 3.0954244
 2.0739212 3.0920658
 2.0719824 3.0886977
 2.0714819 3.0879607
 2.0699375 3.0853293
 2.0681138 3.0836358
 2.0677600 3.0819612
 2.0681138 3.0805371
 2.0696664 3.0785928
 2.0681138 3.0769868
 2.0676024 3.0752246
 2.0681138 3.0733733
 2.0695777 3.0718563
 2.0681138 3.0703058
 2.0675142 3.0684881
 2.0680399 3.0651197
 2.0668619 3.0617516
 2.0652642 3.0583832
 2.0647454 3.0576844
 2.0621731 3.0550151
 2.0613773 3.0540824
 2.0610595 3.0516467
 2.0613773 3.0501540
 2.0626049 3.0482786
 2.0613773 3.0469134
 2.0609362 3.0449102
 2.0613773 3.0432220
 2.0629125 3.0415421
 2.0613773 3.0399692
 2.0607822 3.0381737
 2.0610647 3.0348055
 2.0580089 3.0315406
 2.0546408 3.0320470
 2.0512724 3.0317514
 2.0493610 3.0348055
 0.9999999E-12     5
 1.8393649 3.0381737
 1.8390719 3.0396955
 1.8385984 3.0381737
 1.8390719 3.0370102
 1.8393649 3.0381737
 0.9999999E-12   205
 1.7804829 3.0449102
 1.7791051 3.0482786
 1.7791828 3.0516467
 1.7788641 3.0550151
 1.7787538 3.0583832
 1.7790788 3.0617516
 1.7784431 3.0623860
 1.7773722 3.0617516
 1.7779227 3.0583832
 1.7778387 3.0550151
 1.7771827 3.0516467
 1.7764019 3.0482786
 1.7750748 3.0476890
 1.7717066 3.0469813
 1.7683383 3.0469916
 1.7663594 3.0482786
 1.7655199 3.0516467
 1.7651744 3.0550151
 1.7651383 3.0583832
 1.7658460 3.0617516
 1.7656572 3.0651197
 1.7671477 3.0684881
 1.7683383 3.0708807
 1.7688011 3.0718563
 1.7717066 3.0739391
 1.7722677 3.0752246
 1.7717066 3.0774841
 1.7707328 3.0785928
 1.7717066 3.0799615
 1.7721416 3.0819612
 1.7718110 3.0853293
 1.7721221 3.0886977
 1.7728001 3.0920658
 1.7750019 3.0954342
 1.7750748 3.0954821
 1.7784431 3.0972021
 1.7790034 3.0988023
 1.7784431 3.1009743
 1.7774414 3.1021707
 1.7784431 3.1032300
 1.7791557 3.1055388
 1.7785015 3.1089072
 1.7799480 3.1122756
 1.7818114 3.1156113
 1.7818323 3.1156437
 1.7851796 3.1185563
 1.7853626 3.1190121
 1.7854327 3.1223803
 1.7856874 3.1257486
 1.7878895 3.1291168
 1.7885479 3.1302288
 1.7896807 3.1324852
 1.7919161 3.1341743
 1.7924901 3.1358533
 1.7919161 3.1387808
 1.7915154 3.1392217
 1.7919161 3.1396470
 1.7934184 3.1425898
 1.7952845 3.1455858
 1.7959337 3.1459582
 1.7986528 3.1473341
 1.8020210 3.1475685
 1.8053893 3.1469450
 1.8070415 3.1459582
 1.8081912 3.1425898
 1.8053893 3.1392682
 1.8053610 3.1392217
 1.8043778 3.1358533
 1.8043494 3.1324852
 1.8039534 3.1291168
 1.8028036 3.1257486
 1.8020210 3.1243112
 1.7986528 3.1229625
 1.7981004 3.1223803
 1.7976260 3.1190121
 1.7974478 3.1156437
 1.7962896 3.1122756
 1.7952845 3.1092453
 1.7950519 3.1089072
 1.7919161 3.1075673
 1.7907162 3.1055388
 1.7908518 3.1021707
 1.7907121 3.0988023
 1.7906222 3.0954342
 1.7898020 3.0920658
 1.7885479 3.0899584
 1.7877920 3.0886977
 1.7851796 3.0865703
 1.7844250 3.0853293
 1.7840242 3.0819612
 1.7843339 3.0785928
 1.7839377 3.0752246
 1.7851796 3.0727804
 1.7864288 3.0752246
 1.7885479 3.0785863
 1.7885538 3.0785928
 1.7919161 3.0811391
 1.7923214 3.0819612
 1.7921559 3.0853293
 1.7928187 3.0886977
 1.7944140 3.0920658
 1.7952845 3.0933785
 1.7966292 3.0954342
 1.7986528 3.0969720
 1.7993778 3.0988023
 1.7994543 3.1021707
 1.8020210 3.1038468
 1.8053893 3.1043253
 1.8087575 3.1039929
 1.8121258 3.1024480
 1.8137366 3.1055388
 1.8122538 3.1089072
 1.8128313 3.1122756
 1.8126198 3.1156437
 1.8154941 3.1189935
 1.8164231 3.1190121
 1.8188623 3.1193509
 1.8190397 3.1223803
 1.8196902 3.1257486
 1.8222306 3.1275268
 1.8255988 3.1281190
 1.8259896 3.1291168
 1.8255988 3.1311164
 1.8246151 3.1324852
 1.8255988 3.1335070
 1.8264631 3.1358533
 1.8264123 3.1392217
 1.8289671 3.1417696
 1.8323354 3.1418738
 1.8328544 3.1425898
 1.8325377 3.1459582
 1.8354502 3.1493263
 1.8357036 3.1495469
 1.8362429 3.1493263
 1.8390719 3.1491168
 1.8392750 3.1493263
 1.8392279 3.1526947
 1.8406004 3.1560628
 1.8424401 3.1574464
 1.8458084 3.1570389
 1.8472648 3.1594312
 1.8491766 3.1624706
 1.8525449 3.1626949
 1.8559132 3.1617143
 1.8573622 3.1594312
 1.8574563 3.1560628
 1.8559132 3.1540637
 1.8525449 3.1530457
 1.8522297 3.1526947
 1.8516973 3.1493263
 1.8513327 3.1459582
 1.8491766 3.1429694
 1.8486851 3.1425898
 1.8458084 3.1392696
 1.8457860 3.1392217
 1.8445188 3.1358533
 1.8431280 3.1324852
 1.8424401 3.1313558
 1.8390719 3.1301730
 1.8384048 3.1291168
 1.8378887 3.1257486
 1.8364317 3.1223803
 1.8357036 3.1216521
 1.8324953 3.1223803
 1.8323354 3.1223874
 1.8323243 3.1223803
 1.8315157 3.1190121
 1.8311136 3.1156437
 1.8289671 3.1126342
 1.8285486 3.1122756
 1.8255988 3.1091778
 1.8253758 3.1089072
 1.8235239 3.1055388
 1.8222306 3.1034606
 1.8203355 3.1021707
 1.8188623 3.1013682
 1.8156215 3.0988023
 1.8154941 3.0984402
 1.8144910 3.0954342
 1.8121258 3.0938568
 1.8112792 3.0920658
 1.8106155 3.0886977
 1.8091383 3.0853293
 1.8087575 3.0849485
 1.8053893 3.0848043
 1.8042059 3.0819612
 1.8041662 3.0785928
 1.8032463 3.0752246
 1.8025111 3.0718563
 1.8020210 3.0710745
 1.7986528 3.0699039
 1.7978244 3.0684881
 1.7975936 3.0651197
 1.7968349 3.0617516
 1.7952845 3.0591640
 1.7946455 3.0583832
 1.7919161 3.0563273
 1.7909119 3.0550151
 1.7900795 3.0516467
 1.7898145 3.0482786
 1.7885479 3.0458033
 1.7881792 3.0449102
 1.7851796 3.0415666
 1.7818114 3.0424342
 1.7804829 3.0449102
 0.9999999E-12    49
 2.1703231 3.0482786
 2.1691618 3.0490708
 2.1663432 3.0516467
 2.1664386 3.0550151
 2.1691618 3.0572522
 2.1709008 3.0583832
 2.1725299 3.0596039
 2.1758983 3.0592482
 2.1792665 3.0604196
 2.1826348 3.0597417
 2.1860030 3.0604150
 2.1893713 3.0597434
 2.1910598 3.0617516
 2.1918900 3.0651197
 2.1927395 3.0659692
 2.1961079 3.0669034
 2.1994760 3.0674474
 2.2028444 3.0672903
 2.2062125 3.0674369
 2.2095809 3.0672822
 2.2129490 3.0674248
 2.2163174 3.0672741
 2.2196856 3.0672541
 2.2230539 3.0668724
 2.2264221 3.0658255
 2.2275379 3.0651197
 2.2288687 3.0617516
 2.2289171 3.0583832
 2.2264221 3.0554702
 2.2230539 3.0551233
 2.2226021 3.0550151
 2.2196856 3.0536001
 2.2163174 3.0545330
 2.2129490 3.0532932
 2.2095809 3.0544868
 2.2062125 3.0532641
 2.2028444 3.0544612
 2.1994760 3.0532336
 2.1961079 3.0535350
 2.1956422 3.0516467
 2.1948569 3.0482786
 2.1927395 3.0469129
 2.1893713 3.0463963
 2.1860030 3.0460646
 2.1826348 3.0463850
 2.1792665 3.0460558
 2.1758983 3.0466862
 2.1725299 3.0467591
 2.1703231 3.0482786
 0.9999999E-12    41
 1.9209813 3.0583832
 1.9210576 3.0617516
 1.9222707 3.0651197
 1.9232785 3.0657854
 1.9266467 3.0671830
 1.9272408 3.0684881
 1.9266467 3.0717192
 1.9265178 3.0718563
 1.9266467 3.0719864
 1.9297267 3.0752246
 1.9300150 3.0755100
 1.9303094 3.0752246
 1.9333832 3.0746605
 1.9339989 3.0752246
 1.9337741 3.0785928
 1.9367515 3.0819139
 1.9401197 3.0814989
 1.9419708 3.0819612
 1.9434880 3.0832224
 1.9448695 3.0819612
 1.9468563 3.0810683
 1.9502245 3.0808425
 1.9516488 3.0785928
 1.9522018 3.0752246
 1.9514099 3.0718563
 1.9502245 3.0699999
 1.9468563 3.0697110
 1.9455830 3.0684881
 1.9434880 3.0652955
 1.9431835 3.0651197
 1.9401197 3.0634389
 1.9382794 3.0617516
 1.9367515 3.0603251
 1.9347239 3.0617516
 1.9333832 3.0619745
 1.9328642 3.0617516
 1.9317375 3.0583832
 1.9300150 3.0553520
 1.9266467 3.0552752
 1.9232785 3.0551775
 1.9209813 3.0583832
 0.9999999E-12    13
 1.9069879 3.0651197
 1.9073185 3.0684881
 1.9071877 3.0718563
 1.9098054 3.0745292
 1.9131737 3.0741603
 1.9165419 3.0743337
 1.9181011 3.0718563
 1.9187809 3.0684881
 1.9188932 3.0651197
 1.9165419 3.0619996
 1.9131737 3.0622511
 1.9098054 3.0618575
 1.9069879 3.0651197
 0.9999999E-12    95
 2.1329465 3.0651197
 2.1321108 3.0658937
 2.1305604 3.0684881
 2.1297836 3.0718563
 2.1296380 3.0752246
 2.1294856 3.0785928
 2.1296480 3.0819612
 2.1297829 3.0853293
 2.1299782 3.0886977
 2.1307628 3.0920658
 2.1321108 3.0950437
 2.1334486 3.0954342
 2.1354790 3.0958290
 2.1362550 3.0988023
 2.1361730 3.1021707
 2.1364253 3.1055388
 2.1365485 3.1089072
 2.1373553 3.1122756
 2.1388474 3.1147795
 2.1396840 3.1156437
 2.1422155 3.1173301
 2.1427763 3.1190121
 2.1430988 3.1223803
 2.1439741 3.1257486
 2.1455839 3.1273582
 2.1489520 3.1274161
 2.1497772 3.1291168
 2.1500678 3.1324852
 2.1523204 3.1355135
 2.1527283 3.1358533
 2.1549890 3.1392217
 2.1556888 3.1395676
 2.1588488 3.1425898
 2.1569672 3.1459582
 2.1566629 3.1493263
 2.1568062 3.1526947
 2.1581137 3.1560628
 2.1590569 3.1570060
 2.1624253 3.1565063
 2.1657934 3.1574514
 2.1677139 3.1560628
 2.1690307 3.1526947
 2.1688228 3.1493263
 2.1691618 3.1466601
 2.1696014 3.1459582
 2.1691618 3.1455050
 2.1670516 3.1425898
 2.1657934 3.1400056
 2.1647599 3.1392217
 2.1624253 3.1382260
 2.1605093 3.1358533
 2.1624253 3.1334019
 2.1633019 3.1324852
 2.1624253 3.1311424
 2.1621644 3.1291168
 2.1624253 3.1260488
 2.1625917 3.1257486
 2.1624253 3.1254091
 2.1613638 3.1223803
 2.1590569 3.1206889
 2.1556888 3.1193326
 2.1556289 3.1190121
 2.1556888 3.1184809
 2.1570261 3.1156437
 2.1556888 3.1141634
 2.1550293 3.1122756
 2.1550915 3.1089072
 2.1523204 3.1062412
 2.1489520 3.1062577
 2.1485472 3.1055388
 2.1489520 3.1040974
 2.1507399 3.1021707
 2.1489520 3.1000512
 2.1486309 3.0988023
 2.1489520 3.0967021
 2.1499186 3.0954342
 2.1489520 3.0937314
 2.1485999 3.0920658
 2.1480370 3.0886977
 2.1456618 3.0853293
 2.1455839 3.0852759
 2.1422155 3.0832305
 2.1418893 3.0819612
 2.1422155 3.0806890
 2.1437905 3.0785928
 2.1422155 3.0768924
 2.1417902 3.0752246
 2.1422155 3.0730143
 2.1432631 3.0718563
 2.1422155 3.0707231
 2.1410916 3.0684881
 2.1393247 3.0651197
 2.1388474 3.0646038
 2.1354790 3.0635440
 2.1329465 3.0651197
 0.9999999E-12     5
 1.7856216 3.0684881
 1.7851796 3.0708735
 1.7836927 3.0684881
 1.7851796 3.0673938
 1.7856216 3.0684881
 0.9999999E-12    29
 1.7448732 3.0785928
 1.7450894 3.0819612
 1.7447605 3.0839353
 1.7437969 3.0853293
 1.7445590 3.0886977
 1.7447605 3.0890341
 1.7452466 3.0920658
 1.7459855 3.0954342
 1.7481288 3.0968289
 1.7514970 3.0976059
 1.7520955 3.0988023
 1.7520117 3.1021707
 1.7548653 3.1048605
 1.7582335 3.1043901
 1.7616018 3.1041503
 1.7628337 3.1021707
 1.7634481 3.0988023
 1.7633283 3.0954342
 1.7616018 3.0924332
 1.7582335 3.0923774
 1.7576734 3.0920658
 1.7572675 3.0886977
 1.7573771 3.0853293
 1.7570796 3.0819612
 1.7564554 3.0785928
 1.7548653 3.0770028
 1.7514970 3.0763671
 1.7481288 3.0765026
 1.7448732 3.0785928
 0.9999999E-12    43
 1.8412237 3.0819612
 1.8394861 3.0853293
 1.8393970 3.0886977
 1.8394731 3.0920658
 1.8393462 3.0954342
 1.8412490 3.0988023
 1.8424401 3.1010888
 1.8429590 3.1021707
 1.8458084 3.1041389
 1.8464724 3.1055388
 1.8458084 3.1085646
 1.8454781 3.1089072
 1.8458084 3.1092703
 1.8471329 3.1122756
 1.8487641 3.1156437
 1.8491766 3.1161296
 1.8525449 3.1181285
 1.8535229 3.1190121
 1.8551275 3.1223803
 1.8559132 3.1234963
 1.8592814 3.1247463
 1.8624711 3.1223803
 1.8626497 3.1220043
 1.8641334 3.1190121
 1.8648174 3.1156437
 1.8643267 3.1122756
 1.8633425 3.1089072
 1.8626497 3.1077914
 1.8592814 3.1071482
 1.8584003 3.1055388
 1.8583167 3.1021707
 1.8580948 3.0988023
 1.8573356 3.0954342
 1.8559132 3.0930026
 1.8525449 3.0925987
 1.8519890 3.0920658
 1.8514925 3.0886977
 1.8510678 3.0853293
 1.8491766 3.0820048
 1.8491479 3.0819612
 1.8458084 3.0788119
 1.8424401 3.0797927
 1.8412237 3.0819612
 0.9999999E-12     5
 1.8933904 3.0819612
 1.8929641 3.0847640
 1.8924978 3.0819612
 1.8929641 3.0816009
 1.8933904 3.0819612
 0.9999999E-12    55
 1.9294881 3.0886977
 1.9286172 3.0920658
 1.9284124 3.0954342
 1.9292679 3.0988023
 1.9300150 3.1003389
 1.9307648 3.1021707
 1.9333832 3.1039672
 1.9346720 3.1055388
 1.9348382 3.1089072
 1.9367515 3.1109345
 1.9401197 3.1115391
 1.9407326 3.1122756
 1.9406115 3.1156437
 1.9432485 3.1190121
 1.9434880 3.1192126
 1.9443313 3.1190121
 1.9468563 3.1189039
 1.9470035 3.1190121
 1.9475241 3.1223803
 1.9490283 3.1257486
 1.9502245 3.1266100
 1.9535928 3.1276131
 1.9541750 3.1291168
 1.9541276 3.1324852
 1.9569612 3.1343529
 1.9603294 3.1346481
 1.9636977 3.1343348
 1.9655472 3.1324852
 1.9662962 3.1291168
 1.9662929 3.1257486
 1.9657894 3.1223803
 1.9639679 3.1190121
 1.9636977 3.1184883
 1.9603294 3.1163156
 1.9599295 3.1156437
 1.9588703 3.1122756
 1.9578151 3.1089072
 1.9569612 3.1075530
 1.9535928 3.1071563
 1.9526583 3.1055388
 1.9515179 3.1021707
 1.9502245 3.1001399
 1.9468563 3.0998249
 1.9461828 3.0988023
 1.9456767 3.0954342
 1.9438676 3.0920658
 1.9434880 3.0916865
 1.9426978 3.0920658
 1.9401197 3.0923131
 1.9394233 3.0920658
 1.9368825 3.0886977
 1.9367515 3.0884550
 1.9333832 3.0862048
 1.9300150 3.0878801
 1.9294881 3.0886977
 0.9999999E-12    67
 1.8766801 3.1021707
 1.8761228 3.1026020
 1.8747534 3.1055388
 1.8742894 3.1089072
 1.8747398 3.1122756
 1.8727545 3.1147559
 1.8693862 3.1155121
 1.8691897 3.1156437
 1.8672652 3.1190121
 1.8672640 3.1223803
 1.8693862 3.1254151
 1.8717655 3.1257486
 1.8727545 3.1259785
 1.8735766 3.1291168
 1.8727545 3.1322033
 1.8725415 3.1324852
 1.8727545 3.1327085
 1.8735631 3.1358533
 1.8728724 3.1392217
 1.8744367 3.1425898
 1.8761228 3.1455264
 1.8766683 3.1459582
 1.8794911 3.1474886
 1.8828593 3.1479301
 1.8862276 3.1472380
 1.8885603 3.1459582
 1.8895959 3.1450601
 1.8909917 3.1425898
 1.8929641 3.1400504
 1.8954091 3.1425898
 1.8963324 3.1434972
 1.8996240 3.1459582
 1.8997006 3.1460471
 1.9021661 3.1493263
 1.9030689 3.1515775
 1.9041342 3.1493263
 1.9064372 3.1489730
 1.9089057 3.1493263
 1.9098054 3.1499949
 1.9104737 3.1493263
 1.9121593 3.1459582
 1.9124163 3.1425898
 1.9120066 3.1392217
 1.9099947 3.1358533
 1.9098054 3.1356640
 1.9096057 3.1358533
 1.9064372 3.1364839
 1.9059520 3.1358533
 1.9057426 3.1324852
 1.9051925 3.1291168
 1.9030689 3.1257966
 1.9030085 3.1257486
 1.8997006 3.1235220
 1.8991792 3.1223803
 1.8986347 3.1190121
 1.8976308 3.1156437
 1.8963324 3.1143453
 1.8929641 3.1140015
 1.8912898 3.1122756
 1.8902522 3.1089072
 1.8895959 3.1078529
 1.8862276 3.1072037
 1.8843260 3.1055388
 1.8828593 3.1030025
 1.8817391 3.1021707
 1.8794911 3.1010048
 1.8766801 3.1021707
 0.9999999E-12    35
 2.1773102 3.1089072
 2.1768851 3.1122756
 2.1769614 3.1156437
 2.1783838 3.1190121
 2.1792665 3.1198945
 2.1817679 3.1190121
 2.1826348 3.1189573
 2.1827362 3.1190121
 2.1836698 3.1223803
 2.1845953 3.1257486
 2.1860030 3.1271563
 2.1893713 3.1273549
 2.1914678 3.1291168
 2.1925495 3.1324852
 2.1927395 3.1326752
 2.1961079 3.1338456
 2.1994760 3.1335597
 2.2011473 3.1324852
 2.2020142 3.1291168
 2.2024636 3.1257486
 2.2019165 3.1223803
 2.2009108 3.1190121
 2.1994760 3.1169388
 2.1979303 3.1156437
 2.1961079 3.1145921
 2.1927395 3.1134195
 2.1893713 3.1129830
 2.1890352 3.1122756
 2.1893713 3.1096005
 2.1898806 3.1089072
 2.1893713 3.1083980
 2.1860030 3.1065376
 2.1826348 3.1063480
 2.1792665 3.1069510
 2.1773102 3.1089072
 0.9999999E-12    31
 2.2735996 3.1089072
 2.2735779 3.1089625
 2.2727702 3.1122756
 2.2717934 3.1156437
 2.2719448 3.1190121
 2.2727308 3.1223803
 2.2735779 3.1244457
 2.2762973 3.1257486
 2.2769461 3.1259105
 2.2795389 3.1291168
 2.2803144 3.1322627
 2.2804055 3.1324852
 2.2836826 3.1339402
 2.2870510 3.1342125
 2.2904191 3.1335478
 2.2927167 3.1324852
 2.2937875 3.1318221
 2.2954783 3.1291168
 2.2950552 3.1257486
 2.2937875 3.1243527
 2.2904191 3.1228023
 2.2899976 3.1223803
 2.2886138 3.1190121
 2.2870510 3.1169484
 2.2856004 3.1156437
 2.2836826 3.1141875
 2.2829821 3.1122756
 2.2823236 3.1089072
 2.2803144 3.1076407
 2.2769461 3.1074004
 2.2735996 3.1089072
 0.9999999E-12    97
 1.4089105 3.1190121
 1.4086523 3.1223803
 1.4088870 3.1257486
 1.4100968 3.1291168
 1.4113024 3.1310518
 1.4120833 3.1324852
 1.4146707 3.1352274
 1.4148902 3.1358533
 1.4150825 3.1392217
 1.4180390 3.1417384
 1.4204369 3.1425898
 1.4210664 3.1459582
 1.4214072 3.1469109
 1.4220790 3.1493263
 1.4239929 3.1526947
 1.4247755 3.1536388
 1.4265684 3.1560628
 1.4281437 3.1575332
 1.4291217 3.1594312
 1.4311088 3.1627994
 1.4315120 3.1630392
 1.4348803 3.1651635
 1.4354315 3.1661677
 1.4355239 3.1695359
 1.4382485 3.1717670
 1.4416168 3.1728146
 1.4416661 3.1729043
 1.4416888 3.1762724
 1.4449850 3.1794107
 1.4459510 3.1796408
 1.4483533 3.1819582
 1.4485632 3.1830089
 1.4507608 3.1863773
 1.4517215 3.1869113
 1.4550898 3.1888688
 1.4554498 3.1897457
 1.4561675 3.1931138
 1.4584581 3.1944497
 1.4618263 3.1954312
 1.4630398 3.1964822
 1.4647273 3.1998503
 1.4651946 3.2002273
 1.4685628 3.2021127
 1.4719311 3.2030528
 1.4752995 3.2026858
 1.4766701 3.2032187
 1.4786677 3.2056479
 1.4820360 3.2057159
 1.4835320 3.2032187
 1.4832066 3.1998503
 1.4835241 3.1964822
 1.4820360 3.1936741
 1.4818213 3.1931138
 1.4786677 3.1900218
 1.4752995 3.1899066
 1.4748085 3.1897457
 1.4724410 3.1863773
 1.4719311 3.1852899
 1.4685628 3.1831129
 1.4683305 3.1830089
 1.4651946 3.1799867
 1.4650160 3.1796408
 1.4627720 3.1762724
 1.4618263 3.1758482
 1.4584581 3.1737077
 1.4578017 3.1729043
 1.4560159 3.1695359
 1.4550898 3.1689548
 1.4517215 3.1661751
 1.4517165 3.1661677
 1.4503871 3.1627994
 1.4483533 3.1613035
 1.4458051 3.1594312
 1.4449850 3.1571090
 1.4448144 3.1560628
 1.4416168 3.1532817
 1.4404874 3.1526947
 1.4384841 3.1493263
 1.4382485 3.1486456
 1.4363152 3.1459582
 1.4348803 3.1453500
 1.4315374 3.1425898
 1.4320136 3.1392217
 1.4315120 3.1386192
 1.4294629 3.1358533
 1.4281437 3.1337869
 1.4274304 3.1324852
 1.4247755 3.1294370
 1.4246675 3.1291168
 1.4244637 3.1257486
 1.4214072 3.1232274
 1.4180390 3.1224344
 1.4179819 3.1223803
 1.4170779 3.1190121
 1.4146707 3.1166561
 1.4113024 3.1166687
 1.4089105 3.1190121
 0.9999999E-12     5
 1.8798323 3.1190121
 1.8794911 3.1206753
 1.8785696 3.1190121
 1.8794911 3.1184001
 1.8798323 3.1190121
 0.9999999E-12    37
 1.9845196 3.1324852
 1.9839072 3.1344078
 1.9835497 3.1358533
 1.9839072 3.1367693
 1.9862971 3.1392217
 1.9872755 3.1396112
 1.9881582 3.1425898
 1.9881034 3.1459582
 1.9881167 3.1493263
 1.9882169 3.1526947
 1.9883891 3.1560628
 1.9889853 3.1594312
 1.9906437 3.1626019
 1.9933381 3.1627994
 1.9940120 3.1628497
 1.9973803 3.1638303
 1.9997753 3.1627994
 2.0007486 3.1624594
 2.0041168 3.1598432
 2.0043652 3.1594312
 2.0042551 3.1560628
 2.0041168 3.1558509
 2.0016584 3.1526947
 2.0007486 3.1519701
 2.0001247 3.1493263
 2.0007486 3.1469169
 2.0015218 3.1459582
 2.0007486 3.1451735
 1.9998884 3.1425898
 2.0006680 3.1392217
 1.9990691 3.1358533
 1.9973803 3.1328497
 1.9969993 3.1324852
 1.9940120 3.1307373
 1.9906437 3.1302609
 1.9872755 3.1310022
 1.9845196 3.1324852
 0.9999999E-12     5
 1.8934164 3.1358533
 1.8929641 3.1383598
 1.8919634 3.1358533
 1.8929641 3.1350188
 1.8934164 3.1358533
 0.9999999E-12   103
 1.9350382 3.1392217
 1.9347205 3.1425898
 1.9347438 3.1459582
 1.9367515 3.1482210
 1.9401197 3.1486769
 1.9409218 3.1493263
 1.9414123 3.1526947
 1.9434880 3.1554759
 1.9468563 3.1559267
 1.9470718 3.1560628
 1.9479377 3.1594312
 1.9479936 3.1627994
 1.9497551 3.1661677
 1.9502245 3.1671715
 1.9515413 3.1695359
 1.9535928 3.1707671
 1.9564514 3.1729043
 1.9569612 3.1743460
 1.9575889 3.1762724
 1.9603294 3.1780605
 1.9620206 3.1796408
 1.9636977 3.1826093
 1.9639388 3.1830089
 1.9670659 3.1854589
 1.9680942 3.1863773
 1.9704342 3.1896994
 1.9704844 3.1897457
 1.9738024 3.1919794
 1.9750415 3.1931138
 1.9771707 3.1948676
 1.9805390 3.1943200
 1.9813794 3.1964822
 1.9821634 3.1998503
 1.9839072 3.2015941
 1.9872755 3.2019663
 1.9878271 3.2032187
 1.9881707 3.2065868
 1.9897463 3.2099552
 1.9906437 3.2108524
 1.9915687 3.2099552
 1.9940120 3.2094402
 1.9945326 3.2099552
 1.9948351 3.2133234
 1.9955033 3.2166917
 1.9973803 3.2196195
 1.9979962 3.2200599
 2.0007486 3.2218175
 2.0041168 3.2223570
 2.0074852 3.2220528
 2.0104976 3.2200599
 2.0108533 3.2171168
 2.0109129 3.2166917
 2.0108533 3.2165787
 2.0096154 3.2133234
 2.0074852 3.2117500
 2.0068781 3.2099552
 2.0074852 3.2067804
 2.0076730 3.2065868
 2.0074852 3.2063954
 2.0045249 3.2032187
 2.0041168 3.2028174
 2.0017831 3.1998503
 2.0007486 3.1985929
 1.9997500 3.1964822
 1.9973803 3.1932485
 1.9972438 3.1931138
 1.9940120 3.1901844
 1.9935873 3.1897457
 1.9907048 3.1863773
 1.9906437 3.1862719
 1.9890293 3.1830089
 1.9872755 3.1817515
 1.9857845 3.1796408
 1.9848800 3.1762724
 1.9839072 3.1752679
 1.9805390 3.1742542
 1.9775771 3.1729043
 1.9771707 3.1724980
 1.9767641 3.1729043
 1.9738024 3.1738663
 1.9727527 3.1729043
 1.9721094 3.1695359
 1.9704342 3.1677179
 1.9670659 3.1673033
 1.9660159 3.1661677
 1.9651957 3.1627994
 1.9636977 3.1603577
 1.9603294 3.1600742
 1.9595271 3.1594312
 1.9589230 3.1560628
 1.9585040 3.1526947
 1.9572378 3.1493263
 1.9569612 3.1487381
 1.9535928 3.1463504
 1.9531782 3.1459582
 1.9506565 3.1425898
 1.9502245 3.1414242
 1.9484315 3.1392217
 1.9468563 3.1385541
 1.9434880 3.1363578
 1.9401197 3.1370587
 1.9367515 3.1374400
 1.9350382 3.1392217
 0.9999999E-12    11
 2.0606740 3.1392217
 2.0581968 3.1425898
 2.0592766 3.1459582
 2.0613773 3.1471238
 2.0639448 3.1459582
 2.0647454 3.1446991
 2.0654373 3.1425898
 2.0647454 3.1409907
 2.0622795 3.1392217
 2.0613773 3.1389017
 2.0606740 3.1392217
 0.9999999E-12     5
 1.9001658 3.1425898
 1.8997006 3.1458755
 1.8972912 3.1425898
 1.8997006 3.1421461
 1.9001658 3.1425898
 0.9999999E-12    35
 2.0983598 3.1459582
 2.0969839 3.1493263
 2.0971580 3.1526947
 2.0984282 3.1549773
 2.1017964 3.1556110
 2.1023800 3.1560628
 2.1029720 3.1594312
 2.1033888 3.1627994
 2.1051648 3.1658428
 2.1053872 3.1661677
 2.1085329 3.1693909
 2.1086965 3.1695359
 2.1106741 3.1729043
 2.1119013 3.1750369
 2.1134813 3.1762724
 2.1152694 3.1772182
 2.1177733 3.1762724
 2.1186378 3.1758587
 2.1202686 3.1729043
 2.1214232 3.1695359
 2.1209831 3.1661677
 2.1208935 3.1627994
 2.1186378 3.1601343
 2.1152694 3.1596606
 2.1150618 3.1594312
 2.1147089 3.1560628
 2.1133001 3.1526947
 2.1119013 3.1517162
 2.1085329 3.1513348
 2.1073875 3.1493263
 2.1061168 3.1459582
 2.1051648 3.1453359
 2.1017964 3.1448944
 2.0984282 3.1458898
 2.0983598 3.1459582
 0.9999999E-12    37
 1.8610995 3.1526947
 1.8598431 3.1560628
 1.8599087 3.1594312
 1.8606811 3.1627994
 1.8626497 3.1641262
 1.8660179 3.1650116
 1.8665246 3.1661677
 1.8660179 3.1688585
 1.8654354 3.1695359
 1.8660179 3.1701212
 1.8684570 3.1729043
 1.8693862 3.1753147
 1.8697726 3.1762724
 1.8727545 3.1781607
 1.8757350 3.1796408
 1.8761228 3.1799974
 1.8765177 3.1796408
 1.8794911 3.1789019
 1.8828593 3.1791320
 1.8846563 3.1762724
 1.8851234 3.1729043
 1.8846762 3.1695359
 1.8828593 3.1666439
 1.8794911 3.1668782
 1.8789006 3.1661677
 1.8784915 3.1627994
 1.8770220 3.1594312
 1.8761228 3.1585319
 1.8742892 3.1594312
 1.8727545 3.1595764
 1.8724718 3.1594312
 1.8715366 3.1560628
 1.8701886 3.1526947
 1.8693862 3.1518922
 1.8660179 3.1519847
 1.8626497 3.1516089
 1.8610995 3.1526947
 0.9999999E-12    27
 1.8942308 3.1560628
 1.8935109 3.1594312
 1.8929641 3.1619830
 1.8924816 3.1627994
 1.8929641 3.1633439
 1.8935785 3.1661677
 1.8931898 3.1695359
 1.8963324 3.1715939
 1.8997006 3.1720252
 1.9023644 3.1729043
 1.9030689 3.1747899
 1.9043244 3.1762724
 1.9064372 3.1771653
 1.9082775 3.1762724
 1.9098054 3.1732752
 1.9099221 3.1729043
 1.9098054 3.1725187
 1.9084097 3.1695359
 1.9064372 3.1685588
 1.9056691 3.1661677
 1.9056438 3.1627994
 1.9053786 3.1594312
 1.9045799 3.1560628
 1.9030689 3.1532364
 1.8997006 3.1528730
 1.8963324 3.1529176
 1.8942308 3.1560628
 0.9999999E-12    27
 2.3422246 3.1627994
 2.3415799 3.1661677
 2.3434598 3.1695359
 2.3443115 3.1700284
 2.3455904 3.1729043
 2.3457308 3.1762724
 2.3476796 3.1794639
 2.3510480 3.1794243
 2.3522022 3.1796408
 2.3544161 3.1810398
 2.3566878 3.1796408
 2.3577845 3.1793418
 2.3611526 3.1789505
 2.3639128 3.1762724
 2.3638213 3.1729043
 2.3636186 3.1695359
 2.3611526 3.1674020
 2.3577845 3.1668322
 2.3554912 3.1661677
 2.3544161 3.1653833
 2.3532438 3.1661677
 2.3510480 3.1665845
 2.3502259 3.1661677
 2.3486598 3.1627994
 2.3476796 3.1618414
 2.3443115 3.1613212
 2.3422246 3.1627994
 0.9999999E-12    67
 2.1277306 3.1830089
 2.1253743 3.1835170
 2.1240284 3.1863773
 2.1232746 3.1897457
 2.1230857 3.1931138
 2.1233399 3.1964822
 2.1242545 3.1998503
 2.1253743 3.2009702
 2.1287425 3.2016823
 2.1298802 3.2032187
 2.1298783 3.2065868
 2.1301694 3.2099552
 2.1311767 3.2133234
 2.1321108 3.2148621
 2.1354790 3.2157779
 2.1363525 3.2166917
 2.1367738 3.2200599
 2.1373806 3.2234282
 2.1388474 3.2260551
 2.1393299 3.2267964
 2.1422155 3.2292907
 2.1427543 3.2301648
 2.1435237 3.2335329
 2.1437852 3.2369013
 2.1446278 3.2402694
 2.1455839 3.2419772
 2.1474917 3.2436378
 2.1489520 3.2444372
 2.1503968 3.2470059
 2.1514151 3.2503743
 2.1523204 3.2519429
 2.1556888 3.2530289
 2.1590569 3.2528765
 2.1611254 3.2503743
 2.1614287 3.2470059
 2.1622372 3.2436378
 2.1611819 3.2402694
 2.1607623 3.2369013
 2.1590569 3.2351701
 2.1556888 3.2344296
 2.1550641 3.2335329
 2.1556888 3.2302279
 2.1557405 3.2301648
 2.1556888 3.2300820
 2.1549916 3.2267964
 2.1544943 3.2234282
 2.1523204 3.2204406
 2.1512477 3.2200599
 2.1489520 3.2189758
 2.1483221 3.2166917
 2.1486204 3.2133234
 2.1465213 3.2099552
 2.1455839 3.2079809
 2.1450050 3.2065868
 2.1422155 3.2046199
 2.1415772 3.2032187
 2.1417887 3.1998503
 2.1388474 3.1966648
 2.1354790 3.1968651
 2.1350605 3.1964822
 2.1353743 3.1931138
 2.1350391 3.1897457
 2.1343818 3.1863773
 2.1323793 3.1830089
 2.1321108 3.1828289
 2.1287425 3.1828463
 2.1277306 3.1830089
 0.9999999E-12    89
 2.0302837 3.1897457
 2.0276947 3.1902025
 2.0243263 3.1906083
 2.0228755 3.1931138
 2.0226743 3.1964822
 2.0241644 3.1998503
 2.0243263 3.2000124
 2.0276947 3.2008131
 2.0283425 3.2032187
 2.0285821 3.2065868
 2.0292649 3.2099552
 2.0310628 3.2127032
 2.0321627 3.2133234
 2.0344312 3.2145576
 2.0350876 3.2166917
 2.0351481 3.2200599
 2.0364404 3.2234282
 2.0352962 3.2267964
 2.0344312 3.2268622
 2.0343471 3.2267964
 2.0337031 3.2234282
 2.0321655 3.2200599
 2.0310628 3.2190640
 2.0276947 3.2184374
 2.0263312 3.2166917
 2.0249317 3.2133234
 2.0243263 3.2129250
 2.0209582 3.2123230
 2.0175898 3.2131207
 2.0173476 3.2133234
 2.0158689 3.2166917
 2.0152428 3.2200599
 2.0151727 3.2234282
 2.0151634 3.2267964
 2.0151641 3.2301648
 2.0154309 3.2335329
 2.0163031 3.2369013
 2.0175898 3.2389596
 2.0209582 3.2389183
 2.0217893 3.2402694
 2.0226922 3.2436378
 2.0243263 3.2462218
 2.0276947 3.2461653
 2.0288064 3.2470059
 2.0310628 3.2499580
 2.0320315 3.2503743
 2.0344312 3.2518122
 2.0359626 3.2537425
 2.0377994 3.2554500
 2.0408807 3.2537425
 2.0411677 3.2537067
 2.0414371 3.2537425
 2.0445359 3.2555077
 2.0468254 3.2537425
 2.0479043 3.2529438
 2.0509422 3.2503743
 2.0512724 3.2491281
 2.0520964 3.2470059
 2.0524755 3.2436378
 2.0518794 3.2402694
 2.0512724 3.2386560
 2.0506051 3.2369013
 2.0479043 3.2351687
 2.0462441 3.2335329
 2.0463426 3.2301648
 2.0479043 3.2295492
 2.0512724 3.2271202
 2.0514679 3.2267964
 2.0530157 3.2234282
 2.0536551 3.2200599
 2.0532203 3.2166917
 2.0516150 3.2133234
 2.0512724 3.2130985
 2.0479043 3.2111683
 2.0469835 3.2099552
 2.0471239 3.2065868
 2.0445359 3.2039306
 2.0411677 3.2039030
 2.0407143 3.2032187
 2.0411677 3.2007179
 2.0419831 3.1998503
 2.0411677 3.1988571
 2.0400975 3.1964822
 2.0378165 3.1931138
 2.0377994 3.1930909
 2.0344312 3.1907105
 2.0317655 3.1897457
 2.0310628 3.1893156
 2.0302837 3.1897457
 0.9999999E-12    95
 1.7548540 3.2032187
 1.7514970 3.2063735
 1.7512939 3.2065868
 1.7514970 3.2068205
 1.7519777 3.2099552
 1.7514970 3.2116113
 1.7499107 3.2133234
 1.7514970 3.2156801
 1.7517014 3.2166917
 1.7514970 3.2189398
 1.7509584 3.2200599
 1.7513921 3.2234282
 1.7514970 3.2235816
 1.7521080 3.2267964
 1.7527739 3.2301648
 1.7548653 3.2315381
 1.7582335 3.2325966
 1.7586040 3.2335329
 1.7582335 3.2347631
 1.7563307 3.2369013
 1.7582335 3.2389169
 1.7585925 3.2402694
 1.7582335 3.2427783
 1.7574593 3.2436378
 1.7582335 3.2445145
 1.7604668 3.2470059
 1.7616018 3.2480209
 1.7633653 3.2503743
 1.7647734 3.2537425
 1.7649701 3.2543366
 1.7651534 3.2571108
 1.7654881 3.2604790
 1.7683383 3.2624285
 1.7717066 3.2632022
 1.7719579 3.2638474
 1.7717066 3.2653549
 1.7702967 3.2672155
 1.7717066 3.2686501
 1.7729613 3.2705839
 1.7734499 3.2739522
 1.7750748 3.2755859
 1.7784431 3.2766604
 1.7788048 3.2773204
 1.7784431 3.2803752
 1.7781892 3.2806888
 1.7784431 3.2810106
 1.7805580 3.2840569
 1.7818114 3.2851138
 1.7840031 3.2840569
 1.7851796 3.2839465
 1.7854227 3.2840569
 1.7865299 3.2874253
 1.7885479 3.2901380
 1.7919161 3.2903142
 1.7952845 3.2893362
 1.7963293 3.2874253
 1.7970033 3.2840569
 1.7970934 3.2806888
 1.7965152 3.2773204
 1.7954744 3.2739522
 1.7952845 3.2736483
 1.7919161 3.2723520
 1.7912042 3.2705839
 1.7905865 3.2672155
 1.7885479 3.2639184
 1.7851796 3.2643175
 1.7847786 3.2638474
 1.7844645 3.2604790
 1.7839115 3.2571108
 1.7818114 3.2541354
 1.7813094 3.2537425
 1.7784431 3.2513819
 1.7781326 3.2503743
 1.7776307 3.2470059
 1.7771599 3.2436378
 1.7750748 3.2415528
 1.7717066 3.2410729
 1.7710309 3.2402694
 1.7710744 3.2369013
 1.7709481 3.2335329
 1.7706822 3.2301648
 1.7699879 3.2267964
 1.7683383 3.2240973
 1.7677612 3.2234282
 1.7649701 3.2212756
 1.7644547 3.2200599
 1.7641948 3.2166917
 1.7642602 3.2133234
 1.7639602 3.2099552
 1.7635380 3.2065868
 1.7616018 3.2034914
 1.7582335 3.2039294
 1.7548772 3.2032187
 1.7548653 3.2032080
 1.7548540 3.2032187
 0.9999999E-12   139
 1.9494669 3.2032187
 1.9468563 3.2060280
 1.9463072 3.2065868
 1.9468563 3.2071517
 1.9474078 3.2099552
 1.9468563 3.2124033
 1.9459587 3.2133234
 1.9468563 3.2144048
 1.9479126 3.2166917
 1.9502245 3.2200286
 1.9502511 3.2200599
 1.9535928 3.2230048
 1.9542005 3.2234282
 1.9569612 3.2253325
 1.9603294 3.2256584
 1.9607056 3.2267964
 1.9603294 3.2297540
 1.9601138 3.2301648
 1.9603294 3.2303920
 1.9617691 3.2335329
 1.9625977 3.2369013
 1.9636977 3.2380395
 1.9670659 3.2393968
 1.9678409 3.2402694
 1.9670659 3.2425907
 1.9651349 3.2436378
 1.9636977 3.2457895
 1.9631464 3.2470059
 1.9603294 3.2498693
 1.9590254 3.2470059
 1.9581662 3.2436378
 1.9569612 3.2426276
 1.9535928 3.2418485
 1.9530070 3.2402694
 1.9529054 3.2369013
 1.9526992 3.2335329
 1.9519314 3.2301648
 1.9502245 3.2273865
 1.9468563 3.2273471
 1.9434880 3.2273197
 1.9411925 3.2301648
 1.9408866 3.2335329
 1.9401197 3.2355189
 1.9388514 3.2369013
 1.9401197 3.2381711
 1.9406718 3.2402694
 1.9401197 3.2433410
 1.9398234 3.2436378
 1.9401197 3.2439559
 1.9427083 3.2470059
 1.9434880 3.2477405
 1.9467615 3.2503743
 1.9468563 3.2505541
 1.9472901 3.2537425
 1.9474436 3.2571108
 1.9485564 3.2604790
 1.9502245 3.2616575
 1.9535928 3.2627087
 1.9540168 3.2638474
 1.9535928 3.2659464
 1.9526163 3.2672155
 1.9535928 3.2682011
 1.9548775 3.2705839
 1.9550931 3.2739522
 1.9569612 3.2758961
 1.9603294 3.2765093
 1.9609714 3.2773204
 1.9607202 3.2806888
 1.9635437 3.2840569
 1.9636977 3.2841923
 1.9639579 3.2840569
 1.9670659 3.2837896
 1.9678319 3.2840569
 1.9704342 3.2861781
 1.9731655 3.2840569
 1.9738024 3.2839100
 1.9739443 3.2840569
 1.9742936 3.2874253
 1.9749959 3.2907934
 1.9771707 3.2929683
 1.9805390 3.2924428
 1.9839072 3.2929802
 1.9868070 3.2907934
 1.9872755 3.2888608
 1.9878877 3.2874253
 1.9872755 3.2863452
 1.9870789 3.2840569
 1.9872755 3.2828567
 1.9888233 3.2806888
 1.9872755 3.2791252
 1.9859087 3.2773204
 1.9855015 3.2739522
 1.9839072 3.2723022
 1.9805390 3.2712030
 1.9802020 3.2705839
 1.9805390 3.2686651
 1.9819334 3.2672155
 1.9805390 3.2655561
 1.9797012 3.2638474
 1.9793748 3.2604790
 1.9795945 3.2571108
 1.9802936 3.2537425
 1.9805390 3.2536407
 1.9813689 3.2537425
 1.9839072 3.2550120
 1.9855731 3.2537425
 1.9872755 3.2527657
 1.9903419 3.2503743
 1.9906437 3.2493119
 1.9914932 3.2470059
 1.9918281 3.2436378
 1.9909717 3.2402694
 1.9906437 3.2393317
 1.9901493 3.2369013
 1.9872755 3.2347100
 1.9861040 3.2335329
 1.9839072 3.2304323
 1.9837569 3.2301648
 1.9808117 3.2267964
 1.9805390 3.2260759
 1.9803861 3.2234282
 1.9802598 3.2200599
 1.9771707 3.2167809
 1.9770328 3.2166917
 1.9738024 3.2133706
 1.9736793 3.2133234
 1.9704342 3.2121975
 1.9670659 3.2122035
 1.9640247 3.2099552
 1.9636977 3.2091091
 1.9613509 3.2065868
 1.9603294 3.2061713
 1.9581171 3.2032187
 1.9569612 3.2020693
 1.9557732 3.2032187
 1.9535928 3.2037413
 1.9509993 3.2032187
 1.9502245 3.2024736
 1.9494669 3.2032187
 0.9999999E-12     5
 2.0036831 3.2032187
 2.0007486 3.2036979
 2.0003440 3.2032187
 2.0007486 3.2009499
 2.0036831 3.2032187
 0.9999999E-12    19
 1.6595761 3.2099552
 1.6571857 3.2129612
 1.6568416 3.2133234
 1.6571857 3.2141402
 1.6573871 3.2166917
 1.6572753 3.2200599
 1.6581758 3.2234282
 1.6605539 3.2250395
 1.6639222 3.2245669
 1.6672904 3.2244439
 1.6683062 3.2234282
 1.6694648 3.2200599
 1.6695631 3.2166917
 1.6691931 3.2133234
 1.6672904 3.2108076
 1.6663871 3.2099552
 1.6639222 3.2070243
 1.6605539 3.2081709
 1.6595761 3.2099552
 0.9999999E-12    15
 1.6980934 3.2133234
 1.6979771 3.2166917
 1.6978024 3.2200599
 1.6990358 3.2234282
 1.7009730 3.2247789
 1.7043413 3.2241182
 1.7077096 3.2242100
 1.7084913 3.2234282
 1.7098167 3.2200599
 1.7098502 3.2166917
 1.7090425 3.2133234
 1.7077096 3.2119904
 1.7043413 3.2113702
 1.7009730 3.2114563
 1.6980934 3.2133234
 0.9999999E-12     7
 2.0412204 3.2234282
 2.0437694 3.2267964
 2.0411677 3.2279201
 2.0388498 3.2267964
 2.0409162 3.2234282
 2.0411677 3.2234123
 2.0412204 3.2234282
 0.9999999E-12   215
 1.8884323 3.2267964
 1.8863789 3.2301648
 1.8868016 3.2335329
 1.8862276 3.2363801
 1.8828593 3.2358329
 1.8794911 3.2348807
 1.8779275 3.2335329
 1.8761228 3.2308304
 1.8751522 3.2301648
 1.8727545 3.2287037
 1.8698895 3.2301648
 1.8693862 3.2305486
 1.8677276 3.2335329
 1.8662351 3.2369013
 1.8669006 3.2402694
 1.8667324 3.2436378
 1.8693862 3.2464607
 1.8727545 3.2465217
 1.8731272 3.2470059
 1.8727545 3.2500582
 1.8725259 3.2503743
 1.8727545 3.2507319
 1.8737106 3.2537425
 1.8761228 3.2570174
 1.8762101 3.2571108
 1.8790233 3.2604790
 1.8794911 3.2607918
 1.8827294 3.2638474
 1.8828593 3.2640908
 1.8840241 3.2672155
 1.8862276 3.2688396
 1.8893354 3.2705839
 1.8895959 3.2712107
 1.8902820 3.2739522
 1.8929641 3.2759719
 1.8942558 3.2773204
 1.8963324 3.2801893
 1.8967915 3.2806888
 1.8997006 3.2830706
 1.9010546 3.2840569
 1.9030689 3.2857730
 1.9061061 3.2840569
 1.9064372 3.2840173
 1.9064904 3.2840569
 1.9064709 3.2874253
 1.9073465 3.2907934
 1.9098054 3.2926381
 1.9131737 3.2930439
 1.9137435 3.2941618
 1.9140834 3.2975299
 1.9165419 3.2991767
 1.9199102 3.2999454
 1.9211816 3.3008983
 1.9217553 3.3042665
 1.9232785 3.3058352
 1.9266467 3.3062983
 1.9300150 3.3074911
 1.9333832 3.3065662
 1.9346194 3.3076348
 1.9367515 3.3104913
 1.9371723 3.3110030
 1.9401197 3.3134596
 1.9409740 3.3143713
 1.9434880 3.3176010
 1.9436233 3.3177395
 1.9468563 3.3209045
 1.9469720 3.3211079
 1.9476591 3.3244760
 1.9490577 3.3278444
 1.9502245 3.3286629
 1.9535928 3.3298531
 1.9542538 3.3312125
 1.9540977 3.3345809
 1.9569612 3.3364503
 1.9603294 3.3368330
 1.9636977 3.3364391
 1.9664605 3.3345809
 1.9663848 3.3312125
 1.9670659 3.3296154
 1.9677907 3.3312125
 1.9677289 3.3345809
 1.9704342 3.3363454
 1.9738024 3.3367634
 1.9746015 3.3379490
 1.9749229 3.3413174
 1.9757838 3.3446856
 1.9771707 3.3468161
 1.9794418 3.3480539
 1.9805390 3.3486414
 1.9830645 3.3514223
 1.9839072 3.3522198
 1.9850237 3.3514223
 1.9872755 3.3510509
 1.9876988 3.3514223
 1.9881514 3.3547904
 1.9893640 3.3581588
 1.9906437 3.3594384
 1.9940120 3.3586786
 1.9949965 3.3615270
 1.9960171 3.3648953
 1.9973803 3.3662584
 2.0007486 3.3665488
 2.0017059 3.3682635
 2.0023801 3.3716319
 2.0041168 3.3743827
 2.0074852 3.3739674
 2.0085487 3.3750000
 2.0098031 3.3783684
 2.0108533 3.3800211
 2.0142217 3.3806016
 2.0175898 3.3815107
 2.0209582 3.3803575
 2.0243263 3.3784704
 2.0244198 3.3783684
 2.0254886 3.3750000
 2.0243263 3.3718984
 2.0242190 3.3716319
 2.0209582 3.3696198
 2.0195765 3.3682635
 2.0181649 3.3648953
 2.0175898 3.3642030
 2.0142217 3.3622928
 2.0130820 3.3615270
 2.0108533 3.3588960
 2.0099690 3.3581588
 2.0074852 3.3557711
 2.0062540 3.3547904
 2.0041168 3.3534329
 2.0007486 3.3530169
 2.0001690 3.3514223
 2.0001853 3.3480539
 1.9973803 3.3462062
 1.9940120 3.3456202
 1.9932048 3.3446856
 1.9935881 3.3413174
 1.9906437 3.3382716
 1.9872755 3.3386335
 1.9866363 3.3379490
 1.9869957 3.3345809
 1.9841334 3.3312125
 1.9839072 3.3310087
 1.9835678 3.3312125
 1.9805390 3.3315394
 1.9801242 3.3312125
 1.9801347 3.3278444
 1.9783667 3.3244760
 1.9771707 3.3235495
 1.9738024 3.3236563
 1.9729694 3.3211079
 1.9719429 3.3177395
 1.9704342 3.3167117
 1.9670659 3.3166041
 1.9636977 3.3157892
 1.9603294 3.3167050
 1.9598247 3.3143713
 1.9596667 3.3110030
 1.9590087 3.3076348
 1.9583124 3.3042665
 1.9569612 3.3021576
 1.9535928 3.3019671
 1.9523048 3.3008983
 1.9502245 3.2988684
 1.9479973 3.3008983
 1.9468563 3.3011613
 1.9465179 3.3008983
 1.9461259 3.2975299
 1.9449506 3.2941618
 1.9434880 3.2926991
 1.9409400 3.2941618
 1.9401197 3.2942545
 1.9399883 3.2941618
 1.9393604 3.2907934
 1.9383886 3.2874253
 1.9367515 3.2857881
 1.9333832 3.2860746
 1.9326905 3.2840569
 1.9320539 3.2806888
 1.9300150 3.2786498
 1.9266467 3.2783465
 1.9232785 3.2781687
 1.9199102 3.2785997
 1.9165419 3.2780964
 1.9131737 3.2781012
 1.9126130 3.2773204
 1.9122782 3.2739522
 1.9107307 3.2705839
 1.9098054 3.2696586
 1.9088527 3.2705839
 1.9064372 3.2710938
 1.9059635 3.2705839
 1.9058328 3.2672155
 1.9056878 3.2638474
 1.9061643 3.2604790
 1.9064372 3.2602737
 1.9098054 3.2599187
 1.9113317 3.2571108
 1.9113880 3.2537425
 1.9098054 3.2506437
 1.9072398 3.2503743
 1.9064372 3.2502949
 1.9055388 3.2470059
 1.9055667 3.2436378
 1.9053434 3.2402694
 1.9048437 3.2369013
 1.9030689 3.2340949
 1.8997006 3.2343090
 1.8990966 3.2335329
 1.8986900 3.2301648
 1.8971349 3.2267964
 1.8963324 3.2259939
 1.8948220 3.2267964
 1.8929641 3.2269881
 1.8913046 3.2267964
 1.8895959 3.2258406
 1.8884323 3.2267964
 0.9999999E-12    13
 1.8877213 3.2402694
 1.8895959 3.2432258
 1.8898941 3.2436378
 1.8929641 3.2459538
 1.8935763 3.2470059
 1.8929641 3.2498577
 1.8895959 3.2480791
 1.8862276 3.2483840
 1.8855345 3.2470059
 1.8855214 3.2436378
 1.8843777 3.2402694
 1.8862276 3.2373660
 1.8877213 3.2402694
 0.9999999E-12     5
 1.7651539 3.2470059
 1.7649701 3.2480595
 1.7633198 3.2470059
 1.7649701 3.2468231
 1.7651539 3.2470059
 0.9999999E-12     5
 1.9475684 3.2470059
 1.9468563 3.2502525
 1.9443820 3.2470059
 1.9468563 3.2466192
 1.9475684 3.2470059
 0.9999999E-12     5
 1.9743214 3.2470059
 1.9738024 3.2489130
 1.9719448 3.2470059
 1.9738024 3.2459602
 1.9743214 3.2470059
 0.9999999E-12    11
 1.6853533 3.2537425
 1.6853533 3.2571108
 1.6875000 3.2601972
 1.6908683 3.2602816
 1.6942365 3.2584891
 1.6948551 3.2571108
 1.6948471 3.2537425
 1.6942365 3.2524273
 1.6908683 3.2506371
 1.6875000 3.2507353
 1.6853533 3.2537425
 0.9999999E-12     5
 1.9001337 3.2537425
 1.8997006 3.2570076
 1.8988820 3.2537425
 1.8997006 3.2535319
 1.9001337 3.2537425
 0.9999999E-12    33
 1.9891927 3.2571108
 1.9880592 3.2604790
 1.9879615 3.2638474
 1.9885776 3.2672155
 1.9906437 3.2692816
 1.9940120 3.2696080
 1.9946729 3.2705839
 1.9950672 3.2739522
 1.9969223 3.2773204
 1.9973803 3.2777784
 1.9978578 3.2773204
 2.0007486 3.2767274
 2.0031033 3.2773204
 2.0041168 3.2783000
 2.0051188 3.2773204
 2.0074852 3.2758062
 2.0101180 3.2739522
 2.0108533 3.2714510
 2.0112021 3.2705839
 2.0108533 3.2693982
 2.0104506 3.2672155
 2.0074852 3.2649710
 2.0056911 3.2638474
 2.0041168 3.2624793
 2.0019636 3.2638474
 2.0007486 3.2640152
 2.0005312 3.2638474
 2.0005949 3.2604790
 1.9993242 3.2571108
 1.9973803 3.2556221
 1.9940120 3.2566600
 1.9906437 3.2553334
 1.9891927 3.2571108
 0.9999999E-12    41
 2.2122610 3.2571108
 2.2095809 3.2576172
 2.2062125 3.2584000
 2.2050421 3.2604790
 2.2048709 3.2638474
 2.2059722 3.2672155
 2.2062125 3.2674558
 2.2095809 3.2686267
 2.2103338 3.2705839
 2.2104633 3.2739522
 2.2112222 3.2773204
 2.2129490 3.2800136
 2.2137809 3.2806888
 2.2163174 3.2823217
 2.2169766 3.2840569
 2.2173882 3.2874253
 2.2185426 3.2907934
 2.2196856 3.2919364
 2.2230539 3.2917907
 2.2264221 3.2923529
 2.2286348 3.2907934
 2.2296119 3.2874253
 2.2296050 3.2840569
 2.2297904 3.2828596
 2.2310638 3.2806888
 2.2297904 3.2793021
 2.2291493 3.2773204
 2.2293525 3.2739522
 2.2264221 3.2711217
 2.2230539 3.2711658
 2.2227476 3.2705839
 2.2230539 3.2687478
 2.2243996 3.2672155
 2.2230539 3.2656252
 2.2221665 3.2638474
 2.2204020 3.2604790
 2.2196856 3.2596207
 2.2163174 3.2580485
 2.2136018 3.2571108
 2.2129490 3.2567012
 2.2122610 3.2571108
 0.9999999E-12    31
 1.7411431 3.2604790
 1.7400289 3.2638474
 1.7397656 3.2672155
 1.7404139 3.2705839
 1.7413923 3.2727883
 1.7417322 3.2739522
 1.7447605 3.2762687
 1.7463608 3.2773204
 1.7481288 3.2789588
 1.7500032 3.2773204
 1.7514970 3.2770224
 1.7527642 3.2773204
 1.7548653 3.2791929
 1.7568114 3.2773204
 1.7582335 3.2763836
 1.7616018 3.2762060
 1.7630125 3.2739522
 1.7635425 3.2705839
 1.7631640 3.2672155
 1.7616018 3.2646737
 1.7582335 3.2645326
 1.7570767 3.2638474
 1.7548653 3.2618153
 1.7522258 3.2638474
 1.7514970 3.2639902
 1.7509017 3.2638474
 1.7481288 3.2609289
 1.7472293 3.2604790
 1.7447605 3.2587550
 1.7413923 3.2601757
 1.7411431 3.2604790
 0.9999999E-12    73
 1.5589068 3.2638474
 1.5561378 3.2660894
 1.5551695 3.2672155
 1.5561378 3.2684474
 1.5564326 3.2705839
 1.5561378 3.2716086
 1.5540646 3.2739522
 1.5561378 3.2767944
 1.5562584 3.2773204
 1.5561378 3.2792320
 1.5555176 3.2806888
 1.5561378 3.2817204
 1.5575663 3.2840569
 1.5595061 3.2854366
 1.5616617 3.2874253
 1.5610404 3.2907934
 1.5628743 3.2932577
 1.5630646 3.2941618
 1.5628743 3.2958217
 1.5618268 3.2975299
 1.5628743 3.2986064
 1.5656555 3.3008983
 1.5662426 3.3020871
 1.5666755 3.3042665
 1.5696108 3.3070495
 1.5698160 3.3076348
 1.5696108 3.3097603
 1.5688138 3.3110030
 1.5696108 3.3120582
 1.5715350 3.3143713
 1.5729791 3.3155088
 1.5759852 3.3177395
 1.5763474 3.3186505
 1.5770651 3.3211079
 1.5797156 3.3229451
 1.5830839 3.3230293
 1.5864521 3.3243654
 1.5870795 3.3244760
 1.5898204 3.3258734
 1.5913023 3.3244760
 1.5931886 3.3228579
 1.5944866 3.3211079
 1.5953199 3.3177395
 1.5952266 3.3143713
 1.5944966 3.3110030
 1.5931886 3.3096950
 1.5898204 3.3089831
 1.5879204 3.3076348
 1.5873934 3.3042665
 1.5864521 3.3027811
 1.5830839 3.3020270
 1.5824308 3.3008983
 1.5819241 3.2975299
 1.5800782 3.2941618
 1.5797156 3.2937992
 1.5790232 3.2941618
 1.5763474 3.2943997
 1.5759783 3.2941618
 1.5756803 3.2907934
 1.5756499 3.2874253
 1.5753295 3.2840569
 1.5746300 3.2806888
 1.5729791 3.2790377
 1.5696108 3.2785938
 1.5687256 3.2773204
 1.5689048 3.2739522
 1.5684096 3.2705839
 1.5682828 3.2672155
 1.5662426 3.2639968
 1.5628743 3.2642415
 1.5602273 3.2638474
 1.5595061 3.2633486
 1.5589068 3.2638474
 0.9999999E-12    39
 1.6977245 3.2672155
 1.6981982 3.2705839
 1.6977484 3.2739522
 1.7009730 3.2771413
 1.7043413 3.2769060
 1.7046090 3.2773204
 1.7043413 3.2796655
 1.7036126 3.2806888
 1.7043413 3.2816672
 1.7059848 3.2840569
 1.7077096 3.2854526
 1.7110778 3.2851648
 1.7114378 3.2874253
 1.7128516 3.2907934
 1.7144461 3.2919164
 1.7178144 3.2916825
 1.7211827 3.2924542
 1.7235078 3.2907934
 1.7245510 3.2903111
 1.7279192 3.2888317
 1.7286482 3.2874253
 1.7287467 3.2840569
 1.7279192 3.2820945
 1.7250538 3.2806888
 1.7245510 3.2805560
 1.7220373 3.2773204
 1.7211827 3.2744732
 1.7209022 3.2739522
 1.7178144 3.2725546
 1.7155163 3.2705839
 1.7144461 3.2695389
 1.7133031 3.2705839
 1.7110778 3.2711368
 1.7102757 3.2705839
 1.7095124 3.2672155
 1.7077096 3.2642896
 1.7043413 3.2644017
 1.7009730 3.2638891
 1.6977245 3.2672155
 0.9999999E-12    25
 1.7796904 3.3211079
 1.7792143 3.3244760
 1.7789183 3.3278444
 1.7797245 3.3312125
 1.7809510 3.3345809
 1.7818114 3.3351426
 1.7851796 3.3366740
 1.7864714 3.3379490
 1.7869004 3.3413174
 1.7885479 3.3430057
 1.7919161 3.3432863
 1.7952845 3.3423169
 1.7959121 3.3413174
 1.7967384 3.3379490
 1.7974728 3.3345809
 1.7975547 3.3312125
 1.7971528 3.3278444
 1.7952845 3.3245990
 1.7919161 3.3247519
 1.7914187 3.3244760
 1.7898145 3.3211079
 1.7885479 3.3185604
 1.7851796 3.3178575
 1.7818114 3.3179021
 1.7796904 3.3211079
 0.9999999E-12   369
 1.7209057 3.3278444
 1.7192053 3.3312125
 1.7178187 3.3345809
 1.7185696 3.3379490
 1.7182703 3.3413174
 1.7211827 3.3442764
 1.7245510 3.3441164
 1.7249781 3.3446856
 1.7245510 3.3464730
 1.7231971 3.3480539
 1.7245510 3.3502750
 1.7247542 3.3514223
 1.7245510 3.3547494
 1.7245365 3.3547904
 1.7243683 3.3581588
 1.7245510 3.3583975
 1.7252493 3.3615270
 1.7257663 3.3648953
 1.7279192 3.3663061
 1.7312875 3.3672826
 1.7317446 3.3682635
 1.7312875 3.3698449
 1.7296222 3.3716319
 1.7312875 3.3733745
 1.7317690 3.3750000
 1.7313082 3.3783684
 1.7340511 3.3817365
 1.7346557 3.3822713
 1.7371209 3.3851049
 1.7380240 3.3878734
 1.7380751 3.3884730
 1.7384394 3.3918414
 1.7389203 3.3952096
 1.7413923 3.3968832
 1.7447605 3.3977382
 1.7451504 3.3985779
 1.7447605 3.4005463
 1.7435862 3.4019461
 1.7447605 3.4031315
 1.7460624 3.4053144
 1.7464570 3.4086826
 1.7481288 3.4104147
 1.7514970 3.4114435
 1.7518523 3.4120510
 1.7514970 3.4153314
 1.7514306 3.4154191
 1.7514970 3.4155090
 1.7534326 3.4187875
 1.7548653 3.4199729
 1.7582335 3.4209752
 1.7583228 3.4221556
 1.7588595 3.4255240
 1.7616018 3.4274869
 1.7649701 3.4273098
 1.7679870 3.4288921
 1.7683383 3.4295101
 1.7717066 3.4321036
 1.7721869 3.4322605
 1.7750748 3.4332523
 1.7784431 3.4340107
 1.7794460 3.4356289
 1.7795321 3.4389970
 1.7818114 3.4413147
 1.7851796 3.4415493
 1.7856940 3.4423654
 1.7851796 3.4456813
 1.7851301 3.4457335
 1.7851796 3.4457903
 1.7877465 3.4491019
 1.7885479 3.4498205
 1.7915758 3.4524701
 1.7919161 3.4534705
 1.7921281 3.4558384
 1.7925431 3.4592066
 1.7933688 3.4625750
 1.7952845 3.4638774
 1.7986528 3.4647014
 1.7996737 3.4659431
 1.8000832 3.4693115
 1.8020210 3.4705791
 1.8053893 3.4716256
 1.8064268 3.4726796
 1.8063271 3.4760480
 1.8087575 3.4786057
 1.8121258 3.4787719
 1.8126808 3.4794161
 1.8121258 3.4814692
 1.8104659 3.4827845
 1.8087951 3.4861526
 1.8089333 3.4895210
 1.8116971 3.4928892
 1.8121258 3.4932597
 1.8127598 3.4962575
 1.8124372 3.4996257
 1.8154132 3.5029941
 1.8154941 3.5031829
 1.8163174 3.5063622
 1.8188623 3.5082705
 1.8196857 3.5097306
 1.8198378 3.5130990
 1.8222306 3.5157850
 1.8255988 3.5160453
 1.8259600 3.5164671
 1.8258939 3.5198355
 1.8274978 3.5232036
 1.8289671 3.5243363
 1.8323354 3.5249734
 1.8326664 3.5265720
 1.8325280 3.5299401
 1.8357036 3.5331235
 1.8360097 3.5333085
 1.8372146 3.5366766
 1.8390719 3.5380027
 1.8424401 3.5398953
 1.8427652 3.5400450
 1.8433449 3.5434132
 1.8458084 3.5453289
 1.8468941 3.5467815
 1.8480998 3.5501497
 1.8491766 3.5514672
 1.8525449 3.5529649
 1.8531997 3.5535181
 1.8546226 3.5568862
 1.8559132 3.5588138
 1.8585513 3.5602546
 1.8592814 3.5605793
 1.8626497 3.5633271
 1.8631135 3.5636227
 1.8648028 3.5669911
 1.8660179 3.5678368
 1.8693862 3.5691633
 1.8727545 3.5693336
 1.8748960 3.5703592
 1.8736334 3.5737276
 1.8741359 3.5770957
 1.8744562 3.5804641
 1.8761228 3.5823579
 1.8794911 3.5830116
 1.8805547 3.5838323
 1.8810177 3.5872006
 1.8828593 3.5896902
 1.8862276 3.5905135
 1.8862802 3.5905690
 1.8865719 3.5939372
 1.8862276 3.5964143
 1.8857592 3.5973055
 1.8862276 3.5978096
 1.8872247 3.6006737
 1.8873860 3.6040421
 1.8895959 3.6054871
 1.8929641 3.6065283
 1.8937498 3.6074102
 1.8932048 3.6107786
 1.8963324 3.6141405
 1.8997006 3.6136971
 1.9001455 3.6141467
 1.8997006 3.6159949
 1.8983926 3.6175151
 1.8997006 3.6197300
 1.8999035 3.6208832
 1.9000548 3.6242516
 1.9008245 3.6276197
 1.9030689 3.6292183
 1.9064372 3.6303914
 1.9066653 3.6309881
 1.9064372 3.6327598
 1.9053286 3.6343563
 1.9064372 3.6354649
 1.9098054 3.6369483
 1.9131737 3.6372652
 1.9137244 3.6377246
 1.9131737 3.6405001
 1.9125993 3.6410928
 1.9131737 3.6416762
 1.9157617 3.6444612
 1.9165419 3.6452301
 1.9173400 3.6444612
 1.9199102 3.6439540
 1.9212183 3.6444612
 1.9232785 3.6473007
 1.9239566 3.6478293
 1.9266467 3.6498368
 1.9274582 3.6511977
 1.9275556 3.6545658
 1.9299877 3.6579342
 1.9300150 3.6579552
 1.9300767 3.6579342
 1.9333832 3.6576986
 1.9367282 3.6579342
 1.9367515 3.6579421
 1.9367594 3.6579342
 1.9387555 3.6545658
 1.9390250 3.6511977
 1.9385662 3.6478293
 1.9367515 3.6445034
 1.9367157 3.6444612
 1.9334371 3.6410928
 1.9333832 3.6410711
 1.9309973 3.6377246
 1.9300150 3.6357362
 1.9286581 3.6343563
 1.9266467 3.6333053
 1.9257845 3.6309881
 1.9245790 3.6276197
 1.9232785 3.6254191
 1.9199102 3.6248391
 1.9196641 3.6242516
 1.9191643 3.6208832
 1.9183527 3.6175151
 1.9165419 3.6157043
 1.9131737 3.6155465
 1.9124932 3.6141467
 1.9119743 3.6107786
 1.9099351 3.6074102
 1.9098054 3.6072807
 1.9096757 3.6074102
 1.9064372 3.6082041
 1.9057885 3.6074102
 1.9055784 3.6040421
 1.9053255 3.6006737
 1.9043926 3.5973055
 1.9030689 3.5951452
 1.8997006 3.5946679
 1.8992456 3.5939372
 1.8987952 3.5905690
 1.8976588 3.5872006
 1.8963324 3.5858743
 1.8929641 3.5860729
 1.8912717 3.5838323
 1.8897508 3.5804641
 1.8895959 3.5803092
 1.8862276 3.5795016
 1.8847588 3.5770957
 1.8844754 3.5737276
 1.8839751 3.5703592
 1.8828593 3.5680602
 1.8818748 3.5669911
 1.8794911 3.5657153
 1.8788477 3.5636227
 1.8786621 3.5602546
 1.8775076 3.5568862
 1.8761228 3.5555015
 1.8727545 3.5563233
 1.8719165 3.5535181
 1.8714600 3.5501497
 1.8700475 3.5467815
 1.8700900 3.5434132
 1.8700421 3.5400450
 1.8693862 3.5385242
 1.8678346 3.5366766
 1.8660179 3.5357890
 1.8656178 3.5333085
 1.8654637 3.5299401
 1.8646040 3.5265720
 1.8626497 3.5246177
 1.8592814 3.5259955
 1.8574226 3.5232036
 1.8559132 3.5204463
 1.8525449 3.5200450
 1.8491766 3.5202658
 1.8472732 3.5232036
 1.8460265 3.5265720
 1.8458084 3.5266545
 1.8457060 3.5265720
 1.8451983 3.5232036
 1.8443820 3.5198355
 1.8424401 3.5181394
 1.8390719 3.5182409
 1.8383209 3.5164671
 1.8380833 3.5130990
 1.8372945 3.5097306
 1.8387320 3.5063622
 1.8390719 3.5061772
 1.8421770 3.5029941
 1.8424401 3.5026610
 1.8441317 3.4996257
 1.8446072 3.4962575
 1.8444192 3.4928892
 1.8424401 3.4895740
 1.8390719 3.4897196
 1.8387793 3.4895210
 1.8370794 3.4861526
 1.8357036 3.4834564
 1.8323354 3.4827948
 1.8323208 3.4827845
 1.8289671 3.4796054
 1.8286493 3.4794161
 1.8255988 3.4764414
 1.8254079 3.4760480
 1.8243678 3.4726796
 1.8228989 3.4693115
 1.8222306 3.4682510
 1.8188623 3.4672573
 1.8177450 3.4659431
 1.8165002 3.4625750
 1.8154941 3.4608943
 1.8121258 3.4600055
 1.8114648 3.4592066
 1.8106833 3.4558384
 1.8090603 3.4524701
 1.8087575 3.4521675
 1.8053893 3.4522209
 1.8043624 3.4491019
 1.8035519 3.4457335
 1.8020210 3.4442027
 1.7986528 3.4436510
 1.7978892 3.4423654
 1.7976435 3.4389970
 1.7968526 3.4356289
 1.7952845 3.4332187
 1.7937613 3.4322605
 1.7919161 3.4311988
 1.7906923 3.4288921
 1.7895929 3.4255240
 1.7885479 3.4236529
 1.7851796 3.4227035
 1.7847298 3.4221556
 1.7840884 3.4187875
 1.7831025 3.4154191
 1.7818114 3.4141281
 1.7784431 3.4137397
 1.7772592 3.4120510
 1.7771869 3.4086826
 1.7769347 3.4053144
 1.7756937 3.4019461
 1.7750748 3.4009581
 1.7717066 3.3998554
 1.7683383 3.4003007
 1.7667977 3.4019461
 1.7659566 3.4053144
 1.7649701 3.4064934
 1.7643003 3.4053144
 1.7640742 3.4019461
 1.7616018 3.3986475
 1.7582335 3.3991158
 1.7577512 3.3985779
 1.7574998 3.3952096
 1.7571809 3.3918414
 1.7561744 3.3884730
 1.7548653 3.3859041
 1.7514970 3.3852696
 1.7513741 3.3851049
 1.7505964 3.3817365
 1.7502732 3.3783684
 1.7481288 3.3751922
 1.7479291 3.3750000
 1.7458456 3.3716319
 1.7447605 3.3711078
 1.7440554 3.3682635
 1.7437505 3.3648953
 1.7430509 3.3615270
 1.7413923 3.3587618
 1.7408357 3.3581588
 1.7380240 3.3561301
 1.7374786 3.3547904
 1.7372721 3.3514223
 1.7373048 3.3480539
 1.7370236 3.3446856
 1.7365179 3.3413174
 1.7346557 3.3383231
 1.7312875 3.3387892
 1.7303526 3.3379490
 1.7299364 3.3345809
 1.7291311 3.3312125
 1.7279192 3.3289294
 1.7271178 3.3278444
 1.7245510 3.3261089
 1.7211827 3.3275104
 1.7209057 3.3278444
 0.9999999E-12    13
 2.0699506 3.3278444
 2.0697246 3.3312125
 2.0709579 3.3345809
 2.0714819 3.3351052
 2.0748503 3.3359487
 2.0782187 3.3353658
 2.0794158 3.3345809
 2.0803909 3.3312125
 2.0804689 3.3278444
 2.0782187 3.3249261
 2.0748503 3.3249362
 2.0714819 3.3252206
 2.0699506 3.3278444
 0.9999999E-12    79
 1.9101372 3.3345809
 1.9098054 3.3354087
 1.9090161 3.3379490
 1.9098054 3.3399324
 1.9102852 3.3413174
 1.9131737 3.3432593
 1.9139233 3.3446856
 1.9131737 3.3477333
 1.9128703 3.3480539
 1.9131737 3.3484612
 1.9139684 3.3514223
 1.9144434 3.3547904
 1.9165419 3.3577363
 1.9177387 3.3581588
 1.9199102 3.3591359
 1.9205997 3.3615270
 1.9203942 3.3648953
 1.9227654 3.3682635
 1.9232785 3.3694246
 1.9238551 3.3716319
 1.9266467 3.3737216
 1.9272428 3.3750000
 1.9267577 3.3783684
 1.9296256 3.3817365
 1.9300150 3.3820970
 1.9331222 3.3851049
 1.9333832 3.3855524
 1.9341916 3.3884730
 1.9367515 3.3918128
 1.9367790 3.3918414
 1.9388621 3.3952096
 1.9401197 3.3961422
 1.9411142 3.3985779
 1.9414904 3.4019461
 1.9434880 3.4032495
 1.9468563 3.4043469
 1.9476328 3.4053144
 1.9471022 3.4086826
 1.9502245 3.4119654
 1.9535928 3.4113541
 1.9569612 3.4119492
 1.9590538 3.4086826
 1.9595203 3.4053144
 1.9594879 3.4019461
 1.9592286 3.3985779
 1.9583418 3.3952096
 1.9569612 3.3929169
 1.9535928 3.3924608
 1.9530962 3.3918414
 1.9524095 3.3884730
 1.9510381 3.3851049
 1.9502245 3.3842914
 1.9468563 3.3842323
 1.9462098 3.3817365
 1.9456793 3.3783684
 1.9434880 3.3761771
 1.9401197 3.3758197
 1.9394518 3.3750000
 1.9394097 3.3716319
 1.9393293 3.3682635
 1.9387978 3.3648953
 1.9367515 3.3615870
 1.9333832 3.3619440
 1.9328728 3.3615270
 1.9324830 3.3581588
 1.9323317 3.3547904
 1.9318085 3.3514223
 1.9303035 3.3480539
 1.9300150 3.3477654
 1.9266467 3.3471322
 1.9257216 3.3446856
 1.9254445 3.3413174
 1.9248776 3.3379490
 1.9232785 3.3351068
 1.9225941 3.3345809
 1.9199102 3.3331866
 1.9165419 3.3323574
 1.9131737 3.3328867
 1.9101372 3.3345809
 0.9999999E-12   119
 2.0361049 3.3345809
 2.0354331 3.3379490
 2.0354099 3.3413174
 2.0354409 3.3446856
 2.0357721 3.3480539
 2.0364933 3.3514223
 2.0377994 3.3538992
 2.0385325 3.3547904
 2.0411677 3.3565483
 2.0418262 3.3581588
 2.0420511 3.3615270
 2.0422843 3.3648953
 2.0431399 3.3682635
 2.0444565 3.3716319
 2.0445359 3.3717585
 2.0479043 3.3729560
 2.0483637 3.3750000
 2.0485129 3.3783684
 2.0489197 3.3817365
 2.0503654 3.3851049
 2.0512724 3.3866248
 2.0546408 3.3876319
 2.0549862 3.3884730
 2.0551188 3.3918414
 2.0550838 3.3952096
 2.0551264 3.3985779
 2.0552492 3.4019461
 2.0557902 3.4053144
 2.0563896 3.4086826
 2.0580089 3.4112332
 2.0613773 3.4111195
 2.0620079 3.4120510
 2.0625570 3.4154191
 2.0644491 3.4187875
 2.0647454 3.4190838
 2.0652163 3.4187875
 2.0681138 3.4184361
 2.0685658 3.4187875
 2.0693340 3.4221556
 2.0709133 3.4255240
 2.0714819 3.4260926
 2.0743320 3.4255240
 2.0748503 3.4255018
 2.0748875 3.4255240
 2.0759058 3.4288921
 2.0764236 3.4322605
 2.0782187 3.4350951
 2.0787899 3.4356289
 2.0815868 3.4384425
 2.0819097 3.4389970
 2.0835872 3.4423654
 2.0849552 3.4444373
 2.0874655 3.4457335
 2.0883234 3.4461801
 2.0916917 3.4480994
 2.0917709 3.4491019
 2.0930688 3.4524701
 2.0950599 3.4537327
 2.0972865 3.4524701
 2.0980971 3.4491019
 2.0950599 3.4463434
 2.0923808 3.4457335
 2.0930564 3.4423654
 2.0948391 3.4389970
 2.0942295 3.4356289
 2.0945303 3.4322605
 2.0916917 3.4289367
 2.0883234 3.4291461
 2.0879922 3.4288921
 2.0878313 3.4255240
 2.0871713 3.4221556
 2.0849552 3.4191630
 2.0846338 3.4187875
 2.0831609 3.4154191
 2.0815868 3.4142351
 2.0803976 3.4120510
 2.0800145 3.4086826
 2.0782187 3.4068449
 2.0748503 3.4061697
 2.0742075 3.4053144
 2.0746548 3.4019461
 2.0730586 3.3985779
 2.0714819 3.3960409
 2.0711596 3.3952096
 2.0690205 3.3918414
 2.0681138 3.3889973
 2.0680878 3.3884730
 2.0681138 3.3882442
 2.0694640 3.3851049
 2.0681138 3.3835857
 2.0675776 3.3817365
 2.0680249 3.3783684
 2.0647454 3.3762240
 2.0613773 3.3755977
 2.0609677 3.3750000
 2.0613773 3.3732388
 2.0629694 3.3716319
 2.0613773 3.3699520
 2.0605631 3.3682635
 2.0597525 3.3648953
 2.0580089 3.3628166
 2.0546408 3.3619144
 2.0543206 3.3615270
 2.0543427 3.3581588
 2.0541933 3.3547904
 2.0530217 3.3514223
 2.0512724 3.3482807
 2.0510213 3.3480539
 2.0479043 3.3464630
 2.0470538 3.3446856
 2.0479043 3.3419585
 2.0485179 3.3413174
 2.0479043 3.3406944
 2.0470405 3.3379490
 2.0470917 3.3345809
 2.0445359 3.3317363
 2.0411677 3.3319345
 2.0377994 3.3318834
 2.0361049 3.3345809
 0.9999999E-12     5
 1.7382698 3.3817365
 1.7380240 3.3835652
 1.7356747 3.3817365
 1.7380240 3.3815124
 1.7382698 3.3817365
 0.9999999E-12     5
 1.9337256 3.3817365
 1.9333832 3.3847096
 1.9305515 3.3817365
 1.9333832 3.3814049
 1.9337256 3.3817365
 0.9999999E-12    61
 1.9100319 3.3952096
 1.9098054 3.3967049
 1.9094882 3.3985779
 1.9098054 3.3992143
 1.9111427 3.4019461
 1.9131737 3.4032786
 1.9140774 3.4053144
 1.9133408 3.4086826
 1.9149234 3.4120510
 1.9165419 3.4149375
 1.9167985 3.4154191
 1.9199102 3.4179986
 1.9203875 3.4187875
 1.9206921 3.4221556
 1.9226465 3.4255240
 1.9232785 3.4259889
 1.9266467 3.4270315
 1.9272119 3.4288921
 1.9269086 3.4322605
 1.9298341 3.4356289
 1.9300150 3.4360487
 1.9308463 3.4389970
 1.9333832 3.4408405
 1.9342078 3.4423654
 1.9341791 3.4457335
 1.9367515 3.4485867
 1.9401197 3.4484246
 1.9433433 3.4491019
 1.9434880 3.4492228
 1.9436151 3.4491019
 1.9468563 3.4466643
 1.9487294 3.4457335
 1.9502245 3.4425220
 1.9502716 3.4423654
 1.9502245 3.4422340
 1.9478610 3.4389970
 1.9468563 3.4385552
 1.9460120 3.4356289
 1.9454000 3.4322605
 1.9434880 3.4291952
 1.9401197 3.4294102
 1.9396280 3.4288921
 1.9392563 3.4255240
 1.9387107 3.4221556
 1.9367515 3.4188597
 1.9366777 3.4187875
 1.9333832 3.4161906
 1.9330212 3.4154191
 1.9323007 3.4120510
 1.9315749 3.4086826
 1.9300150 3.4062207
 1.9266467 3.4064271
 1.9258270 3.4053144
 1.9254459 3.4019461
 1.9248148 3.3985779
 1.9232785 3.3956769
 1.9228477 3.3952096
 1.9199102 3.3934028
 1.9165419 3.3927667
 1.9131737 3.3931732
 1.9100319 3.3952096
 0.9999999E-12     7
 1.7719759 3.4187875
 1.7717233 3.4221556
 1.7717066 3.4221945
 1.7716910 3.4221556
 1.7715070 3.4187875
 1.7717066 3.4185340
 1.7719759 3.4187875
 0.9999999E-12   295
 1.8831646 3.4187875
 1.8828593 3.4190600
 1.8805354 3.4221556
 1.8799403 3.4255240
 1.8802470 3.4288921
 1.8807342 3.4322605
 1.8828593 3.4336684
 1.8862276 3.4344997
 1.8869878 3.4356289
 1.8862276 3.4386389
 1.8858900 3.4389970
 1.8862276 3.4393373
 1.8874668 3.4423654
 1.8862276 3.4434474
 1.8828593 3.4440329
 1.8802643 3.4457335
 1.8802541 3.4491019
 1.8794918 3.4524701
 1.8799298 3.4558384
 1.8805083 3.4592066
 1.8821070 3.4625750
 1.8828593 3.4630914
 1.8862276 3.4643815
 1.8868217 3.4659431
 1.8862276 3.4680796
 1.8851656 3.4693115
 1.8862276 3.4703777
 1.8870744 3.4726796
 1.8866723 3.4760480
 1.8895959 3.4791305
 1.8929641 3.4788344
 1.8935838 3.4794161
 1.8929641 3.4824135
 1.8926399 3.4827845
 1.8929641 3.4832618
 1.8936273 3.4861526
 1.8940319 3.4895210
 1.8963324 3.4928749
 1.8963653 3.4928892
 1.8997006 3.4944849
 1.9002010 3.4962575
 1.8997006 3.4993901
 1.8995413 3.4996257
 1.8997006 3.4997883
 1.9015646 3.5029941
 1.9028664 3.5063622
 1.9030689 3.5065715
 1.9064372 3.5086389
 1.9071485 3.5097306
 1.9070089 3.5130990
 1.9098054 3.5162311
 1.9131737 3.5161004
 1.9135187 3.5164671
 1.9132475 3.5198355
 1.9141070 3.5232036
 1.9165419 3.5261049
 1.9170357 3.5265720
 1.9188451 3.5299401
 1.9199102 3.5307472
 1.9219950 3.5333085
 1.9232785 3.5360291
 1.9238570 3.5366766
 1.9266467 3.5380301
 1.9300150 3.5384591
 1.9333832 3.5381973
 1.9367515 3.5373683
 1.9374433 3.5366766
 1.9386429 3.5333085
 1.9384303 3.5299401
 1.9367515 3.5273483
 1.9333832 3.5271442
 1.9329832 3.5265720
 1.9326006 3.5232036
 1.9316502 3.5198355
 1.9300150 3.5182002
 1.9266467 3.5182874
 1.9259642 3.5164671
 1.9255702 3.5130990
 1.9232785 3.5099792
 1.9228162 3.5097306
 1.9199102 3.5065937
 1.9198390 3.5063622
 1.9191285 3.5029941
 1.9185754 3.4996257
 1.9165419 3.4963756
 1.9131737 3.4967353
 1.9127233 3.4962575
 1.9123881 3.4928892
 1.9120609 3.4895210
 1.9111696 3.4861526
 1.9098054 3.4836466
 1.9064372 3.4828470
 1.9063878 3.4827845
 1.9055173 3.4794161
 1.9052993 3.4760480
 1.9043809 3.4726796
 1.9030689 3.4705651
 1.9008597 3.4693115
 1.8997006 3.4687345
 1.8989862 3.4659431
 1.8991610 3.4625750
 1.8984573 3.4592066
 1.8997006 3.4562511
 1.9002143 3.4592066
 1.9008535 3.4625750
 1.9030689 3.4643173
 1.9064372 3.4647565
 1.9070801 3.4659431
 1.9065007 3.4693115
 1.9098054 3.4724951
 1.9101198 3.4726796
 1.9105358 3.4760480
 1.9131737 3.4782131
 1.9138995 3.4794161
 1.9141594 3.4827845
 1.9165419 3.4856441
 1.9199102 3.4861434
 1.9199173 3.4861526
 1.9201016 3.4895210
 1.9208524 3.4928892
 1.9232785 3.4946566
 1.9266467 3.4955328
 1.9269798 3.4962575
 1.9266467 3.4993062
 1.9264523 3.4996257
 1.9266467 3.4998202
 1.9300150 3.5019152
 1.9333832 3.5024340
 1.9338242 3.5029941
 1.9333832 3.5050445
 1.9321347 3.5063622
 1.9333832 3.5076206
 1.9347017 3.5097306
 1.9367515 3.5126436
 1.9371742 3.5130990
 1.9401197 3.5154185
 1.9409277 3.5164671
 1.9412844 3.5198355
 1.9422582 3.5232036
 1.9434880 3.5254092
 1.9439825 3.5265720
 1.9454832 3.5299401
 1.9468563 3.5310802
 1.9476972 3.5333085
 1.9469583 3.5366766
 1.9488934 3.5400450
 1.9499308 3.5434132
 1.9502245 3.5437264
 1.9535928 3.5457482
 1.9543511 3.5467815
 1.9543523 3.5501497
 1.9569612 3.5533314
 1.9603294 3.5533125
 1.9605860 3.5535181
 1.9608212 3.5568862
 1.9613838 3.5602546
 1.9636977 3.5629230
 1.9644632 3.5636227
 1.9658235 3.5669911
 1.9670659 3.5679190
 1.9685701 3.5703592
 1.9691960 3.5737276
 1.9704342 3.5750120
 1.9738024 3.5755374
 1.9745669 3.5770957
 1.9751148 3.5804641
 1.9771707 3.5836976
 1.9805390 3.5834575
 1.9809808 3.5838323
 1.9808403 3.5872006
 1.9818200 3.5905690
 1.9839072 3.5930037
 1.9854091 3.5939372
 1.9872755 3.5953038
 1.9880503 3.5973055
 1.9890188 3.6006737
 1.9904091 3.6040421
 1.9906437 3.6042764
 1.9940120 3.6052821
 1.9952950 3.6074102
 1.9959710 3.6107786
 1.9973803 3.6129737
 2.0007486 3.6131160
 2.0041168 3.6129849
 2.0061717 3.6107786
 2.0062134 3.6074102
 2.0073152 3.6040421
 2.0062432 3.6006737
 2.0056698 3.5973055
 2.0041168 3.5953457
 2.0007486 3.5947440
 2.0001471 3.5939372
 1.9999537 3.5905690
 1.9985449 3.5872006
 1.9973803 3.5863819
 1.9940120 3.5853899
 1.9932972 3.5838323
 1.9933313 3.5804641
 1.9906437 3.5787039
 1.9872755 3.5780432
 1.9864286 3.5770957
 1.9872755 3.5738122
 1.9873587 3.5737276
 1.9872755 3.5736420
 1.9858068 3.5703592
 1.9863720 3.5669911
 1.9872755 3.5664883
 1.9901955 3.5636227
 1.9906437 3.5613861
 1.9909627 3.5602546
 1.9909595 3.5568862
 1.9906437 3.5557880
 1.9902632 3.5535181
 1.9883046 3.5501497
 1.9872755 3.5494449
 1.9839072 3.5479705
 1.9805390 3.5475891
 1.9800034 3.5467815
 1.9805390 3.5442264
 1.9812827 3.5434132
 1.9805390 3.5426681
 1.9789438 3.5400450
 1.9771707 3.5374868
 1.9764843 3.5366766
 1.9738024 3.5345967
 1.9725024 3.5333085
 1.9704342 3.5304258
 1.9695623 3.5299401
 1.9670659 3.5284731
 1.9663683 3.5265720
 1.9658031 3.5232036
 1.9642493 3.5198355
 1.9636977 3.5192840
 1.9603294 3.5194271
 1.9591929 3.5164671
 1.9581856 3.5130990
 1.9569612 3.5118744
 1.9535928 3.5112987
 1.9528478 3.5097306
 1.9526340 3.5063622
 1.9521905 3.5029941
 1.9505264 3.4996257
 1.9502245 3.4991450
 1.9468563 3.4976513
 1.9462688 3.4962575
 1.9455299 3.4928892
 1.9436954 3.4895210
 1.9434880 3.4893138
 1.9426616 3.4895210
 1.9401197 3.4896584
 1.9400246 3.4895210
 1.9394305 3.4861526
 1.9387136 3.4827845
 1.9367515 3.4808223
 1.9333832 3.4805970
 1.9328541 3.4794161
 1.9324824 3.4760480
 1.9309186 3.4726796
 1.9300150 3.4717762
 1.9291058 3.4726796
 1.9266467 3.4732459
 1.9261785 3.4726796
 1.9257157 3.4693115
 1.9240907 3.4659431
 1.9232785 3.4651308
 1.9222856 3.4659431
 1.9199102 3.4663250
 1.9194267 3.4659431
 1.9189078 3.4625750
 1.9173902 3.4592066
 1.9165419 3.4583583
 1.9146516 3.4592066
 1.9131737 3.4593399
 1.9129734 3.4592066
 1.9123979 3.4558384
 1.9121031 3.4524701
 1.9111228 3.4491019
 1.9098054 3.4461780
 1.9089315 3.4457335
 1.9064372 3.4449997
 1.9051508 3.4423654
 1.9044358 3.4389970
 1.9030689 3.4368484
 1.8997006 3.4367151
 1.8989607 3.4356289
 1.8985907 3.4322605
 1.8978314 3.4288921
 1.8963324 3.4263506
 1.8954548 3.4255240
 1.8929641 3.4238467
 1.8917674 3.4221556
 1.8895959 3.4192152
 1.8890481 3.4187875
 1.8862276 3.4165268
 1.8831646 3.4187875
 0.9999999E-12    29
 1.9707378 3.4255240
 1.9704942 3.4288921
 1.9738024 3.4314439
 1.9741114 3.4322605
 1.9743505 3.4356289
 1.9747348 3.4389970
 1.9763570 3.4423654
 1.9771707 3.4431789
 1.9779905 3.4423654
 1.9805390 3.4417827
 1.9830768 3.4423654
 1.9839072 3.4431894
 1.9847344 3.4423654
 1.9872755 3.4396627
 1.9879385 3.4389970
 1.9872755 3.4382842
 1.9867778 3.4356289
 1.9872755 3.4328434
 1.9878157 3.4322605
 1.9872755 3.4315681
 1.9856442 3.4288921
 1.9839072 3.4274096
 1.9814283 3.4288921
 1.9805390 3.4289961
 1.9800751 3.4288921
 1.9771707 3.4256890
 1.9768966 3.4255240
 1.9738024 3.4235237
 1.9707378 3.4255240
 0.9999999E-12     5
 1.7922841 3.4491019
 1.7919161 3.4518793
 1.7896905 3.4491019
 1.7919161 3.4488382
 1.7922841 3.4491019
 0.9999999E-12     7
 1.8936561 3.4491019
 1.8932874 3.4524701
 1.8929641 3.4529264
 1.8928024 3.4524701
 1.8922815 3.4491019
 1.8929641 3.4483202
 1.8936561 3.4491019
 0.9999999E-12   135
 1.8332418 3.4625750
 1.8333160 3.4659431
 1.8329690 3.4693115
 1.8356352 3.4726796
 1.8357036 3.4728594
 1.8365846 3.4760480
 1.8390719 3.4778292
 1.8406312 3.4794161
 1.8424401 3.4821472
 1.8429852 3.4827845
 1.8458084 3.4850254
 1.8469751 3.4861526
 1.8491766 3.4891119
 1.8495593 3.4895210
 1.8525449 3.4923987
 1.8529971 3.4928892
 1.8559132 3.4960063
 1.8561989 3.4962575
 1.8578178 3.4996257
 1.8592814 3.5006669
 1.8611083 3.5029941
 1.8623590 3.5063622
 1.8626497 3.5066612
 1.8660179 3.5084276
 1.8676562 3.5097306
 1.8693862 3.5122297
 1.8702393 3.5130990
 1.8727545 3.5149972
 1.8742666 3.5164671
 1.8761228 3.5191534
 1.8766390 3.5198355
 1.8794911 3.5224147
 1.8804791 3.5232036
 1.8828593 3.5249252
 1.8862276 3.5250235
 1.8867469 3.5265720
 1.8872532 3.5299401
 1.8895959 3.5315387
 1.8929641 3.5322413
 1.8936043 3.5333085
 1.8929641 3.5366676
 1.8929563 3.5366766
 1.8929641 3.5366845
 1.8963324 3.5399022
 1.8965782 3.5400450
 1.8977786 3.5434132
 1.8997006 3.5446563
 1.9030689 3.5463629
 1.9064372 3.5458519
 1.9077915 3.5467815
 1.9066982 3.5501497
 1.9070748 3.5535181
 1.9071517 3.5568862
 1.9087019 3.5602546
 1.9098054 3.5610490
 1.9131737 3.5619156
 1.9140285 3.5636227
 1.9144781 3.5669911
 1.9165419 3.5683513
 1.9199102 3.5690620
 1.9218271 3.5703592
 1.9230900 3.5737276
 1.9232785 3.5739233
 1.9266467 3.5750985
 1.9300150 3.5738554
 1.9300966 3.5737276
 1.9314015 3.5703592
 1.9313772 3.5669911
 1.9307485 3.5636227
 1.9300150 3.5619309
 1.9289759 3.5602546
 1.9266467 3.5587718
 1.9256933 3.5568862
 1.9245204 3.5535181
 1.9232785 3.5510988
 1.9199102 3.5502784
 1.9197733 3.5501497
 1.9178858 3.5467815
 1.9165419 3.5435755
 1.9163302 3.5434132
 1.9131737 3.5422871
 1.9120265 3.5400450
 1.9112611 3.5366766
 1.9098054 3.5343931
 1.9064372 3.5342495
 1.9058181 3.5333085
 1.9055490 3.5299401
 1.9048564 3.5265720
 1.9030689 3.5237672
 1.9023429 3.5232036
 1.8997006 3.5213399
 1.8990043 3.5198355
 1.8977046 3.5164671
 1.8963324 3.5134895
 1.8954474 3.5130990
 1.8929641 3.5124187
 1.8922127 3.5097306
 1.8917890 3.5063622
 1.8897299 3.5029941
 1.8895959 3.5028601
 1.8894538 3.5029941
 1.8862276 3.5036321
 1.8856372 3.5029941
 1.8853047 3.4996257
 1.8850141 3.4962575
 1.8840965 3.4928892
 1.8828593 3.4907382
 1.8794911 3.4900501
 1.8790891 3.4895210
 1.8786076 3.4861526
 1.8781469 3.4827845
 1.8761228 3.4795427
 1.8759869 3.4794161
 1.8727545 3.4762959
 1.8726417 3.4760480
 1.8718506 3.4726796
 1.8711073 3.4693115
 1.8693862 3.4665866
 1.8660179 3.4666996
 1.8626497 3.4664621
 1.8600434 3.4693115
 1.8601266 3.4726796
 1.8592814 3.4753528
 1.8559132 3.4733548
 1.8525449 3.4737244
 1.8517812 3.4726796
 1.8511616 3.4693115
 1.8491766 3.4661648
 1.8458084 3.4665582
 1.8449963 3.4659431
 1.8442090 3.4625750
 1.8424401 3.4596186
 1.8390719 3.4596360
 1.8357036 3.4594643
 1.8332418 3.4625750
 0.9999999E-12     5
 1.8600851 3.4794161
 1.8592814 3.4807172
 1.8583469 3.4794161
 1.8592814 3.4767888
 1.8600851 3.4794161
 0.9999999E-12     5
 1.8662622 3.4861526
 1.8660179 3.4873061
 1.8656989 3.4861526
 1.8660179 3.4859345
 1.8662622 3.4861526
 0.9999999E-12     5
 1.8259459 3.4962575
 1.8255988 3.4965272
 1.8252302 3.4962575
 1.8255988 3.4951828
 1.8259459 3.4962575
 0.9999999E-12     5
 1.8346796 3.5029941
 1.8323354 3.5045636
 1.8315988 3.5029941
 1.8323354 3.5018740
 1.8346796 3.5029941
 0.9999999E-12   125
 1.6589817 3.5232036
 1.6580083 3.5265720
 1.6571857 3.5294142
 1.6568149 3.5299401
 1.6571857 3.5303504
 1.6577550 3.5333085
 1.6571857 3.5355937
 1.6561856 3.5366766
 1.6571857 3.5376897
 1.6580665 3.5400450
 1.6583592 3.5434132
 1.6605539 3.5457959
 1.6639222 3.5462885
 1.6642630 3.5467815
 1.6639222 3.5501115
 1.6605539 3.5488939
 1.6571857 3.5494113
 1.6538174 3.5493419
 1.6526436 3.5501497
 1.6512747 3.5535181
 1.6508815 3.5568862
 1.6505045 3.5602546
 1.6513752 3.5636227
 1.6517427 3.5669911
 1.6538174 3.5683458
 1.6571857 3.5695510
 1.6576695 3.5703592
 1.6571857 3.5729065
 1.6563781 3.5737276
 1.6571857 3.5745685
 1.6594918 3.5770957
 1.6605539 3.5781198
 1.6627355 3.5804641
 1.6639222 3.5820708
 1.6645039 3.5838323
 1.6654346 3.5872006
 1.6672904 3.5898371
 1.6683298 3.5905690
 1.6706587 3.5920212
 1.6712844 3.5939372
 1.6715558 3.5973055
 1.6740270 3.5989423
 1.6773952 3.5998263
 1.6779802 3.6006737
 1.6773952 3.6039128
 1.6772757 3.6040421
 1.6773952 3.6041620
 1.6804777 3.6074102
 1.6807635 3.6076949
 1.6810535 3.6074102
 1.6841317 3.6068716
 1.6846707 3.6074102
 1.6843590 3.6107786
 1.6873317 3.6141467
 1.6875000 3.6143014
 1.6877592 3.6141467
 1.6908683 3.6138523
 1.6912016 3.6141467
 1.6912342 3.6175151
 1.6932100 3.6208832
 1.6942365 3.6216974
 1.6973732 3.6208832
 1.6976048 3.6208718
 1.6976539 3.6208832
 1.7009730 3.6229532
 1.7038046 3.6208832
 1.7043413 3.6207237
 1.7061046 3.6208832
 1.7077096 3.6216097
 1.7084363 3.6208832
 1.7100240 3.6175151
 1.7101898 3.6141467
 1.7094836 3.6107786
 1.7077096 3.6090043
 1.7043413 3.6085157
 1.7034799 3.6074102
 1.7030332 3.6040421
 1.7009730 3.6008031
 1.6976048 3.6013513
 1.6969389 3.6006737
 1.6976048 3.5985579
 1.7009730 3.6005528
 1.7043413 3.5991533
 1.7077096 3.5988493
 1.7092534 3.5973055
 1.7101610 3.5939372
 1.7100887 3.5905690
 1.7088276 3.5872006
 1.7077096 3.5860827
 1.7043413 3.5865583
 1.7036875 3.5838323
 1.7030743 3.5804641
 1.7009730 3.5783629
 1.6976048 3.5780971
 1.6969672 3.5770957
 1.6965801 3.5737276
 1.6948334 3.5703592
 1.6942365 3.5697622
 1.6936278 3.5703592
 1.6908683 3.5709617
 1.6903704 3.5703592
 1.6901538 3.5669911
 1.6897126 3.5636227
 1.6882160 3.5602546
 1.6875000 3.5590384
 1.6841317 3.5577621
 1.6835954 3.5568862
 1.6829087 3.5535181
 1.6816058 3.5501497
 1.6807635 3.5493073
 1.6773952 3.5491683
 1.6767122 3.5467815
 1.6765728 3.5434132
 1.6758709 3.5400450
 1.6751721 3.5366766
 1.6740270 3.5348606
 1.6706587 3.5344470
 1.6699855 3.5333085
 1.6697468 3.5299401
 1.6693392 3.5265720
 1.6681080 3.5232036
 1.6672904 3.5217066
 1.6639222 3.5204184
 1.6605539 3.5209835
 1.6589817 3.5232036
 0.9999999E-12     5
 1.8527589 3.5333085
 1.8525449 3.5335999
 1.8521260 3.5333085
 1.8525449 3.5322957
 1.8527589 3.5333085
 0.9999999E-12     7
 1.6648755 3.5535181
 1.6649516 3.5568862
 1.6639222 3.5571251
 1.6636201 3.5568862
 1.6629947 3.5535181
 1.6639222 3.5501921
 1.6648755 3.5535181
 0.9999999E-12     5
 1.9738153 3.5535181
 1.9738024 3.5537474
 1.9737858 3.5535181
 1.9738024 3.5535095
 1.9738153 3.5535181
 0.9999999E-12     9
 1.6713129 3.5636227
 1.6711810 3.5669911
 1.6733004 3.5703592
 1.6706587 3.5709407
 1.6701815 3.5703592
 1.6705002 3.5669911
 1.6699708 3.5636227
 1.6706587 3.5614843
 1.6713129 3.5636227
 0.9999999E-12     5
 1.9831815 3.5636227
 1.9805390 3.5649385
 1.9797750 3.5636227
 1.9805390 3.5620103
 1.9831815 3.5636227
 0.9999999E-12     5
 1.6779072 3.5703592
 1.6773952 3.5730557
 1.6747526 3.5703592
 1.6773952 3.5696192
 1.6779072 3.5703592
 0.9999999E-12     5
 1.6642632 3.5770957
 1.6639222 3.5791004
 1.6617435 3.5770957
 1.6639222 3.5767539
 1.6642632 3.5770957
 0.9999999E-12     5
 1.6798656 3.5770957
 1.6773952 3.5785155
 1.6768122 3.5770957
 1.6773952 3.5744121
 1.6798656 3.5770957
 0.9999999E-12     5
 1.6845094 3.5770957
 1.6841317 3.5795834
 1.6817541 3.5770957
 1.6841317 3.5767164
 1.6845094 3.5770957
 0.9999999E-12     5
 1.6852086 3.5838323
 1.6841317 3.5871644
 1.6834030 3.5838323
 1.6841317 3.5814528
 1.6852086 3.5838323
 0.9999999E-12     5
 1.6917645 3.5939372
 1.6908683 3.5943410
 1.6904624 3.5939372
 1.6908683 3.5906079
 1.6917645 3.5939372
 0.9999999E-12    95
 1.7948301 3.6107786
 1.7935501 3.6141467
 1.7936454 3.6175151
 1.7952845 3.6195769
 1.7986528 3.6205499
 1.7989434 3.6208832
 1.7991704 3.6242516
 1.7996368 3.6276197
 1.8020210 3.6301126
 1.8032656 3.6309881
 1.8050267 3.6343563
 1.8053893 3.6346114
 1.8087575 3.6362140
 1.8121258 3.6367486
 1.8128576 3.6377246
 1.8122855 3.6410928
 1.8154941 3.6444414
 1.8188623 3.6438880
 1.8194367 3.6444612
 1.8190327 3.6478293
 1.8215706 3.6511977
 1.8222306 3.6517770
 1.8233043 3.6511977
 1.8255988 3.6509695
 1.8259493 3.6511977
 1.8261590 3.6545658
 1.8279133 3.6579342
 1.8289671 3.6587281
 1.8323354 3.6590550
 1.8333279 3.6613023
 1.8344058 3.6646707
 1.8357036 3.6655412
 1.8390719 3.6665242
 1.8409778 3.6680388
 1.8424401 3.6713378
 1.8424815 3.6714072
 1.8458084 3.6732850
 1.8486559 3.6747756
 1.8491766 3.6752961
 1.8496976 3.6747756
 1.8525449 3.6738427
 1.8542624 3.6747756
 1.8559132 3.6774735
 1.8571664 3.6781437
 1.8592814 3.6791372
 1.8613992 3.6781437
 1.8626497 3.6760345
 1.8630683 3.6747756
 1.8626497 3.6735721
 1.8612069 3.6714072
 1.8592814 3.6705327
 1.8584949 3.6680388
 1.8581989 3.6646707
 1.8564380 3.6613023
 1.8559132 3.6607773
 1.8549893 3.6613023
 1.8525449 3.6615784
 1.8520571 3.6613023
 1.8509161 3.6579342
 1.8491766 3.6548541
 1.8458084 3.6547570
 1.8454792 3.6545658
 1.8429197 3.6511977
 1.8424401 3.6502132
 1.8390719 3.6482122
 1.8385977 3.6478293
 1.8357036 3.6458533
 1.8323354 3.6457872
 1.8315670 3.6444612
 1.8310724 3.6410928
 1.8289671 3.6378014
 1.8255988 3.6384737
 1.8249797 3.6377246
 1.8245372 3.6343563
 1.8227116 3.6309881
 1.8222306 3.6305070
 1.8215883 3.6309881
 1.8188623 3.6313870
 1.8183292 3.6309881
 1.8177844 3.6276197
 1.8161989 3.6242516
 1.8154941 3.6235468
 1.8135090 3.6242516
 1.8121258 3.6243534
 1.8119726 3.6242516
 1.8112125 3.6208832
 1.8105633 3.6175151
 1.8087575 3.6149781
 1.8073974 3.6141467
 1.8053893 3.6123221
 1.8036290 3.6107786
 1.8020210 3.6097622
 1.7986528 3.6093686
 1.7952845 3.6104817
 1.7948301 3.6107786
 0.9999999E-12   141
 1.8760220 3.6242516
 1.8736348 3.6276197
 1.8735814 3.6309881
 1.8729126 3.6343563
 1.8744165 3.6377246
 1.8752087 3.6410928
 1.8761228 3.6420434
 1.8794911 3.6435153
 1.8800433 3.6444612
 1.8795241 3.6478293
 1.8819287 3.6511977
 1.8828593 3.6520212
 1.8844029 3.6511977
 1.8862276 3.6510212
 1.8864646 3.6511977
 1.8863636 3.6545658
 1.8870159 3.6579342
 1.8889189 3.6613023
 1.8862276 3.6630733
 1.8837087 3.6646707
 1.8828593 3.6659060
 1.8818368 3.6680388
 1.8806142 3.6714072
 1.8810399 3.6747756
 1.8817033 3.6781437
 1.8828593 3.6793978
 1.8862276 3.6801655
 1.8869064 3.6815121
 1.8873299 3.6848803
 1.8890923 3.6882486
 1.8895959 3.6887517
 1.8929641 3.6891136
 1.8932241 3.6916168
 1.8936840 3.6949852
 1.8963324 3.6968498
 1.8997006 3.6966975
 1.9004182 3.6983533
 1.9008271 3.7017217
 1.9030689 3.7049599
 1.9032730 3.7050898
 1.9064372 3.7083676
 1.9064763 3.7084582
 1.9080284 3.7118263
 1.9098054 3.7144077
 1.9104345 3.7151947
 1.9131737 3.7174954
 1.9139965 3.7185628
 1.9152197 3.7219312
 1.9165419 3.7237818
 1.9199102 3.7246206
 1.9205734 3.7252994
 1.9219981 3.7286677
 1.9232785 3.7311437
 1.9266467 3.7319098
 1.9267797 3.7320359
 1.9286059 3.7354043
 1.9300150 3.7386978
 1.9301199 3.7387724
 1.9333832 3.7399082
 1.9349556 3.7421408
 1.9367515 3.7446275
 1.9393899 3.7455089
 1.9401197 3.7458584
 1.9408580 3.7455089
 1.9434880 3.7443869
 1.9449841 3.7421408
 1.9468563 3.7388737
 1.9469572 3.7387724
 1.9468563 3.7386615
 1.9461704 3.7354043
 1.9466045 3.7320359
 1.9443914 3.7286677
 1.9434880 3.7279136
 1.9410182 3.7286677
 1.9401197 3.7287188
 1.9400345 3.7286677
 1.9393976 3.7252994
 1.9378821 3.7219312
 1.9367515 3.7206216
 1.9333832 3.7202420
 1.9325172 3.7185628
 1.9321010 3.7151947
 1.9300941 3.7118263
 1.9333832 3.7111499
 1.9344496 3.7118263
 1.9351946 3.7151947
 1.9367515 3.7166131
 1.9401197 3.7174408
 1.9434880 3.7166259
 1.9447193 3.7151947
 1.9452355 3.7118263
 1.9455439 3.7084582
 1.9443336 3.7050898
 1.9434880 3.7034020
 1.9417219 3.7017217
 1.9401197 3.7009063
 1.9387308 3.6983533
 1.9367515 3.6954858
 1.9363315 3.6949852
 1.9333832 3.6920860
 1.9329851 3.6916168
 1.9300150 3.6884887
 1.9295660 3.6882486
 1.9266467 3.6861157
 1.9259257 3.6848803
 1.9232785 3.6816700
 1.9230081 3.6815121
 1.9199102 3.6787436
 1.9196641 3.6781437
 1.9181087 3.6747756
 1.9171698 3.6714072
 1.9165419 3.6704283
 1.9131737 3.6695023
 1.9123380 3.6680388
 1.9116485 3.6646707
 1.9098054 3.6616919
 1.9064372 3.6618011
 1.9060048 3.6613023
 1.9054444 3.6579342
 1.9041618 3.6545658
 1.9030689 3.6534731
 1.8997006 3.6537983
 1.8989726 3.6511977
 1.8982948 3.6478293
 1.8963324 3.6458669
 1.8929641 3.6455417
 1.8923292 3.6444612
 1.8921589 3.6410928
 1.8918517 3.6377246
 1.8906054 3.6343563
 1.8895959 3.6327586
 1.8862276 3.6320646
 1.8854574 3.6309881
 1.8848656 3.6276197
 1.8829019 3.6242516
 1.8828593 3.6242087
 1.8827302 3.6242516
 1.8794911 3.6244757
 1.8763504 3.6242516
 1.8761228 3.6241751
 1.8760220 3.6242516
 0.9999999E-12   101
 1.9788735 3.6579342
 1.9777848 3.6613023
 1.9776707 3.6646707
 1.9782419 3.6680388
 1.9793087 3.6714072
 1.9805390 3.6722953
 1.9821799 3.6747756
 1.9839072 3.6778538
 1.9841260 3.6781437
 1.9872755 3.6802247
 1.9884260 3.6815121
 1.9891096 3.6848803
 1.9906437 3.6868069
 1.9940120 3.6874237
 1.9946896 3.6882486
 1.9952167 3.6916168
 1.9967561 3.6949852
 1.9973803 3.6956093
 2.0007486 3.6963687
 2.0017028 3.6983533
 2.0016322 3.7017217
 2.0041168 3.7041342
 2.0056005 3.7050898
 2.0062308 3.7084582
 2.0074852 3.7093825
 2.0098813 3.7118263
 2.0108533 3.7132211
 2.0126021 3.7151947
 2.0142217 3.7165108
 2.0158072 3.7185628
 2.0175898 3.7218897
 2.0176132 3.7219312
 2.0209582 3.7246785
 2.0217338 3.7252994
 2.0240214 3.7286677
 2.0243263 3.7292042
 2.0265095 3.7320359
 2.0276947 3.7327492
 2.0295949 3.7354043
 2.0310628 3.7387264
 2.0310917 3.7387724
 2.0344312 3.7406137
 2.0357680 3.7421408
 2.0369873 3.7455089
 2.0377994 3.7463968
 2.0411677 3.7475731
 2.0445359 3.7480986
 2.0479043 3.7465990
 2.0501633 3.7455089
 2.0512724 3.7434058
 2.0516732 3.7421408
 2.0512724 3.7409883
 2.0498002 3.7387724
 2.0479043 3.7379124
 2.0465014 3.7354043
 2.0453761 3.7320359
 2.0445359 3.7306812
 2.0411677 3.7297068
 2.0402534 3.7286677
 2.0394902 3.7252994
 2.0377994 3.7223244
 2.0344312 3.7221680
 2.0340662 3.7219312
 2.0328717 3.7185628
 2.0313835 3.7151947
 2.0310628 3.7148740
 2.0276947 3.7142169
 2.0262280 3.7118263
 2.0252776 3.7084582
 2.0243263 3.7069674
 2.0209582 3.7065430
 2.0200329 3.7050898
 2.0193911 3.7017217
 2.0175898 3.6988800
 2.0142217 3.6990285
 2.0134852 3.6983533
 2.0128996 3.6949852
 2.0109506 3.6916168
 2.0108533 3.6915193
 2.0105817 3.6916168
 2.0074852 3.6918476
 2.0071239 3.6916168
 2.0064569 3.6882486
 2.0060637 3.6848803
 2.0047939 3.6815121
 2.0041168 3.6799762
 2.0011261 3.6781437
 2.0007486 3.6780207
 1.9990718 3.6747756
 1.9981989 3.6714072
 1.9973803 3.6701314
 1.9940120 3.6689920
 1.9931338 3.6680388
 1.9929582 3.6646707
 1.9906437 3.6617873
 1.9872755 3.6618299
 1.9856040 3.6613023
 1.9839072 3.6592140
 1.9822003 3.6579342
 1.9805390 3.6568077
 1.9788735 3.6579342
 0.9999999E-12     5
 1.8939081 3.6680388
 1.8929641 3.6691151
 1.8912569 3.6680388
 1.8929641 3.6659610
 1.8939081 3.6680388
 0.9999999E-12     5
 1.9005427 3.6747756
 1.8997006 3.6772714
 1.8983771 3.6747756
 1.8997006 3.6738117
 1.9005427 3.6747756
 0.9999999E-12     9
 1.9069797 3.6815121
 1.9064758 3.6848803
 1.9082136 3.6882486
 1.9064372 3.6896112
 1.9061403 3.6882486
 1.9063917 3.6848803
 1.9044586 3.6815121
 1.9064372 3.6806622
 1.9069797 3.6815121
 0.9999999E-12     9
 1.9136196 3.6916168
 1.9144255 3.6949852
 1.9158113 3.6983533
 1.9131737 3.6987443
 1.9127500 3.6983533
 1.9127015 3.6949852
 1.9116403 3.6916168
 1.9131737 3.6888878
 1.9136196 3.6916168
 0.9999999E-12    17
 1.9204040 3.6983533
 1.9199965 3.7017217
 1.9232785 3.7050147
 1.9266467 3.7041738
 1.9273710 3.7050898
 1.9268286 3.7084582
 1.9299363 3.7118263
 1.9266467 3.7128246
 1.9259089 3.7118263
 1.9264461 3.7084582
 1.9232785 3.7051692
 1.9199102 3.7058501
 1.9193302 3.7050898
 1.9198430 3.7017217
 1.9172459 3.6983533
 1.9199102 3.6972797
 1.9204040 3.6983533
 0.9999999E-11     5
 2.0948713 1.4651946
 2.0950599 1.4655626
 2.0966291 1.4651946
 2.0950599 1.4648035
 2.0948713 1.4651946
 0.9999999E-11     5
 2.0881760 1.4719311
 2.0883234 1.4722563
 2.0905349 1.4719311
 2.0883234 1.4717197
 2.0881760 1.4719311
 0.9999999E-11     7
 1.9455283 1.4854043
 1.9448260 1.4887725
 1.9468563 1.4903309
 1.9487267 1.4887725
 1.9482758 1.4854043
 1.9468563 1.4845814
 1.9455283 1.4854043
 0.9999999E-11     5
 1.9306278 1.5022455
 1.9333832 1.5035839
 1.9343752 1.5022455
 1.9333832 1.5009845
 1.9306278 1.5022455
 0.9999999E-11     7
 1.9122689 1.5157186
 1.9125478 1.5190868
 1.9131737 1.5192739
 1.9133961 1.5190868
 1.9134995 1.5157186
 1.9131737 1.5154371
 1.9122689 1.5157186
 0.9999999E-11     7
 1.7670536 1.5460329
 1.7675135 1.5494012
 1.7683383 1.5500050
 1.7701592 1.5494012
 1.7713448 1.5460329
 1.7683383 1.5449266
 1.7670536 1.5460329
 0.9999999E-11     5
 1.7608813 1.5999252
 1.7616018 1.6004509
 1.7634815 1.5999252
 1.7616018 1.5995491
 1.7608813 1.5999252
 0.9999999E-11     5
 1.7670590 1.5999252
 1.7683383 1.6001288
 1.7686344 1.5999252
 1.7683383 1.5997217
 1.7670590 1.5999252
 0.9999999E-11     5
 1.7410730 1.6066617
 1.7413923 1.6074234
 1.7430800 1.6066617
 1.7413923 1.6063565
 1.7410730 1.6066617
 0.9999999E-11     5
 1.7463311 1.6066617
 1.7481288 1.6075256
 1.7493386 1.6066617
 1.7481288 1.6062706
 1.7463311 1.6066617
 0.9999999E-11     7
 1.6183659 1.6133982
 1.6191092 1.6167665
 1.6201347 1.6170003
 1.6204226 1.6167665
 1.6206031 1.6133982
 1.6201347 1.6129084
 1.6183659 1.6133982
 0.9999999E-11     5
 1.7211139 1.6133982
 1.7211827 1.6150858
 1.7216047 1.6133982
 1.7211827 1.6133372
 1.7211139 1.6133982
 0.9999999E-11     5
 1.7268102 1.6133982
 1.7279192 1.6161591
 1.7287335 1.6133982
 1.7279192 1.6131757
 1.7268102 1.6133982
 0.9999999E-11     5
 1.7070216 1.6235030
 1.7077096 1.6241242
 1.7101526 1.6235030
 1.7077096 1.6217661
 1.7070216 1.6235030
 0.9999999E-11     5
 1.7119793 1.6235030
 1.7144461 1.6241230
 1.7153332 1.6235030
 1.7144461 1.6208657
 1.7119793 1.6235030
 0.9999999E-11     9
 1.6928682 1.6302395
 1.6942365 1.6315500
 1.6976048 1.6304288
 1.7009730 1.6314578
 1.7022229 1.6302395
 1.7009730 1.6284655
 1.6976048 1.6299775
 1.6942365 1.6286663
 1.6928682 1.6302395
 0.9999999E-11     5
 1.6796448 1.6369761
 1.6807635 1.6389364
 1.6836554 1.6369761
 1.6807635 1.6358030
 1.6796448 1.6369761
 0.9999999E-11     7
 1.5858444 1.6504492
 1.5844004 1.6538174
 1.5864521 1.6548154
 1.5874571 1.6538174
 1.5867583 1.6504492
 1.5864521 1.6502038
 1.5858444 1.6504492
 0.9999999E-11    11
 1.6566782 1.6504492
 1.6565254 1.6538174
 1.6571857 1.6549977
 1.6605539 1.6566955
 1.6639222 1.6550754
 1.6646361 1.6538174
 1.6644213 1.6504492
 1.6639222 1.6497127
 1.6605539 1.6480319
 1.6571857 1.6497051
 1.6566782 1.6504492
 0.9999999E-11    11
 1.6928893 1.6571857
 1.6908683 1.6577249
 1.6875000 1.6573081
 1.6858287 1.6605539
 1.6875000 1.6622509
 1.6908683 1.6614175
 1.6942365 1.6614683
 1.6952477 1.6605539
 1.6943552 1.6571857
 1.6942365 1.6570486
 1.6928893 1.6571857
 0.9999999E-11     7
 1.7880535 1.6672904
 1.7885479 1.6681222
 1.7919161 1.6674379
 1.7919958 1.6672904
 1.7919161 1.6671387
 1.7885479 1.6664301
 1.7880535 1.6672904
 0.9999999E-11     7
 2.0062335 1.6672904
 2.0074852 1.6701356
 2.0108533 1.6686006
 2.0133097 1.6672904
 2.0108533 1.6666490
 2.0074852 1.6656655
 2.0062335 1.6672904
 0.9999999E-11     5
 2.0184829 1.6672904
 2.0209582 1.6688112
 2.0233951 1.6672904
 2.0209582 1.6655793
 2.0184829 1.6672904
 0.9999999E-11    21
 1.7541239 1.6740270
 1.7541562 1.6773952
 1.7536410 1.6807635
 1.7541244 1.6841317
 1.7548653 1.6847732
 1.7582335 1.6845493
 1.7616018 1.6844783
 1.7649701 1.6842520
 1.7683383 1.6850532
 1.7717066 1.6846199
 1.7722011 1.6841317
 1.7718674 1.6807635
 1.7717066 1.6806065
 1.7683383 1.6794529
 1.7649701 1.6800337
 1.7616018 1.6793221
 1.7592692 1.6773952
 1.7582335 1.6753334
 1.7570802 1.6740270
 1.7548653 1.6732996
 1.7541239 1.6740270
 0.9999999E-11    13
 1.8474333 1.6807635
 1.8470622 1.6841317
 1.8458084 1.6873113
 1.8449310 1.6875000
 1.8458084 1.6883298
 1.8459207 1.6875000
 1.8491766 1.6857992
 1.8525449 1.6855129
 1.8542441 1.6841317
 1.8544933 1.6807635
 1.8525449 1.6789460
 1.8491766 1.6792599
 1.8474333 1.6807635
 0.9999999E-11     7
 1.5829784 1.6908683
 1.5830839 1.6917386
 1.5864521 1.6930302
 1.5881066 1.6908683
 1.5864521 1.6875621
 1.5830839 1.6906182
 1.5829784 1.6908683
 0.9999999E-11     9
 1.7749755 1.6908683
 1.7750748 1.6909839
 1.7784431 1.6911011
 1.7818114 1.6913297
 1.7846801 1.6908683
 1.7818114 1.6885184
 1.7784431 1.6893269
 1.7750748 1.6890969
 1.7749755 1.6908683
 0.9999999E-11    21
 1.8220059 1.6908683
 1.8188623 1.6925570
 1.8157140 1.6942365
 1.8154941 1.6943800
 1.8139114 1.6976048
 1.8130579 1.7009730
 1.8127432 1.7043413
 1.8146316 1.7077096
 1.8154941 1.7081839
 1.8188623 1.7079474
 1.8191589 1.7077096
 1.8210151 1.7043413
 1.8222306 1.7021903
 1.8241376 1.7009730
 1.8255988 1.7001648
 1.8273070 1.6976048
 1.8270016 1.6942365
 1.8255988 1.6913779
 1.8233403 1.6908683
 1.8222306 1.6906316
 1.8220059 1.6908683
 0.9999999E-11     5
 1.8380629 1.6908683
 1.8390719 1.6911558
 1.8416513 1.6908683
 1.8390719 1.6889457
 1.8380629 1.6908683
 0.9999999E-11     5
 1.5766622 1.6976048
 1.5797156 1.6998521
 1.5818746 1.6976048
 1.5797156 1.6945887
 1.5766622 1.6976048
 0.9999999E-11     7
 2.3131065 1.7413923
 2.3139718 1.7447605
 2.3139970 1.7447796
 2.3140216 1.7447605
 2.3151543 1.7413923
 2.3139970 1.7405865
 2.3131065 1.7413923
 0.9999999E-11     7
 2.0407422 1.7481288
 2.0411534 1.7514970
 2.0411677 1.7515090
 2.0412419 1.7514970
 2.0430837 1.7481288
 2.0411677 1.7477298
 2.0407422 1.7481288
 0.9999999E-11    11
 1.8153621 1.7582335
 1.8154941 1.7583176
 1.8188623 1.7588348
 1.8222306 1.7586268
 1.8255988 1.7586243
 1.8266382 1.7582335
 1.8255988 1.7567226
 1.8222306 1.7566429
 1.8188623 1.7558038
 1.8154941 1.7579283
 1.8153621 1.7582335
 0.9999999E-11     5
 2.4851773 1.7582335
 2.4857786 1.7583228
 2.4858408 1.7582335
 2.4857786 1.7579901
 2.4851773 1.7582335
 0.9999999E-11     5
 1.8634636 1.7649701
 1.8660179 1.7659926
 1.8669381 1.7649701
 1.8660179 1.7635142
 1.8634636 1.7649701
 0.9999999E-11     5
 1.9182991 1.7649701
 1.9199102 1.7658954
 1.9215493 1.7649701
 1.9199102 1.7635437
 1.9182991 1.7649701
 0.9999999E-11     5
 2.4776533 1.7649701
 2.4790421 1.7653587
 2.4792655 1.7649701
 2.4790421 1.7645595
 2.4776533 1.7649701
 0.9999999E-11     5
 2.2925289 1.7717066
 2.2937875 1.7738307
 2.2950470 1.7717066
 2.2937875 1.7705503
 2.2925289 1.7717066
 0.9999999E-11     9
 1.6715395 1.7851796
 1.6712635 1.7885479
 1.6740270 1.7909510
 1.6773952 1.7900817
 1.6783763 1.7885479
 1.6777177 1.7851796
 1.6773952 1.7848421
 1.6740270 1.7833875
 1.6715395 1.7851796
 0.9999999E-11    17
 1.7852318 1.7919161
 1.7851796 1.7920020
 1.7818114 1.7934550
 1.7784431 1.7937374
 1.7750748 1.7935563
 1.7730441 1.7952845
 1.7750748 1.7961466
 1.7784431 1.7960396
 1.7818114 1.7961570
 1.7851796 1.7966900
 1.7885479 1.7981706
 1.7919161 1.7979718
 1.7950704 1.7952845
 1.7939110 1.7919161
 1.7919161 1.7909788
 1.7885479 1.7907854
 1.7852318 1.7919161
 0.9999999E-11     5
 1.7277132 1.8020210
 1.7279192 1.8023927
 1.7284703 1.8020210
 1.7279192 1.8016710
 1.7277132 1.8020210
 0.9999999E-11     5
 2.0806353 1.8020210
 2.0815868 1.8032726
 2.0841756 1.8020210
 2.0815868 1.8007894
 2.0806353 1.8020210
 0.9999999E-11     5
 1.8505348 1.8087575
 1.8525449 1.8097130
 1.8534435 1.8087575
 1.8525449 1.8083427
 1.8505348 1.8087575
 0.9999999E-11     7
 1.6804116 1.8154941
 1.6803616 1.8188623
 1.6807635 1.8191931
 1.6838541 1.8188623
 1.6827781 1.8154941
 1.6807635 1.8152084
 1.6804116 1.8154941
 0.9999999E-11     7
 1.6851135 1.8154941
 1.6842949 1.8188623
 1.6875000 1.8196491
 1.6885103 1.8188623
 1.6882828 1.8154941
 1.6875000 1.8150117
 1.6851135 1.8154941
 0.9999999E-11     5
 1.7067819 1.8255988
 1.7077096 1.8262200
 1.7087702 1.8255988
 1.7077096 1.8238473
 1.7067819 1.8255988
 0.9999999E-11     5
 1.6795349 1.8323354
 1.6807635 1.8336655
 1.6830765 1.8323354
 1.6807635 1.8308122
 1.6795349 1.8323354
 0.9999999E-11    19
 1.7267996 1.8458084
 1.7271730 1.8491766
 1.7279192 1.8499787
 1.7312875 1.8496369
 1.7331451 1.8525449
 1.7334169 1.8559132
 1.7346557 1.8569936
 1.7380240 1.8567859
 1.7413923 1.8563811
 1.7424995 1.8559132
 1.7414473 1.8525449
 1.7413923 1.8525199
 1.7380240 1.8522230
 1.7346557 1.8516673
 1.7315035 1.8491766
 1.7312875 1.8475316
 1.7308846 1.8458084
 1.7279192 1.8446507
 1.7267996 1.8458084
 0.9999999E-11     7
 1.6801738 1.8525449
 1.6787311 1.8559132
 1.6807635 1.8566434
 1.6820718 1.8559132
 1.6809908 1.8525449
 1.6807635 1.8524092
 1.6801738 1.8525449
 0.9999999E-11     7
 1.6654518 1.8626497
 1.6672904 1.8647010
 1.6706587 1.8634571
 1.6713283 1.8626497
 1.6706587 1.8610408
 1.6672904 1.8594704
 1.6654518 1.8626497
 0.9999999E-11     5
 1.6868190 1.8626497
 1.6875000 1.8634486
 1.6903901 1.8626497
 1.6875000 1.8610380
 1.6868190 1.8626497
 0.9999999E-11     5
 1.6263193 1.8693862
 1.6268712 1.8701656
 1.6287329 1.8693862
 1.6268712 1.8688257
 1.6263193 1.8693862
 0.9999999E-11     5
 1.6317275 1.8693862
 1.6336077 1.8703681
 1.6342044 1.8693862
 1.6336077 1.8687125
 1.6317275 1.8693862
 0.9999999E-11     7
 1.6985554 1.8693862
 1.6999216 1.8727545
 1.7009730 1.8751689
 1.7025228 1.8727545
 1.7038450 1.8693862
 1.7009730 1.8670583
 1.6985554 1.8693862
 0.9999999E-11     5
 1.7271423 1.8693862
 1.7279192 1.8706070
 1.7304178 1.8693862
 1.7279192 1.8681706
 1.7271423 1.8693862
 0.9999999E-11     5
 2.2665343 1.8862276
 2.2668414 1.8863060
 2.2669356 1.8862276
 2.2668414 1.8847176
 2.2665343 1.8862276
 0.9999999E-11     7
 1.6266803 1.8895959
 1.6254686 1.8929641
 1.6268712 1.8942453
 1.6283693 1.8929641
 1.6270740 1.8895959
 1.6268712 1.8893945
 1.6266803 1.8895959
 0.9999999E-11     7
 1.7345119 1.8895959
 1.7335217 1.8929641
 1.7346557 1.8940821
 1.7375524 1.8929641
 1.7348576 1.8895959
 1.7346557 1.8895199
 1.7345119 1.8895959
 0.9999999E-11     7
 2.2591002 1.8895959
 2.2577939 1.8929641
 2.2601049 1.8944632
 2.2615576 1.8929641
 2.2611015 1.8895959
 2.2601049 1.8889414
 2.2591002 1.8895959
 0.9999999E-11     5
 1.6596876 1.8929641
 1.6605539 1.8938255
 1.6618527 1.8929641
 1.6605539 1.8909917
 1.6596876 1.8929641
 0.9999999E-11     5
 1.6037248 1.8997006
 1.6066617 1.9028573
 1.6096778 1.8997006
 1.6066617 1.8969641
 1.6037248 1.8997006
 0.9999999E-11     5
 1.6460003 1.8997006
 1.6470809 1.9008591
 1.6484382 1.8997006
 1.6470809 1.8985002
 1.6460003 1.8997006
 0.9999999E-11     5
 1.8770425 1.8997006
 1.8794911 1.9005048
 1.8804291 1.8997006
 1.8794911 1.8986344
 1.8770425 1.8997006
 0.9999999E-11     7
 2.2370534 1.9064372
 2.2396269 1.9098054
 2.2398953 1.9099201
 2.2402391 1.9098054
 2.2427003 1.9064372
 2.2398953 1.9045783
 2.2370534 1.9064372
 0.9999999E-11     7
 1.6667186 1.9131737
 1.6665444 1.9165419
 1.6672904 1.9169689
 1.6685891 1.9165419
 1.6691428 1.9131737
 1.6672904 1.9126755
 1.6667186 1.9131737
 0.9999999E-11     7
 1.6589122 1.9199102
 1.6583657 1.9232785
 1.6605539 1.9252884
 1.6637198 1.9232785
 1.6638231 1.9199102
 1.6605539 1.9187375
 1.6589122 1.9199102
 0.9999999E-11     5
 2.2316592 1.9232785
 2.2331588 1.9241767
 2.2336938 1.9232785
 2.2331588 1.9213817
 2.2316592 1.9232785
 0.9999999E-11     7
 1.8352263 1.9300150
 1.8357036 1.9309366
 1.8390719 1.9319364
 1.8403331 1.9300150
 1.8390719 1.9272232
 1.8357036 1.9287586
 1.8352263 1.9300150
 0.9999999E-11     7
 1.6399217 1.9502245
 1.6397792 1.9535928
 1.6403444 1.9540546
 1.6417493 1.9535928
 1.6411618 1.9502245
 1.6403444 1.9498383
 1.6399217 1.9502245
 0.9999999E-11     7
 1.7009128 1.9502245
 1.7003893 1.9535928
 1.7009730 1.9543554
 1.7024226 1.9535928
 1.7010711 1.9502245
 1.7009730 1.9501822
 1.7009128 1.9502245
 0.9999999E-11     7
 3.1084926 1.9535928
 3.1081774 1.9569612
 3.1089072 1.9572337
 3.1095781 1.9569612
 3.1092782 1.9535928
 3.1089072 1.9534481
 3.1084926 1.9535928
 0.9999999E-11     5
 2.3200445 1.9603294
 2.3207335 1.9612224
 2.3216558 1.9603294
 2.3207335 1.9592558
 2.3200445 1.9603294
 0.9999999E-11     5
 1.5918210 1.9670659
 1.5931886 1.9687389
 1.5947161 1.9670659
 1.5931886 1.9655770
 1.5918210 1.9670659
 0.9999999E-11     5
 1.6109689 1.9670659
 1.6133982 1.9697567
 1.6156490 1.9670659
 1.6133982 1.9645691
 1.6109689 1.9670659
 0.9999999E-11     5
 1.6189297 1.9738024
 1.6201347 1.9757900
 1.6233262 1.9738024
 1.6201347 1.9727476
 1.6189297 1.9738024
 0.9999999E-11     5
 1.6236956 1.9738024
 1.6268712 1.9762290
 1.6298687 1.9738024
 1.6268712 1.9728734
 1.6236956 1.9738024
 0.9999999E-11     5
 1.6306325 1.9738024
 1.6336077 1.9760667
 1.6348146 1.9738024
 1.6336077 1.9729195
 1.6306325 1.9738024
 0.9999999E-11     7
 1.7327693 1.9738024
 1.7346557 1.9769248
 1.7380240 1.9762344
 1.7403923 1.9738024
 1.7380240 1.9724908
 1.7346557 1.9721236
 1.7327693 1.9738024
 0.9999999E-11     7
 1.8142059 1.9738024
 1.8154941 1.9757912
 1.8188623 1.9769318
 1.8206116 1.9738024
 1.8188623 1.9721843
 1.8154941 1.9726108
 1.8142059 1.9738024
 0.9999999E-11     5
 1.8628989 1.9738024
 1.8660179 1.9756837
 1.8671355 1.9738024
 1.8660179 1.9727367
 1.8628989 1.9738024
 0.9999999E-11    25
 1.6462767 1.9805390
 1.6470258 1.9839072
 1.6470809 1.9839262
 1.6504492 1.9852203
 1.6538174 1.9862032
 1.6565599 1.9872755
 1.6571857 1.9878722
 1.6593684 1.9906437
 1.6605539 1.9917892
 1.6639222 1.9926443
 1.6672904 1.9933829
 1.6706587 1.9923354
 1.6715554 1.9906437
 1.6708344 1.9872755
 1.6706587 1.9870588
 1.6672904 1.9851900
 1.6654599 1.9839072
 1.6640635 1.9805390
 1.6639222 1.9803257
 1.6605539 1.9781933
 1.6571857 1.9776939
 1.6538174 1.9779748
 1.6504492 1.9789699
 1.6470809 1.9802586
 1.6462767 1.9805390
 0.9999999E-11     5
 2.3065612 1.9805390
 2.3072605 1.9828330
 2.3077712 1.9805390
 2.3072605 1.9794353
 2.3065612 1.9805390
 0.9999999E-11     9
 2.5632129 1.9805390
 2.5621517 1.9839072
 2.5632486 1.9853444
 2.5666168 1.9856786
 2.5693274 1.9839072
 2.5690622 1.9805390
 2.5666168 1.9795127
 2.5632486 1.9805079
 2.5632129 1.9805390
 0.9999999E-11     7
 2.2991867 1.9872755
 2.2977421 1.9906437
 2.3005240 1.9919659
 2.3019772 1.9906437
 2.3017612 1.9872755
 2.3005240 1.9864466
 2.2991867 1.9872755
 0.9999999E-11     5
 1.8588489 1.9906437
 1.8592814 1.9908777
 1.8595146 1.9906437
 1.8592814 1.9897522
 1.8588489 1.9906437
 0.9999999E-11     7
 2.5486701 1.9906437
 2.5497754 1.9917285
 2.5531437 1.9923067
 2.5554996 1.9906437
 2.5531437 1.9879506
 2.5497754 1.9890330
 2.5486701 1.9906437
 0.9999999E-11     5
 1.6867321 1.9973803
 1.6875000 1.9979874
 1.6885577 1.9973803
 1.6875000 1.9966309
 1.6867321 1.9973803
 0.9999999E-11     5
 1.8631924 1.9973803
 1.8660179 1.9989392
 1.8678082 1.9973803
 1.8660179 1.9946195
 1.8631924 1.9973803
 0.9999999E-11     5
 2.2923074 1.9973803
 2.2937875 1.9985387
 2.2946303 1.9973803
 2.2937875 1.9953115
 2.2923074 1.9973803
 0.9999999E-11     5
 1.6801269 2.0041168
 1.6807635 2.0052862
 1.6823981 2.0041168
 1.6807635 2.0028384
 1.6801269 2.0041168
 0.9999999E-11     5
 2.2858195 2.0041168
 2.2870510 2.0063224
 2.2882650 2.0041168
 2.2870510 2.0029368
 2.2858195 2.0041168
 0.9999999E-11     7
 1.6457675 2.0108533
 1.6463655 2.0142217
 1.6470809 2.0148153
 1.6478422 2.0142217
 1.6484050 2.0108533
 1.6470809 2.0099757
 1.6457675 2.0108533
 0.9999999E-11     5
 1.6870548 2.0108533
 1.6875000 2.0120459
 1.6880722 2.0108533
 1.6875000 2.0104914
 1.6870548 2.0108533
 0.9999999E-11     7
 2.2780135 2.0108533
 2.2799654 2.0142217
 2.2803144 2.0143149
 2.2804687 2.0142217
 2.2819827 2.0108533
 2.2803144 2.0099647
 2.2780135 2.0108533
 0.9999999E-11     9
 1.9111024 2.0243263
 1.9098054 2.0265799
 1.9089168 2.0276947
 1.9098054 2.0279889
 1.9131737 2.0293474
 1.9160656 2.0276947
 1.9145476 2.0243263
 1.9131737 2.0238333
 1.9111024 2.0243263
 0.9999999E-11    11
 1.5795554 2.0310628
 1.5784117 2.0344312
 1.5797156 2.0361807
 1.5830839 2.0352955
 1.5864521 2.0358024
 1.5875168 2.0344312
 1.5864521 2.0332799
 1.5830839 2.0329850
 1.5801843 2.0310628
 1.5797156 2.0302134
 1.5795554 2.0310628
 0.9999999E-11     7
 1.8209785 2.0344312
 1.8222306 2.0348535
 1.8255988 2.0350935
 1.8260250 2.0344312
 1.8255988 2.0336792
 1.8222306 2.0339456
 1.8209785 2.0344312
 0.9999999E-11     7
 2.0201645 2.0479043
 2.0203919 2.0512724
 2.0209582 2.0515418
 2.0215268 2.0512724
 2.0221496 2.0479043
 2.0209582 2.0472844
 2.0201645 2.0479043
 0.9999999E-11     7
 2.0137496 2.0546408
 2.0130157 2.0580089
 2.0142217 2.0590134
 2.0156603 2.0580089
 2.0152459 2.0546408
 2.0142217 2.0542300
 2.0137496 2.0546408
 0.9999999E-11     5
 1.5586230 2.0580089
 1.5595061 2.0587263
 1.5602884 2.0580089
 1.5595061 2.0560148
 1.5586230 2.0580089
 0.9999999E-11    17
 2.1630702 2.0613773
 2.1624253 2.0616825
 2.1610608 2.0647454
 2.1624253 2.0668607
 2.1657934 2.0678332
 2.1691618 2.0678036
 2.1725299 2.0677748
 2.1758983 2.0677128
 2.1792665 2.0668406
 2.1806648 2.0647454
 2.1792665 2.0617070
 2.1784322 2.0613773
 2.1758983 2.0606976
 2.1725299 2.0606298
 2.1691618 2.0606060
 2.1657934 2.0605714
 2.1630702 2.0613773
 0.9999999E-11     5
 2.0673795 2.0714819
 2.0681138 2.0724776
 2.0707097 2.0714819
 2.0681138 2.0706286
 2.0673795 2.0714819
 0.9999999E-11     5
 1.6397645 2.0782187
 1.6403444 2.0802884
 1.6415738 2.0782187
 1.6403444 2.0776947
 1.6397645 2.0782187
 0.9999999E-11     9
 2.2507217 2.0849552
 2.2500000 2.0880301
 2.2499478 2.0883234
 2.2500000 2.0883579
 2.2533684 2.0894411
 2.2550430 2.0883234
 2.2549970 2.0849552
 2.2533684 2.0840981
 2.2507217 2.0849552
 0.9999999E-11    13
 2.3386972 2.0849552
 2.3375750 2.0881944
 2.3375013 2.0883234
 2.3375750 2.0884068
 2.3409431 2.0899744
 2.3443115 2.0894763
 2.3476796 2.0896437
 2.3493288 2.0883234
 2.3492396 2.0849552
 2.3476796 2.0833259
 2.3443115 2.0836391
 2.3409431 2.0838208
 2.3386972 2.0849552
 0.9999999E-11     5
 1.5915902 2.0950599
 1.5931886 2.0959597
 1.5942887 2.0950599
 1.5931886 2.0931680
 1.5915902 2.0950599
 0.9999999E-11     7
 2.1617315 2.0950599
 2.1624253 2.0961380
 2.1657934 2.0959613
 2.1665916 2.0950599
 2.1657934 2.0929234
 2.1624253 2.0932825
 2.1617315 2.0950599
 0.9999999E-11     5
 1.5990500 2.1017964
 1.5999252 2.1028495
 1.6008406 2.1017964
 1.5999252 2.1007636
 1.5990500 2.1017964
 0.9999999E-11     5
 2.0273769 2.1152694
 2.0276947 2.1163363
 2.0283737 2.1152694
 2.0276947 2.1150355
 2.0273769 2.1152694
 0.9999999E-11     5
 2.7260237 2.1253743
 2.7282934 2.1269870
 2.7314053 2.1253743
 2.7282934 2.1242323
 2.7260237 2.1253743
 0.9999999E-11     5
 2.7319546 2.1253743
 2.7350299 2.1265354
 2.7357833 2.1253743
 2.7350299 2.1245267
 2.7319546 2.1253743
 0.9999999E-11     5
 2.2519908 2.1321108
 2.2533684 2.1327870
 2.2539628 2.1321108
 2.2533684 2.1312351
 2.2519908 2.1321108
 0.9999999E-11     5
 2.3396325 2.1321108
 2.3409431 2.1333964
 2.3430116 2.1321108
 2.3409431 2.1305721
 2.3396325 2.1321108
 0.9999999E-11     9
 1.6314933 2.1388474
 1.6326174 2.1422155
 1.6336077 2.1430330
 1.6352423 2.1422155
 1.6369761 2.1393967
 1.6371156 2.1388474
 1.6369761 2.1385756
 1.6336077 2.1364253
 1.6314933 2.1388474
 0.9999999E-11     9
 1.8668699 2.1388474
 1.8693862 2.1411917
 1.8721803 2.1422155
 1.8727545 2.1423211
 1.8730648 2.1422155
 1.8758913 2.1388474
 1.8727545 2.1361501
 1.8693862 2.1365597
 1.8668699 2.1388474
 0.9999999E-11     9
 2.0994546 2.1388474
 2.1010332 2.1422155
 2.1017964 2.1426792
 2.1051648 2.1425605
 2.1059194 2.1422155
 2.1077359 2.1388474
 2.1051648 2.1360805
 2.1017964 2.1358228
 2.0994546 2.1388474
 0.9999999E-11     5
 2.7882144 2.1422155
 2.7889221 2.1426382
 2.7894251 2.1422155
 2.7889221 2.1402881
 2.7882144 2.1422155
 0.9999999E-11     5
 2.7674227 2.1556888
 2.7687125 2.1569831
 2.7699738 2.1556888
 2.7687125 2.1544528
 2.7674227 2.1556888
 0.9999999E-11     7
 2.9732475 2.1556888
 2.9741766 2.1560338
 2.9775450 2.1561859
 2.9807899 2.1556888
 2.9775450 2.1555789
 2.9741766 2.1556067
 2.9732475 2.1556888
 0.9999999E-11     5
 1.7829300 2.1624253
 1.7851796 2.1625481
 1.7852709 2.1624253
 1.7851796 2.1620276
 1.7829300 2.1624253
 0.9999999E-11     7
 2.2162933 2.1624253
 2.2163174 2.1624804
 2.2196856 2.1632044
 2.2207115 2.1624253
 2.2196856 2.1608984
 2.2163174 2.1623712
 2.2162933 2.1624253
 0.9999999E-11     5
 2.2299073 2.1624253
 2.2331588 2.1633089
 2.2339754 2.1624253
 2.2331588 2.1609769
 2.2299073 2.1624253
 0.9999999E-11     9
 2.2451317 2.1657934
 2.2432635 2.1678698
 2.2427564 2.1691618
 2.2432635 2.1696131
 2.2466319 2.1705859
 2.2497528 2.1691618
 2.2498722 2.1657934
 2.2466319 2.1632028
 2.2451317 2.1657934
 0.9999999E-11     7
 2.2091215 2.1691618
 2.2095809 2.1704938
 2.2129490 2.1709342
 2.2140713 2.1691618
 2.2129490 2.1670256
 2.2095809 2.1682992
 2.2091215 2.1691618
 0.9999999E-11     5
 2.2043478 2.1758983
 2.2062125 2.1765611
 2.2065153 2.1758983
 2.2062125 2.1754265
 2.2043478 2.1758983
 0.9999999E-11     9
 1.7613004 2.1826348
 1.7615389 2.1860030
 1.7616018 2.1860902
 1.7649701 2.1868401
 1.7657288 2.1860030
 1.7654018 2.1826348
 1.7649701 2.1822374
 1.7616018 2.1822705
 1.7613004 2.1826348
 0.9999999E-11    15
 2.1686912 2.1826348
 2.1691618 2.1843939
 2.1715095 2.1860030
 2.1725299 2.1861055
 2.1758983 2.1860602
 2.1792665 2.1860428
 2.1807072 2.1860030
 2.1826348 2.1850457
 2.1835968 2.1826348
 2.1826348 2.1824918
 2.1792665 2.1823783
 2.1758983 2.1822443
 2.1725299 2.1820133
 2.1691618 2.1822865
 2.1686912 2.1826348
 0.9999999E-11     9
 2.3632298 2.1826348
 2.3623049 2.1860030
 2.3645210 2.1871953
 2.3678892 2.1877663
 2.3704824 2.1860030
 2.3707583 2.1826348
 2.3678892 2.1806839
 2.3645210 2.1820874
 2.3632298 2.1826348
 0.9999999E-11     9
 2.0517230 2.1893713
 2.0519440 2.1927395
 2.0546408 2.1951141
 2.0580089 2.1937702
 2.0586612 2.1927395
 2.0586603 2.1893713
 2.0580089 2.1878018
 2.0546408 2.1860099
 2.0517230 2.1893713
 0.9999999E-11     5
 1.6334331 2.2062125
 1.6336077 2.2064860
 1.6339595 2.2062125
 1.6336077 2.2060437
 1.6334331 2.2062125
 0.9999999E-11     5
 2.3800805 2.2062125
 2.3813622 2.2085130
 2.3827686 2.2062125
 2.3813622 2.2051468
 2.3800805 2.2062125
 0.9999999E-11     9
 2.1064847 2.2129490
 2.1079025 2.2163174
 2.1085329 2.2166522
 2.1106994 2.2163174
 2.1119013 2.2148838
 2.1122153 2.2129490
 2.1119013 2.2125251
 2.1085329 2.2111371
 2.1064847 2.2129490
 0.9999999E-11    21
 2.2414439 2.2129490
 2.2432635 2.2150207
 2.2441266 2.2163174
 2.2466319 2.2178233
 2.2498755 2.2196856
 2.2500000 2.2197976
 2.2533684 2.2215505
 2.2538686 2.2230539
 2.2567365 2.2253342
 2.2601049 2.2254167
 2.2631636 2.2230539
 2.2623963 2.2196856
 2.2601049 2.2181525
 2.2567365 2.2167702
 2.2563717 2.2163174
 2.2548988 2.2129490
 2.2533684 2.2118335
 2.2500000 2.2116849
 2.2466319 2.2115340
 2.2432635 2.2116172
 2.2414439 2.2129490
 0.9999999E-11    21
 1.7811471 2.2196856
 1.7803090 2.2230539
 1.7784431 2.2250311
 1.7750748 2.2258797
 1.7743858 2.2264221
 1.7732478 2.2297904
 1.7750748 2.2323148
 1.7784431 2.2322795
 1.7804910 2.2297904
 1.7811447 2.2264221
 1.7818114 2.2258248
 1.7851796 2.2252827
 1.7885479 2.2242002
 1.7919161 2.2234323
 1.7923423 2.2230539
 1.7920375 2.2196856
 1.7919161 2.2195911
 1.7885479 2.2189848
 1.7851796 2.2181637
 1.7818114 2.2189467
 1.7811471 2.2196856
 0.9999999E-11     5
 2.1217620 2.2230539
 2.1220059 2.2231386
 2.1222482 2.2230539
 2.1220059 2.2216353
 2.1217620 2.2230539
 0.9999999E-11     5
 2.3056083 2.2230539
 2.3072605 2.2236903
 2.3083076 2.2230539
 2.3072605 2.2199090
 2.3056083 2.2230539
 0.9999999E-11     5
 1.9185503 2.2365270
 1.9199102 2.2377436
 1.9212936 2.2365270
 1.9199102 2.2353187
 1.9185503 2.2365270
 0.9999999E-11     5
 2.1150784 2.2500000
 2.1152694 2.2511806
 2.1161633 2.2500000
 2.1152694 2.2498524
 2.1150784 2.2500000
 0.9999999E-11    19
 1.9847262 2.2567365
 1.9843065 2.2601049
 1.9872755 2.2626095
 1.9901004 2.2634730
 1.9906437 2.2637162
 1.9928838 2.2634730
 1.9940120 2.2634065
 1.9952317 2.2634730
 1.9973803 2.2636905
 1.9982102 2.2634730
 2.0007486 2.2629428
 2.0041053 2.2601049
 2.0036407 2.2567365
 2.0007486 2.2548418
 1.9973803 2.2541304
 1.9940120 2.2543538
 1.9906437 2.2541118
 1.9872755 2.2550673
 1.9847262 2.2567365
 0.9999999E-11     7
 2.1686563 2.2601049
 2.1691618 2.2603400
 2.1725299 2.2605858
 2.1734774 2.2601049
 2.1725299 2.2594209
 2.1691618 2.2595608
 2.1686563 2.2601049
 0.9999999E-11     7
 2.1816359 2.2668414
 2.1826348 2.2672701
 2.1860030 2.2670269
 2.1862264 2.2668414
 2.1860030 2.2666044
 2.1826348 2.2660744
 2.1816359 2.2668414
 0.9999999E-11     9
 2.2708299 2.2735779
 2.2735779 2.2754843
 2.2769461 2.2740991
 2.2803144 2.2749250
 2.2812495 2.2735779
 2.2803144 2.2728508
 2.2769461 2.2733037
 2.2735779 2.2725999
 2.2708299 2.2735779
 0.9999999E-11     5
 1.6941041 2.2904191
 1.6942365 2.2905674
 1.6960582 2.2904191
 1.6942365 2.2896945
 1.6941041 2.2904191
 0.9999999E-11     7
 1.6998818 2.2971556
 1.7009730 2.2986808
 1.7043413 2.2985110
 1.7050594 2.2971556
 1.7043413 2.2954967
 1.7009730 2.2938688
 1.6998818 2.2971556
 0.9999999E-11     5
 2.3391514 2.3106287
 2.3409431 2.3125796
 2.3416350 2.3106287
 2.3409431 2.3100817
 2.3391514 2.3106287
 0.9999999E-11    13
 1.9858644 2.3241019
 1.9844395 2.3274701
 1.9872755 2.3296702
 1.9906437 2.3300319
 1.9940120 2.3302445
 1.9973803 2.3275211
 1.9974078 2.3274701
 1.9973803 2.3272920
 1.9968971 2.3241019
 1.9940120 2.3223073
 1.9906437 2.3225555
 1.9872755 2.3231950
 1.9858644 2.3241019
 0.9999999E-11     7
 1.9790939 2.3308384
 1.9773175 2.3342066
 1.9805390 2.3372936
 1.9836513 2.3342066
 1.9837582 2.3308384
 1.9805390 2.3301785
 1.9790939 2.3308384
 0.9999999E-11    11
 2.1590204 2.3544161
 2.1584697 2.3577845
 2.1590569 2.3581023
 2.1624253 2.3603821
 2.1657934 2.3600662
 2.1678450 2.3577845
 2.1676342 2.3544161
 2.1657934 2.3526986
 2.1624253 2.3523679
 2.1590569 2.3543961
 2.1590204 2.3544161
 0.9999999E-11     5
 1.9062464 2.3847306
 1.9064372 2.3864982
 1.9071618 2.3847306
 1.9064372 2.3846633
 1.9062464 2.3847306
 0.9999999E-11     7
 1.9104933 2.3847306
 1.9108839 2.3880987
 1.9131737 2.3887019
 1.9145311 2.3880987
 1.9147842 2.3847306
 1.9131737 2.3839650
 1.9104933 2.3847306
 0.9999999E-11     5
 1.8855813 2.3948355
 1.8862276 2.3955045
 1.8866465 2.3948355
 1.8862276 2.3936398
 1.8855813 2.3948355
 0.9999999E-11     5
 2.0874405 2.3948355
 2.0883234 2.3956053
 2.0901129 2.3948355
 2.0883234 2.3925400
 2.0874405 2.3948355
 0.9999999E-11     5
 1.8995395 2.4150450
 1.8997006 2.4156289
 1.8998023 2.4150450
 1.8997006 2.4149306
 1.8995395 2.4150450
 0.9999999E-11     7
 1.9055729 2.4217815
 1.9050469 2.4251497
 1.9064372 2.4260862
 1.9075829 2.4251497
 1.9068818 2.4217815
 1.9064372 2.4214492
 1.9055729 2.4217815
 0.9999999E-11     5
 2.7667842 2.4554641
 2.7687125 2.4557078
 2.7688918 2.4554641
 2.7687125 2.4552200
 2.7667842 2.4554641
 0.9999999E-11     9
 2.2967682 2.4891467
 2.2970269 2.4925151
 2.2971556 2.4927011
 2.3005240 2.4936383
 2.3014812 2.4925151
 2.3011792 2.4891467
 2.3005240 2.4874401
 2.2971556 2.4874065
 2.2967682 2.4891467
 0.9999999E-11     5
 2.3927760 2.5295658
 2.3948355 2.5306036
 2.3966818 2.5295658
 2.3948355 2.5279260
 2.3927760 2.5295658
 0.9999999E-11     7
 1.9861360 2.5497754
 1.9871078 2.5531437
 1.9872755 2.5532165
 1.9874122 2.5531437
 1.9882296 2.5497754
 1.9872755 2.5491664
 1.9861360 2.5497754
 0.9999999E-11     7
 1.8512675 2.5565121
 1.8501124 2.5598803
 1.8525449 2.5612717
 1.8539996 2.5598803
 1.8532597 2.5565121
 1.8525449 2.5559485
 1.8512675 2.5565121
 0.9999999E-11     7
 2.0061364 2.5935628
 2.0044179 2.5969312
 2.0074852 2.5986619
 2.0103202 2.5969312
 2.0086484 2.5935628
 2.0074852 2.5931048
 2.0061364 2.5935628
 0.9999999E-11     9
 2.0187411 2.5935628
 2.0180962 2.5969312
 2.0206416 2.6002994
 2.0209582 2.6015608
 2.0213046 2.6002994
 2.0240171 2.5969312
 2.0232639 2.5935628
 2.0209582 2.5906208
 2.0187411 2.5935628
 0.9999999E-11     5
 1.7970600 2.5969312
 1.7986528 2.5977287
 1.7994810 2.5969312
 1.7986528 2.5952437
 1.7970600 2.5969312
 0.9999999E-11     5
 2.0807641 2.6104043
 2.0815868 2.6121383
 2.0833514 2.6104043
 2.0815868 2.6094718
 2.0807641 2.6104043
 0.9999999E-11     7
 1.9984565 2.6171408
 1.9984988 2.6205089
 2.0007486 2.6223035
 2.0031984 2.6205089
 2.0033872 2.6171408
 2.0007486 2.6152978
 1.9984565 2.6171408
 0.9999999E-11     7
 1.9455621 2.6306138
 1.9437146 2.6339822
 1.9468563 2.6366701
 1.9501427 2.6339822
 1.9482991 2.6306138
 1.9468563 2.6300304
 1.9455621 2.6306138
 0.9999999E-11   263
 1.6204406 2.6440868
 1.6203893 2.6474552
 1.6202612 2.6508234
 1.6202480 2.6541917
 1.6203076 2.6575599
 1.6203207 2.6609282
 1.6225480 2.6642964
 1.6220515 2.6676648
 1.6235030 2.6698217
 1.6254548 2.6710329
 1.6268712 2.6722522
 1.6273977 2.6744013
 1.6289986 2.6777694
 1.6302395 2.6806486
 1.6303996 2.6811378
 1.6306902 2.6845059
 1.6311665 2.6878743
 1.6336077 2.6911721
 1.6336818 2.6912425
 1.6368543 2.6946108
 1.6366669 2.6979790
 1.6369761 2.6983535
 1.6379628 2.7013474
 1.6384846 2.7047155
 1.6403444 2.7076046
 1.6417165 2.7080839
 1.6437126 2.7091548
 1.6470809 2.7096217
 1.6477348 2.7114522
 1.6471677 2.7148204
 1.6482008 2.7181888
 1.6504078 2.7215569
 1.6504492 2.7215941
 1.6505002 2.7215569
 1.6538174 2.7209206
 1.6553991 2.7215569
 1.6571857 2.7229638
 1.6576784 2.7249253
 1.6585652 2.7282934
 1.6605141 2.7316618
 1.6605539 2.7317600
 1.6623201 2.7350299
 1.6639222 2.7371404
 1.6648282 2.7383983
 1.6670748 2.7417665
 1.6672904 2.7423036
 1.6700978 2.7451348
 1.6706587 2.7457390
 1.6740270 2.7480519
 1.6743631 2.7485030
 1.6773952 2.7503796
 1.6781689 2.7518713
 1.6785723 2.7552395
 1.6773952 2.7572455
 1.6746931 2.7586079
 1.6740270 2.7596037
 1.6735620 2.7619760
 1.6740270 2.7627742
 1.6773952 2.7637286
 1.6791656 2.7619760
 1.6807635 2.7589462
 1.6841317 2.7586312
 1.6859910 2.7586079
 1.6875000 2.7585948
 1.6876664 2.7586079
 1.6908683 2.7590652
 1.6918728 2.7619760
 1.6925358 2.7653444
 1.6932942 2.7687125
 1.6942365 2.7706671
 1.6954597 2.7720809
 1.6976048 2.7737260
 1.6986489 2.7754490
 1.6993055 2.7788174
 1.7006774 2.7821856
 1.7009730 2.7830982
 1.7023388 2.7855539
 1.7043413 2.7884531
 1.7045791 2.7889221
 1.7059287 2.7922904
 1.7077096 2.7944167
 1.7093289 2.7956588
 1.7110778 2.7971058
 1.7119708 2.7990270
 1.7139300 2.8023953
 1.7144461 2.8030100
 1.7178144 2.8038859
 1.7203132 2.8023953
 1.7209691 2.7990270
 1.7211827 2.7985611
 1.7241555 2.7956588
 1.7245510 2.7954512
 1.7268565 2.7922904
 1.7271572 2.7889221
 1.7276671 2.7855539
 1.7279192 2.7853816
 1.7312875 2.7848046
 1.7316328 2.7855539
 1.7346557 2.7887468
 1.7353526 2.7889221
 1.7380240 2.7909434
 1.7386224 2.7922904
 1.7411165 2.7956588
 1.7413923 2.7962477
 1.7434468 2.7990270
 1.7447605 2.8000183
 1.7469257 2.7990270
 1.7472715 2.7956588
 1.7470829 2.7922904
 1.7460924 2.7889221
 1.7447605 2.7879148
 1.7413923 2.7864537
 1.7409434 2.7855539
 1.7407469 2.7821856
 1.7413923 2.7804615
 1.7444555 2.7788174
 1.7447605 2.7786326
 1.7481288 2.7773869
 1.7514970 2.7772408
 1.7527486 2.7754490
 1.7514970 2.7733233
 1.7498771 2.7720809
 1.7481288 2.7693057
 1.7447605 2.7695770
 1.7413923 2.7687905
 1.7380240 2.7694926
 1.7370900 2.7687125
 1.7380240 2.7682202
 1.7413923 2.7686734
 1.7447605 2.7679727
 1.7473584 2.7653444
 1.7474082 2.7619760
 1.7471260 2.7586079
 1.7447605 2.7562916
 1.7437186 2.7552395
 1.7420207 2.7518713
 1.7413923 2.7511373
 1.7380240 2.7487917
 1.7367972 2.7485030
 1.7346557 2.7472756
 1.7331877 2.7451348
 1.7312875 2.7425270
 1.7286760 2.7417665
 1.7279192 2.7410071
 1.7272909 2.7383983
 1.7279192 2.7364845
 1.7287693 2.7350299
 1.7297472 2.7316618
 1.7312875 2.7306359
 1.7346557 2.7298427
 1.7380240 2.7298014
 1.7413923 2.7313964
 1.7420523 2.7316618
 1.7440794 2.7350299
 1.7447605 2.7356160
 1.7463213 2.7383983
 1.7481288 2.7409346
 1.7495390 2.7417665
 1.7514970 2.7426934
 1.7535473 2.7451348
 1.7548653 2.7482951
 1.7551919 2.7485030
 1.7582335 2.7494788
 1.7609115 2.7485030
 1.7616018 2.7474730
 1.7639980 2.7451348
 1.7649701 2.7437224
 1.7683383 2.7446601
 1.7717066 2.7437027
 1.7750748 2.7417698
 1.7750796 2.7417665
 1.7784431 2.7399139
 1.7789036 2.7383983
 1.7784431 2.7377098
 1.7750748 2.7381330
 1.7717066 2.7372441
 1.7683383 2.7362897
 1.7673209 2.7350299
 1.7665206 2.7316618
 1.7649701 2.7289052
 1.7630380 2.7282934
 1.7616018 2.7278280
 1.7597084 2.7249253
 1.7588063 2.7215569
 1.7582335 2.7208962
 1.7548653 2.7193108
 1.7514970 2.7189662
 1.7498630 2.7181888
 1.7481288 2.7163882
 1.7474779 2.7148204
 1.7453467 2.7114522
 1.7447605 2.7108121
 1.7413923 2.7084172
 1.7411182 2.7080839
 1.7413923 2.7070439
 1.7423694 2.7047155
 1.7431304 2.7013474
 1.7413923 2.6988358
 1.7408586 2.6979790
 1.7380240 2.6969471
 1.7346557 2.6979649
 1.7346402 2.6979790
 1.7327244 2.7013474
 1.7312875 2.7032695
 1.7279192 2.7021265
 1.7273614 2.7013474
 1.7262310 2.6979790
 1.7245510 2.6950321
 1.7240031 2.6946108
 1.7211827 2.6920562
 1.7207309 2.6912425
 1.7178144 2.6890652
 1.7154871 2.6878743
 1.7144461 2.6868162
 1.7134264 2.6845059
 1.7110778 2.6824806
 1.7077096 2.6827683
 1.7058707 2.6845059
 1.7053159 2.6878743
 1.7061034 2.6912425
 1.7056291 2.6946108
 1.7043413 2.6953652
 1.7009730 2.6946359
 1.7008942 2.6946108
 1.6980633 2.6912425
 1.6985314 2.6878743
 1.6976048 2.6852674
 1.6942365 2.6850014
 1.6908683 2.6865976
 1.6878928 2.6845059
 1.6875000 2.6836305
 1.6867511 2.6811378
 1.6847262 2.6777694
 1.6841317 2.6761384
 1.6828722 2.6744013
 1.6807635 2.6719551
 1.6773952 2.6715033
 1.6759017 2.6710329
 1.6752921 2.6676648
 1.6740270 2.6655262
 1.6706587 2.6664391
 1.6672904 2.6659343
 1.6639222 2.6651561
 1.6621829 2.6642964
 1.6605539 2.6633279
 1.6571857 2.6616778
 1.6565534 2.6609282
 1.6538174 2.6584241
 1.6522018 2.6575599
 1.6504492 2.6562502
 1.6470809 2.6542842
 1.6469136 2.6541917
 1.6437126 2.6514828
 1.6434530 2.6508234
 1.6403444 2.6480901
 1.6369761 2.6477926
 1.6366051 2.6474552
 1.6366165 2.6440868
 1.6336077 2.6410782
 1.6302395 2.6408796
 1.6268712 2.6408799
 1.6235030 2.6410244
 1.6204406 2.6440868
 0.9999999E-11     5
 1.9121326 2.6474552
 1.9131737 2.6497548
 1.9138453 2.6474552
 1.9131737 2.6468401
 1.9121326 2.6474552
 0.9999999E-11     7
 1.9529046 2.6609282
 1.9513396 2.6642964
 1.9535928 2.6660066
 1.9561123 2.6642964
 1.9544016 2.6609282
 1.9535928 2.6605918
 1.9529046 2.6609282
 0.9999999E-11     5
 1.8850224 2.6642964
 1.8862276 2.6650498
 1.8869691 2.6642964
 1.8862276 2.6625972
 1.8850224 2.6642964
 0.9999999E-11    23
 2.1348684 2.6676648
 2.1335900 2.6710329
 2.1354790 2.6739113
 2.1370904 2.6744013
 2.1388474 2.6750405
 2.1422155 2.6755407
 2.1455839 2.6762702
 2.1489520 2.6759748
 2.1523204 2.6760788
 2.1556888 2.6753776
 2.1583397 2.6744013
 2.1590569 2.6739159
 2.1610997 2.6710329
 2.1590569 2.6681936
 2.1582575 2.6676648
 2.1556888 2.6667161
 2.1523204 2.6660085
 2.1489520 2.6661520
 2.1455839 2.6663268
 2.1422155 2.6669431
 2.1388474 2.6667504
 2.1354790 2.6673236
 2.1348684 2.6676648
 0.9999999E-11    11
 2.0338700 2.6744013
 2.0319910 2.6777694
 2.0326293 2.6811378
 2.0344312 2.6837568
 2.0368750 2.6811378
 2.0377994 2.6778541
 2.0378125 2.6777694
 2.0377994 2.6777201
 2.0352266 2.6744013
 2.0344312 2.6727839
 2.0338700 2.6744013
 0.9999999E-11     5
 1.9182582 2.6777694
 1.9199102 2.6796951
 1.9216015 2.6777694
 1.9199102 2.6769185
 1.9182582 2.6777694
 0.9999999E-11    53
 1.7767506 2.6845059
 1.7773445 2.6878743
 1.7784431 2.6884844
 1.7818114 2.6894753
 1.7851796 2.6901398
 1.7875210 2.6912425
 1.7870613 2.6946108
 1.7873493 2.6979790
 1.7874084 2.7013474
 1.7864573 2.7047155
 1.7864573 2.7080839
 1.7852085 2.7114522
 1.7851796 2.7120123
 1.7846475 2.7148204
 1.7841947 2.7181888
 1.7850281 2.7215569
 1.7851796 2.7218034
 1.7885479 2.7227466
 1.7919161 2.7239058
 1.7924680 2.7249253
 1.7952845 2.7271140
 1.7986528 2.7281783
 1.7994742 2.7282934
 1.8020210 2.7290604
 1.8034339 2.7282934
 1.8053893 2.7268157
 1.8060794 2.7249253
 1.8054404 2.7215569
 1.8053893 2.7215159
 1.8020210 2.7203345
 1.7988350 2.7181888
 1.7986528 2.7165897
 1.7985079 2.7148204
 1.7986528 2.7147291
 1.8020210 2.7119207
 1.8025860 2.7114522
 1.8043654 2.7080839
 1.8020210 2.7066233
 1.7996981 2.7047155
 1.7986528 2.7043910
 1.7952845 2.7030497
 1.7932973 2.7013474
 1.7924460 2.6979790
 1.7933433 2.6946108
 1.7922065 2.6912425
 1.7919161 2.6910081
 1.7885479 2.6906533
 1.7868578 2.6878743
 1.7862563 2.6845059
 1.7851796 2.6834524
 1.7818114 2.6833744
 1.7784431 2.6834919
 1.7767506 2.6845059
 0.9999999E-11    11
 1.8281680 2.6845059
 1.8275309 2.6878743
 1.8285514 2.6912425
 1.8289671 2.6914430
 1.8292083 2.6912425
 1.8323354 2.6906304
 1.8345573 2.6878743
 1.8347182 2.6845059
 1.8323354 2.6815457
 1.8289671 2.6833653
 1.8281680 2.6845059
 0.9999999E-11    11
 1.9309229 2.6845059
 1.9311703 2.6878743
 1.9333832 2.6900740
 1.9367515 2.6902566
 1.9401197 2.6894953
 1.9418218 2.6878743
 1.9416751 2.6845059
 1.9401197 2.6834421
 1.9367515 2.6837683
 1.9333832 2.6831424
 1.9309229 2.6845059
 0.9999999E-11     7
 2.0000014 2.6845059
 2.0004864 2.6878743
 2.0007486 2.6880589
 2.0010490 2.6878743
 2.0016084 2.6845059
 2.0007486 2.6839130
 2.0000014 2.6845059
 0.9999999E-11     5
 2.1418095 2.6845059
 2.1422155 2.6865790
 2.1428592 2.6845059
 2.1422155 2.6842082
 2.1418095 2.6845059
 0.9999999E-11    11
 1.8439124 2.6912425
 1.8443131 2.6946108
 1.8458084 2.6957428
 1.8491766 2.6966274
 1.8525449 2.6969137
 1.8541993 2.6946108
 1.8535215 2.6912425
 1.8525449 2.6903179
 1.8491766 2.6894898
 1.8458084 2.6881912
 1.8439124 2.6912425
 0.9999999E-11     7
 2.2558141 2.6946108
 2.2567365 2.6949458
 2.2601049 2.6947424
 2.2605186 2.6946108
 2.2601049 2.6942339
 2.2567365 2.6936300
 2.2558141 2.6946108
 0.9999999E-11     9
 1.8820968 2.6979790
 1.8803315 2.7013474
 1.8828593 2.7031620
 1.8862276 2.7046297
 1.8887331 2.7013474
 1.8865540 2.6979790
 1.8862276 2.6977849
 1.8828593 2.6978054
 1.8820968 2.6979790
 0.9999999E-11    35
 1.8280061 2.7013474
 1.8255988 2.7025082
 1.8222306 2.7020278
 1.8188623 2.7017627
 1.8173500 2.7047155
 1.8161317 2.7080839
 1.8165925 2.7114522
 1.8188623 2.7144001
 1.8222306 2.7138114
 1.8255988 2.7136502
 1.8273106 2.7148204
 1.8289671 2.7175927
 1.8297442 2.7181888
 1.8323354 2.7196426
 1.8347113 2.7215569
 1.8356957 2.7249253
 1.8357036 2.7249486
 1.8390719 2.7271318
 1.8424401 2.7260301
 1.8440983 2.7249253
 1.8454129 2.7215569
 1.8458084 2.7209837
 1.8470074 2.7181888
 1.8466630 2.7148204
 1.8458084 2.7141211
 1.8424401 2.7140369
 1.8390719 2.7128448
 1.8376049 2.7114522
 1.8357735 2.7080839
 1.8357036 2.7077160
 1.8351469 2.7047155
 1.8323354 2.7017415
 1.8310702 2.7013474
 1.8289671 2.6997433
 1.8280061 2.7013474
 0.9999999E-11     5
 2.1212416 2.7013474
 2.1220059 2.7025242
 2.1246033 2.7013474
 2.1220059 2.6997755
 2.1212416 2.7013474
 0.9999999E-11    15
 1.9714875 2.7047155
 1.9704342 2.7058964
 1.9695950 2.7080839
 1.9698678 2.7114522
 1.9704342 2.7124772
 1.9738024 2.7145541
 1.9763110 2.7148204
 1.9771707 2.7150691
 1.9778495 2.7148204
 1.9786373 2.7114522
 1.9781079 2.7080839
 1.9771707 2.7057137
 1.9761873 2.7047155
 1.9738024 2.7037601
 1.9714875 2.7047155
 0.9999999E-11    31
 2.0768945 2.7047155
 2.0748503 2.7069247
 2.0737119 2.7080839
 2.0748503 2.7100248
 2.0757749 2.7114522
 2.0782187 2.7137897
 2.0815868 2.7142129
 2.0826888 2.7148204
 2.0849552 2.7180641
 2.0850239 2.7181888
 2.0883234 2.7202058
 2.0915449 2.7215569
 2.0916917 2.7217054
 2.0950205 2.7249253
 2.0950599 2.7249610
 2.0951686 2.7249253
 2.0984282 2.7226548
 2.0992887 2.7215569
 2.0999224 2.7181888
 2.0997145 2.7148204
 2.0984282 2.7121010
 2.0976191 2.7114522
 2.0950599 2.7096510
 2.0916917 2.7085836
 2.0905881 2.7080839
 2.0883234 2.7054410
 2.0879560 2.7047155
 2.0849552 2.7016456
 2.0815868 2.7014196
 2.0782187 2.7031815
 2.0768945 2.7047155
 0.9999999E-11    17
 1.8897007 2.7080839
 1.8929427 2.7114522
 1.8929641 2.7114623
 1.8932102 2.7114522
 1.8963324 2.7103870
 1.8975192 2.7114522
 1.8997006 2.7124062
 1.9030689 2.7119274
 1.9064372 2.7116170
 1.9067581 2.7114522
 1.9086790 2.7080839
 1.9064372 2.7055240
 1.9030689 2.7062070
 1.8997006 2.7068663
 1.8963324 2.7074680
 1.8929641 2.7060175
 1.8897007 2.7080839
 0.9999999E-11    13
 1.9197490 2.7114522
 1.9166931 2.7148204
 1.9176936 2.7181888
 1.9199102 2.7194552
 1.9232785 2.7198606
 1.9266467 2.7200408
 1.9296103 2.7181888
 1.9292997 2.7148204
 1.9266467 2.7122073
 1.9238507 2.7114522
 1.9232785 2.7111666
 1.9199102 2.7112947
 1.9197490 2.7114522
 0.9999999E-11     7
 1.8701625 2.7215569
 1.8703023 2.7249253
 1.8727545 2.7262146
 1.8745406 2.7249253
 1.8744954 2.7215569
 1.8727545 2.7201681
 1.8701625 2.7215569
 0.9999999E-11     7
 1.8841892 2.7215569
 1.8833451 2.7249253
 1.8862276 2.7268720
 1.8877987 2.7249253
 1.8873680 2.7215569
 1.8862276 2.7206733
 1.8841892 2.7215569
 0.9999999E-11     7
 1.9310575 2.7215569
 1.9319350 2.7249253
 1.9333832 2.7257588
 1.9344572 2.7249253
 1.9341978 2.7215569
 1.9333832 2.7209692
 1.9310575 2.7215569
 0.9999999E-11     5
 1.7249177 2.7249253
 1.7245510 2.7252316
 1.7238412 2.7249253
 1.7245510 2.7243843
 1.7249177 2.7249253
 0.9999999E-11    45
 1.7049038 2.7316618
 1.7052711 2.7350299
 1.7077096 2.7370124
 1.7110778 2.7377627
 1.7119921 2.7383983
 1.7144461 2.7416973
 1.7147192 2.7417665
 1.7178144 2.7426937
 1.7211827 2.7425859
 1.7245510 2.7426407
 1.7264702 2.7451348
 1.7267599 2.7485030
 1.7272500 2.7518713
 1.7278608 2.7552395
 1.7279192 2.7553265
 1.7312875 2.7576604
 1.7320199 2.7586079
 1.7336375 2.7619760
 1.7345097 2.7653444
 1.7318670 2.7687125
 1.7312875 2.7687941
 1.7311618 2.7687125
 1.7296407 2.7653444
 1.7279192 2.7640245
 1.7257838 2.7619760
 1.7245510 2.7597506
 1.7211827 2.7586133
 1.7211723 2.7586079
 1.7178144 2.7568212
 1.7159662 2.7552395
 1.7144461 2.7525656
 1.7142394 2.7518713
 1.7123965 2.7485030
 1.7110778 2.7472301
 1.7077096 2.7453842
 1.7075201 2.7451348
 1.7043413 2.7419336
 1.7041945 2.7417665
 1.7015706 2.7383983
 1.7034097 2.7350299
 1.7009730 2.7317290
 1.7009548 2.7316618
 1.7009730 2.7316344
 1.7043413 2.7309933
 1.7049038 2.7316618
 0.9999999E-11     5
 1.7582656 2.7316618
 1.7582335 2.7316923
 1.7582071 2.7316618
 1.7582335 2.7313704
 1.7582656 2.7316618
 0.9999999E-11    11
 1.8310580 2.7350299
 1.8300620 2.7383983
 1.8323354 2.7402728
 1.8357036 2.7407091
 1.8390719 2.7409272
 1.8410671 2.7383983
 1.8392209 2.7350299
 1.8390719 2.7349377
 1.8357036 2.7338111
 1.8323354 2.7324615
 1.8310580 2.7350299
 0.9999999E-11     5
 1.9719800 2.7383983
 1.9738024 2.7398765
 1.9753132 2.7383983
 1.9738024 2.7368131
 1.9719800 2.7383983
 0.9999999E-11     5
 1.6909707 2.7451348
 1.6908683 2.7459421
 1.6888835 2.7451348
 1.6908683 2.7449534
 1.6909707 2.7451348
 0.9999999E-11     5
 1.8240026 2.7451348
 1.8255988 2.7466140
 1.8262342 2.7451348
 1.8255988 2.7444139
 1.8240026 2.7451348
 0.9999999E-11     5
 2.1756968 2.7518713
 2.1758983 2.7543206
 2.1769922 2.7518713
 2.1758983 2.7516191
 2.1756968 2.7518713
 0.9999999E-11    17
 1.7776250 2.7586079
 1.7762477 2.7619760
 1.7784431 2.7630363
 1.7815577 2.7653444
 1.7808769 2.7687125
 1.7818114 2.7720630
 1.7818488 2.7720809
 1.7851796 2.7732222
 1.7871208 2.7720809
 1.7877696 2.7687125
 1.7869376 2.7653444
 1.7851796 2.7644086
 1.7818114 2.7650352
 1.7796665 2.7619760
 1.7786087 2.7586079
 1.7784431 2.7583892
 1.7776250 2.7586079
 0.9999999E-11    19
 1.8168228 2.7586079
 1.8169190 2.7619760
 1.8188623 2.7630887
 1.8218067 2.7653444
 1.8222306 2.7657001
 1.8255988 2.7674925
 1.8272885 2.7687125
 1.8289671 2.7698052
 1.8323354 2.7716138
 1.8350201 2.7687125
 1.8323354 2.7659581
 1.8308336 2.7653444
 1.8289671 2.7639563
 1.8284712 2.7619760
 1.8276426 2.7586079
 1.8255988 2.7567928
 1.8222306 2.7560468
 1.8188623 2.7553303
 1.8168228 2.7586079
 0.9999999E-11    19
 1.8659940 2.7586079
 1.8633476 2.7619760
 1.8632960 2.7653444
 1.8660179 2.7669878
 1.8693862 2.7685688
 1.8695410 2.7687125
 1.8727545 2.7700453
 1.8747283 2.7687125
 1.8761228 2.7653956
 1.8761482 2.7653444
 1.8761228 2.7651987
 1.8758093 2.7619760
 1.8738434 2.7586079
 1.8727545 2.7581267
 1.8703303 2.7586079
 1.8693862 2.7590942
 1.8661896 2.7586079
 1.8660179 2.7585964
 1.8659940 2.7586079
 0.9999999E-11    11
 2.0469360 2.7586079
 2.0465057 2.7619760
 2.0479043 2.7632699
 2.0512724 2.7624934
 2.0546408 2.7626300
 2.0558541 2.7619760
 2.0546408 2.7587063
 2.0512724 2.7589114
 2.0511196 2.7586079
 2.0479043 2.7578361
 2.0469360 2.7586079
 0.9999999E-11     7
 1.8591934 2.7653444
 1.8562871 2.7687125
 1.8592814 2.7708421
 1.8623369 2.7687125
 1.8605244 2.7653444
 1.8592814 2.7652895
 1.8591934 2.7653444
 0.9999999E-11     5
 1.8907300 2.7687125
 1.8929641 2.7697599
 1.8947769 2.7687125
 1.8929641 2.7668250
 1.8907300 2.7687125
 0.9999999E-11     7
 1.8365446 2.7754490
 1.8390509 2.7788174
 1.8390719 2.7788382
 1.8391500 2.7788174
 1.8413134 2.7754490
 1.8390719 2.7734623
 1.8365446 2.7754490
 0.9999999E-11     7
 1.8476243 2.7754490
 1.8491766 2.7782376
 1.8525449 2.7785602
 1.8547062 2.7754490
 1.8525449 2.7727876
 1.8491766 2.7739556
 1.8476243 2.7754490
 0.9999999E-11     9
 2.1538975 2.7821856
 2.1540227 2.7855539
 2.1556888 2.7883608
 2.1590569 2.7864037
 2.1593733 2.7855539
 2.1593950 2.7821856
 2.1590569 2.7816830
 2.1556888 2.7803352
 2.1538975 2.7821856
 0.9999999E-11     7
 1.6806710 2.7990270
 1.6807635 2.7993546
 1.6841317 2.8017919
 1.6855323 2.7990270
 1.6841317 2.7970753
 1.6807635 2.7987468
 1.6806710 2.7990270
 0.9999999E-11     5
 2.2632742 2.7990270
 2.2634730 2.7993128
 2.2658312 2.7990270
 2.2634730 2.7985919
 2.2632742 2.7990270
 0.9999999E-11    19
 1.7492481 2.8023953
 1.7481288 2.8030622
 1.7477307 2.8057635
 1.7481288 2.8071406
 1.7496291 2.8091319
 1.7514970 2.8106277
 1.7522677 2.8125000
 1.7525049 2.8158684
 1.7548653 2.8179793
 1.7582335 2.8180537
 1.7612193 2.8158684
 1.7611980 2.8125000
 1.7597263 2.8091319
 1.7582335 2.8083012
 1.7548653 2.8072951
 1.7536254 2.8057635
 1.7522402 2.8023953
 1.7514970 2.8013053
 1.7492481 2.8023953
 0.9999999E-11    11
 1.9052004 2.8023953
 1.9030689 2.8056989
 1.9030516 2.8057635
 1.9030689 2.8058047
 1.9059695 2.8091319
 1.9064372 2.8093531
 1.9072309 2.8091319
 1.9090024 2.8057635
 1.9073861 2.8023953
 1.9064372 2.8013546
 1.9052004 2.8023953
 0.9999999E-11     7
 1.7799914 2.8057635
 1.7818114 2.8080547
 1.7851796 2.8081238
 1.7863570 2.8057635
 1.7851796 2.8040707
 1.7818114 2.8042293
 1.7799914 2.8057635
 0.9999999E-11     5
 1.9993300 2.8057635
 2.0007486 2.8070827
 2.0018921 2.8057635
 2.0007486 2.8042910
 1.9993300 2.8057635
 0.9999999E-11     5
 2.2699182 2.8057635
 2.2702096 2.8062677
 2.2717919 2.8057635
 2.2702096 2.8052225
 2.2699182 2.8057635
 0.9999999E-11     5
 1.8162125 2.8125000
 1.8188623 2.8152282
 1.8205650 2.8125000
 1.8188623 2.8097172
 1.8162125 2.8125000
 0.9999999E-11     5
 1.9115393 2.8125000
 1.9131737 2.8146412
 1.9143227 2.8125000
 1.9131737 2.8115599
 1.9115393 2.8125000
 0.9999999E-11    21
 1.7277204 2.8192365
 1.7279192 2.8202000
 1.7288083 2.8226049
 1.7312875 2.8239794
 1.7335819 2.8259730
 1.7339813 2.8293414
 1.7346557 2.8311405
 1.7375501 2.8327096
 1.7380240 2.8332100
 1.7383243 2.8327096
 1.7412498 2.8293414
 1.7413923 2.8274302
 1.7417724 2.8259730
 1.7413923 2.8255949
 1.7380240 2.8228290
 1.7368397 2.8226049
 1.7346557 2.8211660
 1.7339902 2.8192365
 1.7312875 2.8172927
 1.7279192 2.8186491
 1.7277204 2.8192365
 0.9999999E-11    11
 1.8719537 2.8192365
 1.8700787 2.8226049
 1.8699738 2.8259730
 1.8708502 2.8293414
 1.8727545 2.8307989
 1.8760607 2.8293414
 1.8747816 2.8259730
 1.8737240 2.8226049
 1.8730007 2.8192365
 1.8727545 2.8190317
 1.8719537 2.8192365
 0.9999999E-11     5
 1.9329264 2.8192365
 1.9333832 2.8220236
 1.9336371 2.8192365
 1.9333832 2.8190415
 1.9329264 2.8192365
 0.9999999E-11    13
 1.7040819 2.8259730
 1.7021520 2.8293414
 1.7037749 2.8327096
 1.7043413 2.8336842
 1.7077096 2.8346992
 1.7110778 2.8341022
 1.7116119 2.8327096
 1.7128876 2.8293414
 1.7119235 2.8259730
 1.7110778 2.8251112
 1.7077096 2.8247931
 1.7043413 2.8258214
 1.7040819 2.8259730
 0.9999999E-11    37
 1.7769353 2.8259730
 1.7750748 2.8281784
 1.7747188 2.8293414
 1.7750748 2.8302400
 1.7773435 2.8327096
 1.7784431 2.8346131
 1.7818114 2.8332977
 1.7851796 2.8330734
 1.7854716 2.8360779
 1.7862906 2.8394461
 1.7885479 2.8410106
 1.7919161 2.8416386
 1.7925650 2.8428144
 1.7925375 2.8461826
 1.7952845 2.8490698
 1.7986528 2.8490100
 1.8010033 2.8495510
 1.8020210 2.8502083
 1.8036892 2.8495510
 1.8053893 2.8482065
 1.8064247 2.8461826
 1.8067021 2.8428144
 1.8053893 2.8412197
 1.8027800 2.8394461
 1.8020210 2.8387597
 1.7986528 2.8373673
 1.7965256 2.8360779
 1.7952845 2.8345761
 1.7937603 2.8327096
 1.7919161 2.8316169
 1.7885479 2.8311684
 1.7851796 2.8322749
 1.7838306 2.8293414
 1.7818114 2.8284762
 1.7796234 2.8259730
 1.7784431 2.8255498
 1.7769353 2.8259730
 0.9999999E-11     7
 1.8381573 2.8259730
 1.8373343 2.8293414
 1.8390719 2.8302228
 1.8423771 2.8293414
 1.8403515 2.8259730
 1.8390719 2.8255272
 1.8381573 2.8259730
 0.9999999E-11     5
 1.8425437 2.8293414
 1.8458084 2.8300288
 1.8463651 2.8293414
 1.8458084 2.8279381
 1.8425437 2.8293414
 0.9999999E-11     7
 1.8791853 2.8327096
 1.8773744 2.8360779
 1.8794911 2.8377116
 1.8815911 2.8360779
 1.8795513 2.8327096
 1.8794911 2.8325462
 1.8791853 2.8327096
 0.9999999E-11     7
 1.6537584 2.8360779
 1.6538174 2.8363967
 1.6571857 2.8380148
 1.6576207 2.8360779
 1.6571857 2.8350453
 1.6538174 2.8358974
 1.6537584 2.8360779
 0.9999999E-11     5
 1.7566103 2.8360779
 1.7582335 2.8372009
 1.7589457 2.8360779
 1.7582335 2.8350067
 1.7566103 2.8360779
 0.9999999E-11     5
 1.6541507 2.8428144
 1.6571857 2.8438821
 1.6575397 2.8428144
 1.6571857 2.8410878
 1.6541507 2.8428144
 0.9999999E-11     7
 1.7132556 2.8428144
 1.7144461 2.8438380
 1.7178144 2.8442049
 1.7187421 2.8428144
 1.7178144 2.8416748
 1.7144461 2.8414855
 1.7132556 2.8428144
 0.9999999E-11     5
 1.7634389 2.8428144
 1.7649701 2.8440094
 1.7654577 2.8428144
 1.7649701 2.8422010
 1.7634389 2.8428144
 0.9999999E-11     5
 1.8713447 2.8428144
 1.8727545 2.8451564
 1.8738741 2.8428144
 1.8727545 2.8412209
 1.8713447 2.8428144
 0.9999999E-11    17
 1.8831295 2.8428144
 1.8828593 2.8437634
 1.8818057 2.8461826
 1.8794911 2.8468900
 1.8761228 2.8481922
 1.8756403 2.8495510
 1.8761228 2.8514431
 1.8765863 2.8529191
 1.8794911 2.8546500
 1.8828593 2.8543241
 1.8844910 2.8529191
 1.8854204 2.8495510
 1.8862276 2.8484578
 1.8873889 2.8461826
 1.8881140 2.8428144
 1.8862276 2.8400793
 1.8831295 2.8428144
 0.9999999E-11    89
 1.8176903 2.8495510
 1.8154941 2.8527479
 1.8153353 2.8529191
 1.8154941 2.8533056
 1.8162187 2.8562875
 1.8166115 2.8596556
 1.8177760 2.8630240
 1.8188623 2.8648653
 1.8209742 2.8663921
 1.8222306 2.8671212
 1.8255988 2.8688478
 1.8289412 2.8697605
 1.8289671 2.8697805
 1.8323354 2.8721685
 1.8326591 2.8731289
 1.8323354 2.8740070
 1.8311430 2.8764970
 1.8323354 2.8794367
 1.8324270 2.8798654
 1.8330677 2.8832335
 1.8357036 2.8852088
 1.8390719 2.8858132
 1.8408387 2.8866019
 1.8415979 2.8899701
 1.8424401 2.8924620
 1.8431438 2.8933384
 1.8436043 2.8967066
 1.8440866 2.9000750
 1.8429066 2.9034431
 1.8424401 2.9051504
 1.8419909 2.9068115
 1.8390719 2.9099045
 1.8388488 2.9101796
 1.8390719 2.9105003
 1.8424401 2.9124162
 1.8437178 2.9135480
 1.8458084 2.9145436
 1.8475423 2.9169161
 1.8480657 2.9202845
 1.8491766 2.9219978
 1.8519967 2.9236526
 1.8525449 2.9244497
 1.8559132 2.9259214
 1.8567635 2.9270210
 1.8592814 2.9288068
 1.8606708 2.9270210
 1.8604128 2.9236526
 1.8592814 2.9232709
 1.8561654 2.9202845
 1.8559132 2.9191771
 1.8556414 2.9169161
 1.8525449 2.9141636
 1.8493540 2.9135480
 1.8491766 2.9133539
 1.8480916 2.9101796
 1.8491766 2.9070895
 1.8494059 2.9068115
 1.8525449 2.9049609
 1.8537359 2.9034431
 1.8525449 2.9018552
 1.8493849 2.9000750
 1.8491766 2.8998759
 1.8474194 2.8967066
 1.8468670 2.8933384
 1.8475388 2.8899701
 1.8471130 2.8866019
 1.8458084 2.8852756
 1.8428838 2.8832335
 1.8428560 2.8798654
 1.8448125 2.8764970
 1.8458084 2.8755558
 1.8473539 2.8731289
 1.8458084 2.8710232
 1.8428288 2.8697605
 1.8424401 2.8695316
 1.8390719 2.8671236
 1.8374221 2.8663921
 1.8357036 2.8652802
 1.8323354 2.8637350
 1.8312974 2.8630240
 1.8289671 2.8610144
 1.8286147 2.8596556
 1.8275399 2.8562875
 1.8255988 2.8546879
 1.8222306 2.8536670
 1.8209299 2.8529191
 1.8192806 2.8495510
 1.8188623 2.8492260
 1.8176903 2.8495510
 0.9999999E-11    17
 1.8354331 2.8495510
 1.8357036 2.8513961
 1.8360511 2.8529191
 1.8390719 2.8553770
 1.8415551 2.8562875
 1.8424401 2.8574159
 1.8443363 2.8596556
 1.8458084 2.8601890
 1.8476186 2.8596556
 1.8471725 2.8562875
 1.8458084 2.8545921
 1.8445712 2.8529191
 1.8439304 2.8495510
 1.8424401 2.8481126
 1.8390719 2.8465958
 1.8357036 2.8484948
 1.8354331 2.8495510
 0.9999999E-11     9
 1.6621333 2.8562875
 1.6605539 2.8593321
 1.6605347 2.8596556
 1.6605539 2.8596821
 1.6639222 2.8604310
 1.6645875 2.8596556
 1.6641673 2.8562875
 1.6639222 2.8558836
 1.6621333 2.8562875
 0.9999999E-11    25
 1.7083422 2.8562875
 1.7077096 2.8570919
 1.7072082 2.8596556
 1.7071496 2.8630240
 1.7068820 2.8663921
 1.7077096 2.8686192
 1.7091150 2.8697605
 1.7110778 2.8710837
 1.7124244 2.8731289
 1.7137253 2.8764970
 1.7144461 2.8786144
 1.7156192 2.8798654
 1.7178144 2.8810802
 1.7189115 2.8798654
 1.7209839 2.8764970
 1.7209790 2.8731289
 1.7194483 2.8697605
 1.7180969 2.8663921
 1.7178144 2.8658919
 1.7151468 2.8630240
 1.7144461 2.8622618
 1.7130644 2.8596556
 1.7120833 2.8562875
 1.7110778 2.8544352
 1.7083422 2.8562875
 0.9999999E-11     7
 1.9120791 2.8697605
 1.9104952 2.8731289
 1.9131737 2.8755531
 1.9154394 2.8731289
 1.9137306 2.8697605
 1.9131737 2.8682387
 1.9120791 2.8697605
 0.9999999E-11    19
 1.6697254 2.8798654
 1.6689014 2.8832335
 1.6685421 2.8866019
 1.6694338 2.8899701
 1.6706587 2.8907189
 1.6728454 2.8933384
 1.6733683 2.8967066
 1.6740270 2.8977282
 1.6773952 2.8990326
 1.6804367 2.8967066
 1.6802905 2.8933384
 1.6781732 2.8899701
 1.6773952 2.8881748
 1.6751163 2.8866019
 1.6740270 2.8861306
 1.6716735 2.8832335
 1.6709497 2.8798654
 1.6706587 2.8795888
 1.6697254 2.8798654
 0.9999999E-11     7
 1.8046087 2.8866019
 1.8042034 2.8899701
 1.8053893 2.8910651
 1.8061121 2.8899701
 1.8059208 2.8866019
 1.8053893 2.8861680
 1.8046087 2.8866019
 0.9999999E-11     7
 1.9124743 2.8866019
 1.9121690 2.8899701
 1.9131737 2.8906727
 1.9137832 2.8899701
 1.9134463 2.8866019
 1.9131737 2.8863912
 1.9124743 2.8866019
 0.9999999E-11     9
 1.8182836 2.8899701
 1.8182274 2.8933384
 1.8177844 2.8967066
 1.8188623 2.8970211
 1.8202090 2.8967066
 1.8198035 2.8933384
 1.8192003 2.8899701
 1.8188623 2.8885024
 1.8182836 2.8899701
 0.9999999E-11     5
 1.8244745 2.8967066
 1.8255988 2.8970320
 1.8258544 2.8967066
 1.8255988 2.8961539
 1.8244745 2.8967066
 0.9999999E-11     5
 1.8104700 2.9034431
 1.8121258 2.9048188
 1.8130103 2.9034431
 1.8121258 2.9007719
 1.8104700 2.9034431
 0.9999999E-11     5
 1.8302022 2.9034431
 1.8323354 2.9051604
 1.8338217 2.9034431
 1.8323354 2.9015474
 1.8302022 2.9034431
 0.9999999E-11     5
 1.9261001 2.9034431
 1.9266467 2.9040115
 1.9271532 2.9034431
 1.9266467 2.9027729
 1.9261001 2.9034431
 0.9999999E-11     5
 1.7904831 2.9101796
 1.7919161 2.9119549
 1.7926617 2.9101796
 1.7919161 2.9092970
 1.7904831 2.9101796
 0.9999999E-11     9
 2.4106970 2.9101796
 2.4116766 2.9128451
 2.4139497 2.9135480
 2.4150450 2.9136734
 2.4152238 2.9135480
 2.4161603 2.9101796
 2.4150450 2.9090319
 2.4116766 2.9090338
 2.4106970 2.9101796
 0.9999999E-11    27
 1.8654757 2.9169161
 1.8651142 2.9202845
 1.8660179 2.9210079
 1.8683372 2.9236526
 1.8691229 2.9270210
 1.8693862 2.9271750
 1.8727545 2.9289980
 1.8755451 2.9303892
 1.8759915 2.9337575
 1.8761228 2.9340765
 1.8793821 2.9371257
 1.8794911 2.9371870
 1.8799326 2.9371257
 1.8828593 2.9350364
 1.8832086 2.9337575
 1.8828593 2.9323590
 1.8823791 2.9303892
 1.8794911 2.9289634
 1.8761228 2.9285591
 1.8757552 2.9270210
 1.8744701 2.9236526
 1.8727545 2.9225569
 1.8693862 2.9228537
 1.8665513 2.9202845
 1.8662633 2.9169161
 1.8660179 2.9166970
 1.8654757 2.9169161
 0.9999999E-11    35
 1.6907185 2.9202845
 1.6908683 2.9205804
 1.6926235 2.9236526
 1.6921055 2.9270210
 1.6927868 2.9303892
 1.6932313 2.9337575
 1.6942365 2.9365730
 1.6948416 2.9371257
 1.6964328 2.9404941
 1.6976048 2.9422457
 1.6984557 2.9438622
 1.6995161 2.9472306
 1.7003263 2.9505990
 1.7009730 2.9516950
 1.7043413 2.9527485
 1.7058250 2.9505990
 1.7065063 2.9472306
 1.7075915 2.9438622
 1.7077096 2.9437189
 1.7110778 2.9417703
 1.7123507 2.9404941
 1.7129884 2.9371257
 1.7133029 2.9337575
 1.7122886 2.9303892
 1.7110778 2.9289205
 1.7080466 2.9270210
 1.7077096 2.9263227
 1.7070117 2.9236526
 1.7043413 2.9212697
 1.7009730 2.9210305
 1.6976048 2.9222105
 1.6942365 2.9227512
 1.6909926 2.9202845
 1.6908683 2.9198787
 1.6907185 2.9202845
 0.9999999E-11     7
 1.9516546 2.9236526
 1.9514389 2.9270210
 1.9535928 2.9285145
 1.9563690 2.9270210
 1.9555020 2.9236526
 1.9535928 2.9227254
 1.9516546 2.9236526
 0.9999999E-11     5
 1.7847276 2.9270210
 1.7851796 2.9274299
 1.7854282 2.9270210
 1.7851796 2.9261155
 1.7847276 2.9270210
 0.9999999E-11     5
 2.1012950 2.9270210
 2.1017964 2.9273119
 2.1022565 2.9270210
 2.1017964 2.9243731
 2.1012950 2.9270210
 0.9999999E-11     7
 1.7054960 2.9337575
 1.7043413 2.9367800
 1.7009730 2.9362545
 1.7003654 2.9337575
 1.7009730 2.9326444
 1.7043413 2.9312403
 1.7054960 2.9337575
 0.9999999E-11     5
 1.9656204 2.9337575
 1.9670659 2.9348001
 1.9693543 2.9337575
 1.9670659 2.9318607
 1.9656204 2.9337575
 0.9999999E-11     5
 1.7911857 2.9404941
 1.7919161 2.9411013
 1.7922384 2.9404941
 1.7919161 2.9398744
 1.7911857 2.9404941
 0.9999999E-11     5
 1.8580422 2.9404941
 1.8592814 2.9418728
 1.8600872 2.9404941
 1.8592814 2.9386079
 1.8580422 2.9404941
 0.9999999E-11     7
 1.8636101 2.9472306
 1.8650770 2.9505990
 1.8660179 2.9512651
 1.8670434 2.9505990
 1.8674569 2.9472306
 1.8660179 2.9458282
 1.8636101 2.9472306
 0.9999999E-11    11
 1.8724650 2.9539671
 1.8713207 2.9573355
 1.8706712 2.9607036
 1.8707957 2.9640720
 1.8727545 2.9658365
 1.8755782 2.9640720
 1.8753580 2.9607036
 1.8744645 2.9573355
 1.8729210 2.9539671
 1.8727545 2.9538798
 1.8724650 2.9539671
 0.9999999E-11     5
 2.1078565 2.9640720
 2.1085329 2.9655285
 2.1100779 2.9640720
 2.1085329 2.9625561
 2.1078565 2.9640720
 0.9999999E-11    11
 1.8768138 2.9674401
 1.8763088 2.9708085
 1.8776051 2.9741766
 1.8784544 2.9775450
 1.8794911 2.9790623
 1.8816507 2.9775450
 1.8817168 2.9741766
 1.8819585 2.9708085
 1.8804661 2.9674401
 1.8794911 2.9666190
 1.8768138 2.9674401
 0.9999999E-11     5
 1.7555766 2.9775450
 1.7582335 2.9799531
 1.7595394 2.9775450
 1.7582335 2.9760201
 1.7555766 2.9775450
 0.9999999E-11     5
 1.8570852 2.9775450
 1.8592814 2.9787230
 1.8597586 2.9775450
 1.8592814 2.9769292
 1.8570852 2.9775450
 0.9999999E-11    33
 1.8855917 2.9842815
 1.8854102 2.9876497
 1.8845578 2.9910181
 1.8847476 2.9943862
 1.8862276 2.9958160
 1.8881801 2.9977546
 1.8887256 3.0011227
 1.8893638 3.0044911
 1.8895959 3.0055442
 1.8903279 3.0078592
 1.8929404 3.0112276
 1.8929641 3.0112402
 1.8958495 3.0145957
 1.8963324 3.0158329
 1.8976156 3.0179641
 1.8997006 3.0191119
 1.9015605 3.0179641
 1.9024534 3.0145957
 1.9009458 3.0112276
 1.9002199 3.0078592
 1.8997006 3.0072486
 1.8973484 3.0044911
 1.8966502 3.0011227
 1.8964783 2.9977546
 1.8963324 2.9964774
 1.8929641 2.9945016
 1.8924232 2.9943862
 1.8906912 2.9910181
 1.8895959 2.9877448
 1.8895386 2.9876497
 1.8871132 2.9842815
 1.8862276 2.9833670
 1.8855917 2.9842815
 0.9999999E-11     5
 2.1353073 2.9842815
 2.1354790 2.9864519
 2.1357682 2.9842815
 2.1354790 2.9841235
 2.1353073 2.9842815
 0.9999999E-11    17
 1.8591886 2.9910181
 1.8575284 2.9943862
 1.8559132 2.9976754
 1.8555981 2.9977546
 1.8525449 2.9981592
 1.8511248 3.0011227
 1.8525449 3.0024443
 1.8559132 3.0012078
 1.8592814 3.0019240
 1.8599105 3.0011227
 1.8592814 2.9979818
 1.8568250 2.9977546
 1.8592814 2.9975646
 1.8600993 2.9943862
 1.8593458 2.9910181
 1.8592814 2.9909613
 1.8591886 2.9910181
 0.9999999E-11     5
 1.6479959 3.0078592
 1.6504492 3.0100844
 1.6509854 3.0078592
 1.6504492 3.0068581
 1.6479959 3.0078592
 0.9999999E-11    33
 1.8172779 3.0078592
 1.8183550 3.0112276
 1.8188623 3.0116563
 1.8206439 3.0145957
 1.8212023 3.0179641
 1.8222306 3.0203516
 1.8231094 3.0213323
 1.8248376 3.0247006
 1.8255988 3.0253420
 1.8282226 3.0280688
 1.8287146 3.0314372
 1.8285094 3.0348055
 1.8285571 3.0381737
 1.8289671 3.0391207
 1.8323354 3.0414863
 1.8348711 3.0381737
 1.8352091 3.0348055
 1.8350184 3.0314372
 1.8355987 3.0280688
 1.8357036 3.0276816
 1.8369132 3.0247006
 1.8362188 3.0213323
 1.8357036 3.0207779
 1.8323354 3.0189836
 1.8309586 3.0179641
 1.8295828 3.0145957
 1.8289671 3.0129058
 1.8283919 3.0112276
 1.8270613 3.0078592
 1.8255988 3.0057833
 1.8222306 3.0063365
 1.8188623 3.0063741
 1.8172779 3.0078592
 0.9999999E-11     7
 1.6546350 3.0213323
 1.6549162 3.0247006
 1.6571857 3.0259030
 1.6581688 3.0247006
 1.6577170 3.0213323
 1.6571857 3.0203533
 1.6546350 3.0213323
 0.9999999E-11     7
 1.8856142 3.0213323
 1.8857008 3.0247006
 1.8862276 3.0250533
 1.8867098 3.0247006
 1.8866379 3.0213323
 1.8862276 3.0209301
 1.8856142 3.0213323
 0.9999999E-11     7
 1.9057485 3.0280688
 1.9045637 3.0314372
 1.9064372 3.0330107
 1.9084377 3.0314372
 1.9071429 3.0280688
 1.9064372 3.0275877
 1.9057485 3.0280688
 0.9999999E-11     7
 1.6605228 3.0314372
 1.6605539 3.0315061
 1.6639222 3.0338085
 1.6649922 3.0314372
 1.6639222 3.0294244
 1.6605539 3.0312891
 1.6605228 3.0314372
 0.9999999E-11    11
 1.8455315 3.0348055
 1.8424401 3.0378082
 1.8423150 3.0381737
 1.8424401 3.0385189
 1.8451458 3.0415421
 1.8458084 3.0419028
 1.8466221 3.0415421
 1.8486449 3.0381737
 1.8460109 3.0348055
 1.8458084 3.0347092
 1.8455315 3.0348055
 0.9999999E-11     5
 1.6696552 3.0381737
 1.6706587 3.0386031
 1.6707499 3.0381737
 1.6706587 3.0380352
 1.6696552 3.0381737
 0.9999999E-11     7
 1.6739485 3.0449102
 1.6740270 3.0450377
 1.6773952 3.0476532
 1.6779128 3.0449102
 1.6773952 3.0442996
 1.6740270 3.0448358
 1.6739485 3.0449102
 0.9999999E-11     5
 2.0537915 3.0449102
 2.0546408 3.0474875
 2.0557711 3.0449102
 2.0546408 3.0431342
 2.0537915 3.0449102
 0.9999999E-11     5
 1.6839539 3.0516467
 1.6841317 3.0520895
 1.6841629 3.0516467
 1.6841317 3.0516210
 1.6839539 3.0516467
 0.9999999E-11     5
 1.7911917 3.0684881
 1.7919161 3.0691524
 1.7923722 3.0684881
 1.7919161 3.0676286
 1.7911917 3.0684881
 0.9999999E-11     5
 1.9322906 3.0684881
 1.9333832 3.0696540
 1.9347868 3.0684881
 1.9333832 3.0667775
 1.9322906 3.0684881
 0.9999999E-11     5
 2.0607817 3.0752246
 2.0613773 3.0773644
 2.0621760 3.0752246
 2.0613773 3.0739062
 2.0607817 3.0752246
 0.9999999E-11     5
 2.1346982 3.0752246
 2.1354790 3.0775740
 2.1367671 3.0752246
 2.1354790 3.0740964
 2.1346982 3.0752246
 0.9999999E-11     5
 1.7512354 3.0819612
 1.7514970 3.0831890
 1.7516412 3.0819612
 1.7514970 3.0818164
 1.7512354 3.0819612
 0.9999999E-11     5
 2.0609734 3.0819612
 2.0613773 3.0835991
 2.0619226 3.0819612
 2.0613773 3.0802314
 2.0609734 3.0819612
 0.9999999E-11     5
 2.0679781 3.0988023
 2.0681138 3.0989347
 2.0682886 3.0988023
 2.0681138 3.0983484
 2.0679781 3.0988023
 0.9999999E-11     5
 2.1415987 3.0988023
 2.1422155 3.1010385
 2.1432974 3.0988023
 2.1422155 3.0968015
 2.1415987 3.0988023
 0.9999999E-11     5
 2.1416819 3.1055388
 2.1422155 3.1063929
 2.1432312 3.1055388
 2.1422155 3.1033373
 2.1416819 3.1055388
 0.9999999E-11     5
 2.1817913 3.1122756
 2.1826348 3.1142468
 2.1841180 3.1122756
 2.1826348 3.1113532
 2.1817913 3.1122756
 0.9999999E-11     7
 1.8245575 3.1190121
 1.8252132 3.1223803
 1.8255988 3.1226182
 1.8259581 3.1223803
 1.8262043 3.1190121
 1.8255988 3.1183970
 1.8245575 3.1190121
 0.9999999E-11     7
 2.1477711 3.1190121
 2.1484230 3.1223803
 2.1489520 3.1228037
 2.1501951 3.1223803
 2.1507986 3.1190121
 2.1489520 3.1169121
 2.1477711 3.1190121
 0.9999999E-11     7
 2.1887386 3.1190121
 2.1892791 3.1223803
 2.1893713 3.1224575
 2.1896262 3.1223803
 2.1903775 3.1190121
 2.1893713 3.1184945
 2.1887386 3.1190121
 0.9999999E-11     7
 1.8855399 3.1257486
 1.8849213 3.1291168
 1.8862276 3.1303320
 1.8876802 3.1291168
 1.8888987 3.1257486
 1.8862276 3.1244595
 1.8855399 3.1257486
 0.9999999E-11     7
 2.1552193 3.1257486
 2.1546609 3.1291168
 2.1556888 3.1302831
 2.1573503 3.1291168
 2.1561434 3.1257486
 2.1556888 3.1254904
 2.1552193 3.1257486
 0.9999999E-11     5
 1.9600399 3.1291168
 1.9603294 3.1293426
 1.9606130 3.1291168
 1.9603294 3.1278892
 1.9600399 3.1291168
 0.9999999E-11     5
 1.8975971 3.1358533
 1.8997006 3.1379919
 1.9017137 3.1358533
 1.8997006 3.1325886
 1.8975971 3.1358533
 0.9999999E-11     5
 1.9052060 3.1425898
 1.9064372 3.1438239
 1.9072801 3.1425898
 1.9064372 3.1416655
 1.9052060 3.1425898
 0.9999999E-11     5
 1.8450394 3.1493263
 1.8458084 3.1508741
 1.8462746 3.1493263
 1.8458084 3.1488271
 1.8450394 3.1493263
 0.9999999E-11     5
 2.1622326 3.1493263
 2.1624253 3.1499772
 2.1627357 3.1493263
 2.1624253 3.1491001
 2.1622326 3.1493263
 0.9999999E-11     5
 1.8719922 3.1661677
 1.8727545 3.1669705
 1.8734453 3.1661677
 1.8727545 3.1649559
 1.8719922 3.1661677
 0.9999999E-11     5
 1.8993199 3.1661677
 1.8997006 3.1664891
 1.9000437 3.1661677
 1.8997006 3.1651590
 1.8993199 3.1661677
 0.9999999E-11     5
 2.3506229 3.1729043
 2.3510480 3.1736808
 2.3529215 3.1729043
 2.3510480 3.1723025
 2.3506229 3.1729043
 0.9999999E-11     5
 1.9804571 3.1863773
 1.9805390 3.1866109
 1.9806029 3.1863773
 1.9805390 3.1863003
 1.9804571 3.1863773
 0.9999999E-11     7
 1.9935344 3.1998503
 1.9920832 3.2032187
 1.9940120 3.2051923
 1.9963489 3.2032187
 1.9943167 3.1998503
 1.9940120 3.1996348
 1.9935344 3.1998503
 0.9999999E-11     5
 2.0330853 3.2032187
 2.0344312 3.2048438
 2.0361447 3.2032187
 2.0344312 3.2007220
 2.0330853 3.2032187
 0.9999999E-11     5
 1.7574949 3.2099552
 1.7582335 3.2121739
 1.7587012 3.2099552
 1.7582335 3.2094142
 1.7574949 3.2099552
 0.9999999E-11     7
 1.9519048 3.2099552
 1.9534605 3.2133234
 1.9535928 3.2134273
 1.9539717 3.2133234
 1.9554830 3.2099552
 1.9535928 3.2082160
 1.9519048 3.2099552
 0.9999999E-11     5
 1.9994379 3.2099552
 2.0007486 3.2117574
 2.0019004 3.2099552
 2.0007486 3.2085860
 1.9994379 3.2099552
 0.9999999E-11     5
 1.6637204 3.2166917
 1.6639222 3.2172394
 1.6640247 3.2166917
 1.6639222 3.2165747
 1.6637204 3.2166917
 0.9999999E-11     5
 1.7576898 3.2166917
 1.7582335 3.2187572
 1.7585536 3.2166917
 1.7582335 3.2149529
 1.7576898 3.2166917
 0.9999999E-11     7
 1.9581407 3.2166917
 1.9596210 3.2200599
 1.9603294 3.2204802
 1.9616296 3.2200599
 1.9622220 3.2166917
 1.9603294 3.2153208
 1.9581407 3.2166917
 0.9999999E-11    27
 1.9666494 3.2234282
 1.9664497 3.2267964
 1.9670659 3.2281082
 1.9684657 3.2301648
 1.9701141 3.2335329
 1.9704342 3.2339861
 1.9738024 3.2367659
 1.9768173 3.2369013
 1.9771707 3.2372043
 1.9775722 3.2402694
 1.9799358 3.2436378
 1.9803525 3.2470059
 1.9805390 3.2472820
 1.9807723 3.2470059
 1.9811150 3.2436378
 1.9822439 3.2402694
 1.9805390 3.2374017
 1.9774106 3.2369013
 1.9774531 3.2335329
 1.9771707 3.2314086
 1.9769914 3.2301648
 1.9761833 3.2267964
 1.9751303 3.2234282
 1.9738024 3.2222557
 1.9704342 3.2231750
 1.9670659 3.2230582
 1.9666494 3.2234282
 0.9999999E-11     9
 1.7642822 3.2335329
 1.7647538 3.2369013
 1.7626905 3.2402694
 1.7649701 3.2425106
 1.7663670 3.2402694
 1.7651072 3.2369013
 1.7653744 3.2335329
 1.7649701 3.2327559
 1.7642822 3.2335329
 0.9999999E-11     5
 1.8924367 3.2335329
 1.8929641 3.2341275
 1.8934823 3.2335329
 1.8929641 3.2326810
 1.8924367 3.2335329
 0.9999999E-11     5
 1.9454508 3.2402694
 1.9468563 3.2418804
 1.9481930 3.2402694
 1.9468563 3.2380574
 1.9454508 3.2402694
 0.9999999E-11     5
 2.0319002 3.2402694
 2.0344312 3.2418964
 2.0364273 3.2402694
 2.0344312 3.2369473
 2.0319002 3.2402694
 0.9999999E-11    11
 1.7696265 3.2470059
 1.7701635 3.2503743
 1.7698523 3.2537425
 1.7706627 3.2571108
 1.7717066 3.2578321
 1.7730336 3.2571108
 1.7731550 3.2537425
 1.7728128 3.2503743
 1.7728328 3.2470059
 1.7717066 3.2458739
 1.7696265 3.2470059
 0.9999999E-11     5
 1.8783261 3.2470059
 1.8794911 3.2494566
 1.8803455 3.2470059
 1.8794911 3.2458892
 1.8783261 3.2470059
 0.9999999E-11     5
 2.0389214 3.2470059
 2.0411677 3.2502506
 2.0433953 3.2470059
 2.0411677 3.2445107
 2.0389214 3.2470059
 0.9999999E-11     7
 1.8856448 3.2537425
 1.8857204 3.2571108
 1.8862276 3.2575140
 1.8869815 3.2571108
 1.8865966 3.2537425
 1.8862276 3.2535005
 1.8856448 3.2537425
 0.9999999E-11     7
 1.7766706 3.2604790
 1.7759720 3.2638474
 1.7784431 3.2662687
 1.7803752 3.2638474
 1.7791820 3.2604790
 1.7784431 3.2598536
 1.7766706 3.2604790
 0.9999999E-11    15
 1.8911139 3.2604790
 1.8908511 3.2638474
 1.8929641 3.2658608
 1.8963324 3.2661743
 1.8979692 3.2672155
 1.8976762 3.2705839
 1.8997006 3.2729130
 1.9015813 3.2705839
 1.8999197 3.2672155
 1.8997006 3.2667012
 1.8972611 3.2638474
 1.8963324 3.2629666
 1.8946661 3.2604790
 1.8929641 3.2596860
 1.8911139 3.2604790
 0.9999999E-11     7
 1.9597334 3.2604790
 1.9591463 3.2638474
 1.9603294 3.2657382
 1.9636123 3.2638474
 1.9617442 3.2604790
 1.9603294 3.2600703
 1.9597334 3.2604790
 0.9999999E-11     5
 1.9930242 3.2638474
 1.9940120 3.2646689
 1.9953016 3.2638474
 1.9940120 3.2610080
 1.9930242 3.2638474
 0.9999999E-11     9
 1.7509909 3.2672155
 1.7481288 3.2700703
 1.7479177 3.2705839
 1.7481288 3.2709539
 1.7514970 3.2735031
 1.7547064 3.2705839
 1.7519637 3.2672155
 1.7514970 3.2670524
 1.7509909 3.2672155
 0.9999999E-11    23
 1.9707240 3.2672155
 1.9704342 3.2675471
 1.9691836 3.2705839
 1.9679248 3.2739522
 1.9677980 3.2773204
 1.9704342 3.2788332
 1.9738024 3.2804954
 1.9756377 3.2806888
 1.9771619 3.2840569
 1.9771707 3.2840834
 1.9784229 3.2874253
 1.9805390 3.2887645
 1.9826974 3.2874253
 1.9834552 3.2840569
 1.9805390 3.2807691
 1.9789609 3.2806888
 1.9773347 3.2773204
 1.9771707 3.2756658
 1.9770329 3.2739522
 1.9769449 3.2705839
 1.9751244 3.2672155
 1.9738024 3.2662523
 1.9707240 3.2672155
 0.9999999E-11     9
 1.5609323 3.2705839
 1.5624944 3.2739522
 1.5606393 3.2773204
 1.5628743 3.2798030
 1.5637056 3.2773204
 1.5630226 3.2739522
 1.5636957 3.2705839
 1.5628743 3.2693827
 1.5609323 3.2705839
 0.9999999E-11     5
 1.9995242 3.2705839
 2.0007486 3.2718689
 2.0022547 3.2705839
 2.0007486 3.2684624
 1.9995242 3.2705839
 0.9999999E-11     5
 2.2148311 3.2705839
 2.2163174 3.2727730
 2.2190421 3.2705839
 2.2163174 3.2678342
 2.2148311 3.2705839
 0.9999999E-11     5
 1.7087873 3.2773204
 1.7110778 3.2804511
 1.7127699 3.2773204
 1.7110778 3.2758424
 1.7087873 3.2773204
 0.9999999E-11     5
 1.7835741 3.2773204
 1.7851796 3.2791867
 1.7866633 3.2773204
 1.7851796 3.2745690
 1.7835741 3.2773204
 0.9999999E-11     7
 1.9035107 3.2773204
 1.9060941 3.2806888
 1.9064372 3.2808607
 1.9070231 3.2806888
 1.9084086 3.2773204
 1.9064372 3.2752693
 1.9035107 3.2773204
 0.9999999E-11    11
 1.5674421 3.2840569
 1.5667471 3.2874253
 1.5674174 3.2907934
 1.5674775 3.2941618
 1.5696108 3.2956393
 1.5708151 3.2941618
 1.5705221 3.2907934
 1.5707766 3.2874253
 1.5703179 3.2840569
 1.5696108 3.2834013
 1.5674421 3.2840569
 0.9999999E-11     7
 1.9108469 3.2840569
 1.9119439 3.2874253
 1.9131737 3.2882645
 1.9157239 3.2874253
 1.9156522 3.2840569
 1.9131737 3.2825944
 1.9108469 3.2840569
 0.9999999E-11    19
 1.9249582 3.2840569
 1.9232785 3.2866976
 1.9225132 3.2874253
 1.9199102 3.2902753
 1.9195399 3.2907934
 1.9199102 3.2938201
 1.9232785 3.2934170
 1.9237200 3.2941618
 1.9266467 3.2958856
 1.9300150 3.2953844
 1.9333832 3.2955151
 1.9347452 3.2941618
 1.9336020 3.2907934
 1.9333832 3.2906442
 1.9300150 3.2895448
 1.9285505 3.2874253
 1.9276369 3.2840569
 1.9266467 3.2832434
 1.9249582 3.2840569
 0.9999999E-11     5
 2.2226639 3.2840569
 2.2230539 3.2854238
 2.2236645 3.2840569
 2.2230539 3.2831066
 2.2226639 3.2840569
 0.9999999E-11     9
 1.5732217 3.3008983
 1.5747809 3.3042665
 1.5737410 3.3076348
 1.5763474 3.3104513
 1.5785184 3.3076348
 1.5774219 3.3042665
 1.5775841 3.3008983
 1.5763474 3.2991548
 1.5732217 3.3008983
 0.9999999E-11     5
 1.9376432 3.3008983
 1.9401197 3.3032520
 1.9424435 3.3008983
 1.9401197 3.2977207
 1.9376432 3.3008983
 0.9999999E-11    19
 1.9460850 3.3042665
 1.9434880 3.3057411
 1.9431983 3.3076348
 1.9434880 3.3082666
 1.9452361 3.3110030
 1.9468563 3.3119919
 1.9502245 3.3141658
 1.9502790 3.3143713
 1.9520038 3.3177395
 1.9535928 3.3196738
 1.9551626 3.3177395
 1.9556020 3.3143713
 1.9535928 3.3119323
 1.9515697 3.3110030
 1.9507605 3.3076348
 1.9502245 3.3069832
 1.9470323 3.3042665
 1.9468563 3.3042107
 1.9460850 3.3042665
 0.9999999E-11     7
 1.5798737 3.3143713
 1.5821384 3.3177395
 1.5830839 3.3182244
 1.5846518 3.3177395
 1.5862309 3.3143713
 1.5830839 3.3120759
 1.5798737 3.3143713
 0.9999999E-11     5
 1.9601982 3.3312125
 1.9603294 3.3313205
 1.9604591 3.3312125
 1.9603294 3.3304839
 1.9601982 3.3312125
 0.9999999E-11     5
 1.7308769 3.3446856
 1.7312875 3.3460007
 1.7315338 3.3446856
 1.7312875 3.3444211
 1.7308769 3.3446856
 0.9999999E-11     5
 1.7310965 3.3514223
 1.7312875 3.3525238
 1.7314144 3.3514223
 1.7312875 3.3507173
 1.7310965 3.3514223
 0.9999999E-11     5
 1.9936405 3.3514223
 1.9940120 3.3524797
 1.9943292 3.3514223
 1.9940120 3.3511479
 1.9936405 3.3514223
 0.9999999E-11     5
 1.7374399 3.3682635
 1.7380240 3.3698068
 1.7384323 3.3682635
 1.7380240 3.3675675
 1.7374399 3.3682635
 0.9999999E-11     9
 2.0545325 3.3716319
 2.0522087 3.3750000
 2.0543592 3.3783684
 2.0546408 3.3786008
 2.0554109 3.3783684
 2.0572891 3.3750000
 2.0547330 3.3716319
 2.0546408 3.3715558
 2.0545325 3.3716319
 0.9999999E-11     5
 1.7374070 3.3750000
 1.7380240 3.3757231
 1.7385569 3.3750000
 1.7380240 3.3733912
 1.7374070 3.3750000
 0.9999999E-11     5
 1.9328239 3.3750000
 1.9333832 3.3757203
 1.9338877 3.3750000
 1.9333832 3.3739278
 1.9328239 3.3750000
 0.9999999E-11     5
 1.7445095 3.3817365
 1.7447605 3.3835340
 1.7449046 3.3817365
 1.7447605 3.3815727
 1.7445095 3.3817365
 0.9999999E-11     7
 1.9385986 3.3817365
 1.9399722 3.3851049
 1.9401197 3.3852201
 1.9403089 3.3851049
 1.9413645 3.3817365
 1.9401197 3.3806493
 1.9385986 3.3817365
 0.9999999E-11    15
 2.0595942 3.3817365
 2.0600619 3.3851049
 2.0595884 3.3884730
 2.0595570 3.3918414
 2.0592179 3.3952096
 2.0591357 3.3985779
 2.0613773 3.4015019
 2.0645196 3.3985779
 2.0641167 3.3952096
 2.0635819 3.3918414
 2.0632417 3.3884730
 2.0624354 3.3851049
 2.0624013 3.3817365
 2.0613773 3.3806722
 2.0595942 3.3817365
 0.9999999E-11     5
 1.7446328 3.3884730
 1.7447605 3.3903861
 1.7449200 3.3884730
 1.7447605 3.3871830
 1.7446328 3.3884730
 0.9999999E-11     5
 1.7499747 3.3985779
 1.7514970 3.4003713
 1.7528185 3.3985779
 1.7514970 3.3953350
 1.7499747 3.3985779
 0.9999999E-11     5
 1.7580675 3.4053144
 1.7582335 3.4060583
 1.7583061 3.4053144
 1.7582335 3.4052365
 1.7580675 3.4053144
 0.9999999E-11     5
 1.9534861 3.4053144
 1.9535928 3.4054270
 1.9536968 3.4053144
 1.9535928 3.4051092
 1.9534861 3.4053144
 0.9999999E-11     5
 1.7566553 3.4120510
 1.7582335 3.4147289
 1.7598410 3.4120510
 1.7582335 3.4091763
 1.7566553 3.4120510
 0.9999999E-11     7
 1.7625247 3.4187875
 1.7638203 3.4221556
 1.7649701 3.4228454
 1.7659552 3.4221556
 1.7666850 3.4187875
 1.7649701 3.4169245
 1.7625247 3.4187875
 0.9999999E-11     5
 1.9786246 3.4356289
 1.9805390 3.4374588
 1.9824790 3.4356289
 1.9805390 3.4323456
 1.9786246 3.4356289
 0.9999999E-11     5
 1.7909080 3.4423654
 1.7919161 3.4435956
 1.7926648 3.4423654
 1.7919161 3.4414055
 1.7909080 3.4423654
 0.9999999E-11     5
 1.9130933 3.4659431
 1.9131737 3.4660373
 1.9132718 3.4659431
 1.9131737 3.4657795
 1.9130933 3.4659431
 0.9999999E-11     5
 1.9182744 3.4726796
 1.9199102 3.4758155
 1.9216009 3.4726796
 1.9199102 3.4710448
 1.9182744 3.4726796
 0.9999999E-11    29
 1.9227766 3.4794161
 1.9232785 3.4819214
 1.9234285 3.4827845
 1.9244128 3.4861526
 1.9255501 3.4895210
 1.9266467 3.4903932
 1.9300150 3.4924743
 1.9301968 3.4928892
 1.9313979 3.4962575
 1.9333832 3.4980917
 1.9367515 3.4986751
 1.9372052 3.4996257
 1.9378033 3.5029941
 1.9401197 3.5058105
 1.9431655 3.5029941
 1.9417498 3.4996257
 1.9401197 3.4980326
 1.9376347 3.4962575
 1.9368303 3.4928892
 1.9367515 3.4927306
 1.9351755 3.4895210
 1.9342428 3.4861526
 1.9333832 3.4854896
 1.9300150 3.4828477
 1.9299823 3.4827845
 1.9287124 3.4794161
 1.9266467 3.4774468
 1.9232785 3.4783792
 1.9227766 3.4794161
 0.9999999E-11     5
 1.9063396 3.4962575
 1.9064372 3.4963779
 1.9065481 3.4962575
 1.9064372 3.4958513
 1.9063396 3.4962575
 0.9999999E-11    11
 1.8842332 3.5097306
 1.8852930 3.5130990
 1.8842030 3.5164671
 1.8860188 3.5198355
 1.8862276 3.5199592
 1.8866198 3.5198355
 1.8881310 3.5164671
 1.8865896 3.5130990
 1.8868934 3.5097306
 1.8862276 3.5090075
 1.8842332 3.5097306
 0.9999999E-11     5
 1.9465736 3.5097306
 1.9468563 3.5100820
 1.9470108 3.5097306
 1.9468563 3.5095239
 1.9465736 3.5097306
 0.9999999E-11     5
 1.8320574 3.5164671
 1.8323354 3.5171981
 1.8325536 3.5164671
 1.8323354 3.5162036
 1.8320574 3.5164671
 0.9999999E-11     5
 1.9188753 3.5164671
 1.9199102 3.5196142
 1.9207728 3.5164671
 1.9199102 3.5156386
 1.9188753 3.5164671
 0.9999999E-11     7
 1.8385653 3.5232036
 1.8382550 3.5265720
 1.8390719 3.5272989
 1.8400110 3.5265720
 1.8394240 3.5232036
 1.8390719 3.5229533
 1.8385653 3.5232036
 0.9999999E-11     7
 1.9265215 3.5232036
 1.9260997 3.5265720
 1.9266467 3.5270648
 1.9271733 3.5265720
 1.9267173 3.5232036
 1.9266467 3.5231538
 1.9265215 3.5232036
 0.9999999E-11     7
 1.8574283 3.5299401
 1.8560728 3.5333085
 1.8592814 3.5363350
 1.8620476 3.5333085
 1.8608001 3.5299401
 1.8592814 3.5290368
 1.8574283 3.5299401
 0.9999999E-11     5
 1.6637933 3.5333085
 1.6639222 3.5335107
 1.6640366 3.5333085
 1.6639222 3.5330806
 1.6637933 3.5333085
 0.9999999E-11     5
 1.8457887 3.5333085
 1.8458084 3.5333278
 1.8458273 3.5333085
 1.8458084 3.5332739
 1.8457887 3.5333085
 0.9999999E-11     5
 1.8994823 3.5333085
 1.8997006 3.5335424
 1.8999337 3.5333085
 1.8997006 3.5328224
 1.8994823 3.5333085
 0.9999999E-11     5
 1.8524864 3.5400450
 1.8525449 3.5401440
 1.8526396 3.5400450
 1.8525449 3.5399542
 1.8524864 3.5400450
 0.9999999E-11     5
 1.9654905 3.5400450
 1.9670659 3.5414071
 1.9682926 3.5400450
 1.9670659 3.5388198
 1.9654905 3.5400450
 0.9999999E-11     5
 1.6694692 3.5467815
 1.6706587 3.5492537
 1.6715449 3.5467815
 1.6706587 3.5455265
 1.6694692 3.5467815
 0.9999999E-11     5
 1.9718180 3.5467815
 1.9738024 3.5497706
 1.9752896 3.5467815
 1.9738024 3.5449674
 1.9718180 3.5467815
 0.9999999E-11     7
 1.9792151 3.5535181
 1.9799199 3.5568862
 1.9805390 3.5572419
 1.9811654 3.5568862
 1.9817009 3.5535181
 1.9805390 3.5526421
 1.9792151 3.5535181
 0.9999999E-11     5
 1.8719871 3.5636227
 1.8727545 3.5641644
 1.8734336 3.5636227
 1.8727545 3.5614879
 1.8719871 3.5636227
 0.9999999E-11     7
 1.6634127 3.5669911
 1.6618603 3.5703592
 1.6639222 3.5727897
 1.6660061 3.5703592
 1.6641986 3.5669911
 1.6639222 3.5665364
 1.6634127 3.5669911
 0.9999999E-11     5
 1.6823035 3.5703592
 1.6841317 3.5724928
 1.6860012 3.5703592
 1.6841317 3.5676193
 1.6823035 3.5703592
 0.9999999E-11     7
 1.6682469 3.5770957
 1.6698945 3.5804641
 1.6706587 3.5811696
 1.6716892 3.5804641
 1.6724104 3.5770957
 1.6706587 3.5753222
 1.6682469 3.5770957
 0.9999999E-11     7
 1.6887518 3.5770957
 1.6907250 3.5804641
 1.6908683 3.5805640
 1.6911285 3.5804641
 1.6924242 3.5770957
 1.6908683 3.5755033
 1.6887518 3.5770957
 0.9999999E-11     7
 1.6954637 3.5838323
 1.6963563 3.5872006
 1.6976048 3.5882170
 1.6989229 3.5872006
 1.6989213 3.5838323
 1.6976048 3.5827572
 1.6954637 3.5838323
 0.9999999E-11     7
 1.6838859 3.5973055
 1.6829767 3.6006737
 1.6841317 3.6019669
 1.6864902 3.6006737
 1.6843957 3.5973055
 1.6841317 3.5970473
 1.6838859 3.5973055
 0.9999999E-11     5
 1.6908482 3.6074102
 1.6908683 3.6074362
 1.6909407 3.6074102
 1.6908683 3.6073654
 1.6908482 3.6074102
 0.9999999E-11     5
 1.6975645 3.6074102
 1.6976048 3.6074612
 1.6976118 3.6074102
 1.6976048 3.6074023
 1.6975645 3.6074102
 0.9999999E-11     5
 1.8996155 3.6074102
 1.8997006 3.6075306
 1.8998014 3.6074102
 1.8997006 3.6072586
 1.8996155 3.6074102
 0.9999999E-11    21
 1.9052614 3.6141467
 1.9055281 3.6175151
 1.9053522 3.6208832
 1.9058229 3.6242516
 1.9064372 3.6247959
 1.9092631 3.6276197
 1.9098054 3.6291411
 1.9102293 3.6309881
 1.9131737 3.6336257
 1.9165419 3.6337552
 1.9174399 3.6309881
 1.9169446 3.6276197
 1.9165419 3.6266072
 1.9149022 3.6242516
 1.9135906 3.6208832
 1.9131737 3.6205711
 1.9098054 3.6199679
 1.9079543 3.6175151
 1.9074283 3.6141467
 1.9064372 3.6132450
 1.9052614 3.6141467
 0.9999999E-11     5
 1.8184364 3.6377246
 1.8188623 3.6382303
 1.8193510 3.6377246
 1.8188623 3.6371355
 1.8184364 3.6377246
 0.9999999E-11     5
 1.9181757 3.6377246
 1.9199102 3.6395583
 1.9219227 3.6377246
 1.9199102 3.6343999
 1.9181757 3.6377246
 0.9999999E-11     5
 1.8251184 3.6444612
 1.8255988 3.6451547
 1.8259947 3.6444612
 1.8255988 3.6440635
 1.8251184 3.6444612
 0.9999999E-11     5
 1.8851554 3.6444612
 1.8862276 3.6460931
 1.8872154 3.6444612
 1.8862276 3.6431344
 1.8851554 3.6444612
 0.9999999E-11     5
 1.8921543 3.6511977
 1.8929641 3.6541820
 1.8935997 3.6511977
 1.8929641 3.6506801
 1.8921543 3.6511977
 0.9999999E-11     5
 1.9125458 3.6815121
 1.9131737 3.6828442
 1.9138294 3.6815121
 1.9131737 3.6808119
 1.9125458 3.6815121
 0.9999999E-11     7
 1.8981602 3.6882486
 1.8988267 3.6916168
 1.8997006 3.6922131
 1.9008478 3.6916168
 1.9009920 3.6882486
 1.8997006 3.6870656
 1.8981602 3.6882486
 0.9999999E-11     5
 1.9197918 3.6882486
 1.9199102 3.6903558
 1.9200144 3.6882486
 1.9199102 3.6881697
 1.9197918 3.6882486
 0.9999999E-11     7
 1.9258999 3.6949852
 1.9254059 3.6983533
 1.9266467 3.6993651
 1.9283715 3.6983533
 1.9272448 3.6949852
 1.9266467 3.6945615
 1.9258999 3.6949852
 0.9999999E-11     5
 1.9059832 3.6983533
 1.9064372 3.6987858
 1.9070047 3.6983533
 1.9064372 3.6966860
 1.9059832 3.6983533
 0.9999999E-11     5
 1.9125137 3.7050898
 1.9131737 3.7058761
 1.9138373 3.7050898
 1.9131737 3.7043283
 1.9125137 3.7050898
 0.9999999E-11     5
 1.9327720 3.7050898
 1.9333832 3.7057207
 1.9341499 3.7050898
 1.9333832 3.7038078
 1.9327720 3.7050898
 0.9999999E-11     5
 1.9193788 3.7118263
 1.9199102 3.7126129
 1.9202816 3.7118263
 1.9199102 3.7114596
 1.9193788 3.7118263
 0.9999999E-11     5
 1.9397248 3.7354043
 1.9401197 3.7357199
 1.9404041 3.7354043
 1.9401197 3.7347658
 1.9397248 3.7354043
 0.9999999E-10    55
 1.6231924 2.6440868
 1.6226810 2.6474552
 1.6213987 2.6508234
 1.6212662 2.6541917
 1.6218629 2.6575599
 1.6219946 2.6609282
 1.6235030 2.6625626
 1.6268712 2.6642132
 1.6271660 2.6642964
 1.6284654 2.6676648
 1.6302395 2.6698010
 1.6311767 2.6710329
 1.6335199 2.6744013
 1.6336077 2.6744964
 1.6369761 2.6772835
 1.6373285 2.6777694
 1.6382312 2.6811378
 1.6403444 2.6838431
 1.6416415 2.6845059
 1.6437126 2.6866198
 1.6443335 2.6878743
 1.6470809 2.6906242
 1.6491592 2.6912425
 1.6504492 2.6919701
 1.6524409 2.6946108
 1.6538174 2.6963646
 1.6571857 2.6974881
 1.6598405 2.6946108
 1.6598638 2.6912425
 1.6589270 2.6878743
 1.6585611 2.6845059
 1.6578704 2.6811378
 1.6576090 2.6777694
 1.6571857 2.6767774
 1.6563342 2.6744013
 1.6546236 2.6710329
 1.6538174 2.6701748
 1.6527386 2.6676648
 1.6504492 2.6652622
 1.6495003 2.6642964
 1.6475219 2.6609282
 1.6470809 2.6605489
 1.6437126 2.6581829
 1.6426791 2.6575599
 1.6405953 2.6541917
 1.6403444 2.6538067
 1.6369761 2.6508257
 1.6369723 2.6508234
 1.6336077 2.6476016
 1.6335518 2.6474552
 1.6334234 2.6440868
 1.6302395 2.6423275
 1.6268712 2.6423314
 1.6235030 2.6437762
 1.6231924 2.6440868
 0.1000000E-08     9
 1.6267362 2.6541917
 1.6266339 2.6575599
 1.6268712 2.6578605
 1.6302395 2.6590507
 1.6320268 2.6575599
 1.6307161 2.6541917
 1.6302395 2.6533771
 1.6268712 2.6537411
 1.6267362 2.6541917
